draw_id,draw_date,year,month,day,dow,num1,num2,num3,num4,num5,num_sum,even_count,odd_count,consecutive_count,source_file,scrape_timestamp
20140119-01,2014-01-19,2014,1,19,Sun,11,13,20,24,38,106,3,2,1,baseline.csv,20260425_204331
20140119-02,2014-01-19,2014,1,19,Sun,12,17,20,22,35,106,3,2,1,baseline.csv,20260425_204331
20140120-01,2014-01-20,2014,1,20,Mon,3,5,12,18,32,70,3,2,1,baseline.csv,20260425_204331
20140120-02,2014-01-20,2014,1,20,Mon,3,5,12,16,29,65,2,3,1,baseline.csv,20260425_204331
20140121-01,2014-01-21,2014,1,21,Tue,11,14,19,23,30,97,2,3,1,baseline.csv,20260425_204331
20140121-02,2014-01-21,2014,1,21,Tue,20,29,35,36,37,157,2,3,3,baseline.csv,20260425_204331
20140122-01,2014-01-22,2014,1,22,Wed,12,28,29,31,39,139,2,3,2,baseline.csv,20260425_204331
20140122-02,2014-01-22,2014,1,22,Wed,1,3,22,26,36,88,3,2,1,baseline.csv,20260425_204331
20140123-01,2014-01-23,2014,1,23,Thu,9,11,13,19,20,72,1,4,2,baseline.csv,20260425_204331
20140123-02,2014-01-23,2014,1,23,Thu,10,18,21,33,35,117,2,3,1,baseline.csv,20260425_204331
20140124-01,2014-01-24,2014,1,24,Fri,4,12,21,30,34,101,4,1,1,baseline.csv,20260425_204331
20140124-02,2014-01-24,2014,1,24,Fri,4,6,15,17,22,64,3,2,1,baseline.csv,20260425_204331
20140125-01,2014-01-25,2014,1,25,Sat,5,7,20,31,32,95,2,3,2,baseline.csv,20260425_204331
20140125-02,2014-01-25,2014,1,25,Sat,4,24,26,32,37,123,4,1,1,baseline.csv,20260425_204331
20140126-01,2014-01-26,2014,1,26,Sun,14,26,31,35,38,144,3,2,1,baseline.csv,20260425_204331
20140126-02,2014-01-26,2014,1,26,Sun,8,10,15,20,21,74,3,2,2,baseline.csv,20260425_204331
20140127-01,2014-01-27,2014,1,27,Mon,9,21,25,27,38,120,1,4,1,baseline.csv,20260425_204331
20140127-02,2014-01-27,2014,1,27,Mon,4,10,11,14,30,69,4,1,2,baseline.csv,20260425_204331
20140128-01,2014-01-28,2014,1,28,Tue,9,11,27,33,39,119,0,5,1,baseline.csv,20260425_204331
20140128-02,2014-01-28,2014,1,28,Tue,5,6,27,35,39,112,1,4,2,baseline.csv,20260425_204331
20140129-01,2014-01-29,2014,1,29,Wed,5,9,24,26,34,98,3,2,1,baseline.csv,20260425_204331
20140129-02,2014-01-29,2014,1,29,Wed,1,8,18,24,27,78,3,2,1,baseline.csv,20260425_204331
20140130-01,2014-01-30,2014,1,30,Thu,8,11,14,17,24,74,3,2,1,baseline.csv,20260425_204331
20140130-02,2014-01-30,2014,1,30,Thu,12,18,21,27,28,106,3,2,2,baseline.csv,20260425_204331
20140131-01,2014-01-31,2014,1,31,Fri,2,4,5,7,12,30,3,2,2,baseline.csv,20260425_204331
20140131-02,2014-01-31,2014,1,31,Fri,10,17,23,27,29,106,1,4,1,baseline.csv,20260425_204331
20140201-01,2014-02-01,2014,2,1,Sat,4,15,18,24,29,90,3,2,1,baseline.csv,20260425_204331
20140201-02,2014-02-01,2014,2,1,Sat,2,10,15,18,39,84,3,2,1,baseline.csv,20260425_204331
20140202-01,2014-02-02,2014,2,2,Sun,3,12,16,23,33,87,2,3,1,baseline.csv,20260425_204331
20140202-02,2014-02-02,2014,2,2,Sun,8,10,27,28,38,111,4,1,2,baseline.csv,20260425_204331
20140203-01,2014-02-03,2014,2,3,Mon,3,11,14,19,34,81,2,3,1,baseline.csv,20260425_204331
20140203-02,2014-02-03,2014,2,3,Mon,13,16,23,29,35,116,1,4,1,baseline.csv,20260425_204331
20140204-01,2014-02-04,2014,2,4,Tue,13,19,32,33,38,135,2,3,2,baseline.csv,20260425_204331
20140204-02,2014-02-04,2014,2,4,Tue,10,24,25,27,28,114,3,2,2,baseline.csv,20260425_204331
20140205-01,2014-02-05,2014,2,5,Wed,5,12,27,34,35,113,2,3,2,baseline.csv,20260425_204331
20140205-02,2014-02-05,2014,2,5,Wed,13,15,23,26,28,105,2,3,1,baseline.csv,20260425_204331
20140206-01,2014-02-06,2014,2,6,Thu,11,12,24,31,34,112,3,2,2,baseline.csv,20260425_204331
20140206-02,2014-02-06,2014,2,6,Thu,3,12,21,22,32,90,3,2,2,baseline.csv,20260425_204331
20140207-01,2014-02-07,2014,2,7,Fri,1,23,28,30,37,119,2,3,1,baseline.csv,20260425_204331
20140207-02,2014-02-07,2014,2,7,Fri,3,9,20,21,34,87,2,3,2,baseline.csv,20260425_204331
20140208-01,2014-02-08,2014,2,8,Sat,8,11,23,36,39,117,2,3,1,baseline.csv,20260425_204331
20140208-02,2014-02-08,2014,2,8,Sat,2,6,28,30,31,97,4,1,2,baseline.csv,20260425_204331
20140209-01,2014-02-09,2014,2,9,Sun,2,12,24,30,37,105,4,1,1,baseline.csv,20260425_204331
20140209-02,2014-02-09,2014,2,9,Sun,4,12,13,25,27,81,2,3,2,baseline.csv,20260425_204331
20140210-01,2014-02-10,2014,2,10,Mon,14,15,28,34,36,127,4,1,2,baseline.csv,20260425_204331
20140210-02,2014-02-10,2014,2,10,Mon,4,6,14,25,30,79,4,1,1,baseline.csv,20260425_204331
20140211-01,2014-02-11,2014,2,11,Tue,4,8,13,22,36,83,4,1,1,baseline.csv,20260425_204331
20140211-02,2014-02-11,2014,2,11,Tue,1,4,7,8,9,29,2,3,3,baseline.csv,20260425_204331
20140212-01,2014-02-12,2014,2,12,Wed,11,15,22,25,37,110,1,4,1,baseline.csv,20260425_204331
20140212-02,2014-02-12,2014,2,12,Wed,3,5,6,8,13,35,2,3,2,baseline.csv,20260425_204331
20140213-01,2014-02-13,2014,2,13,Thu,2,24,28,32,35,121,4,1,1,baseline.csv,20260425_204331
20140213-02,2014-02-13,2014,2,13,Thu,6,12,18,30,39,105,4,1,1,baseline.csv,20260425_204331
20140214-01,2014-02-14,2014,2,14,Fri,10,20,24,32,36,122,5,0,1,baseline.csv,20260425_204331
20140214-02,2014-02-14,2014,2,14,Fri,1,2,11,17,19,50,1,4,2,baseline.csv,20260425_204331
20140215-01,2014-02-15,2014,2,15,Sat,3,10,22,23,25,83,2,3,2,baseline.csv,20260425_204331
20140215-02,2014-02-15,2014,2,15,Sat,3,17,34,36,39,129,2,3,1,baseline.csv,20260425_204331
20140216-01,2014-02-16,2014,2,16,Sun,3,4,5,18,39,69,2,3,3,baseline.csv,20260425_204331
20140216-02,2014-02-16,2014,2,16,Sun,4,16,21,29,39,109,2,3,1,baseline.csv,20260425_204331
20140217-01,2014-02-17,2014,2,17,Mon,1,2,7,14,26,50,3,2,2,baseline.csv,20260425_204331
20140217-02,2014-02-17,2014,2,17,Mon,5,9,23,30,31,98,1,4,2,baseline.csv,20260425_204331
20140218-01,2014-02-18,2014,2,18,Tue,9,23,25,29,37,123,0,5,1,baseline.csv,20260425_204331
20140218-02,2014-02-18,2014,2,18,Tue,3,16,29,37,38,123,2,3,2,baseline.csv,20260425_204331
20140219-01,2014-02-19,2014,2,19,Wed,1,2,5,18,36,62,3,2,2,baseline.csv,20260425_204331
20140219-02,2014-02-19,2014,2,19,Wed,3,6,16,17,28,70,3,2,2,baseline.csv,20260425_204331
20140220-01,2014-02-20,2014,2,20,Thu,14,16,21,25,35,111,2,3,1,baseline.csv,20260425_204331
20140220-02,2014-02-20,2014,2,20,Thu,13,19,21,25,36,114,1,4,1,baseline.csv,20260425_204331
20140221-01,2014-02-21,2014,2,21,Fri,9,16,18,25,27,95,2,3,1,baseline.csv,20260425_204331
20140221-02,2014-02-21,2014,2,21,Fri,2,7,14,21,25,69,2,3,1,baseline.csv,20260425_204331
20140222-01,2014-02-22,2014,2,22,Sat,9,13,20,30,36,108,3,2,1,baseline.csv,20260425_204331
20140222-02,2014-02-22,2014,2,22,Sat,18,19,21,24,35,117,2,3,2,baseline.csv,20260425_204331
20140223-01,2014-02-23,2014,2,23,Sun,24,27,31,34,39,155,2,3,1,baseline.csv,20260425_204331
20140223-02,2014-02-23,2014,2,23,Sun,18,26,28,29,31,132,3,2,2,baseline.csv,20260425_204331
20140224-01,2014-02-24,2014,2,24,Mon,3,6,8,13,39,69,2,3,1,baseline.csv,20260425_204331
20140224-02,2014-02-24,2014,2,24,Mon,12,15,19,24,33,103,2,3,1,baseline.csv,20260425_204331
20140225-01,2014-02-25,2014,2,25,Tue,4,8,14,18,20,64,5,0,1,baseline.csv,20260425_204331
20140225-02,2014-02-25,2014,2,25,Tue,5,6,19,27,31,88,1,4,2,baseline.csv,20260425_204331
20140226-01,2014-02-26,2014,2,26,Wed,2,17,36,38,39,132,3,2,2,baseline.csv,20260425_204331
20140226-02,2014-02-26,2014,2,26,Wed,7,17,22,31,38,115,2,3,1,baseline.csv,20260425_204331
20140227-01,2014-02-27,2014,2,27,Thu,7,8,28,30,35,108,3,2,2,baseline.csv,20260425_204331
20140227-02,2014-02-27,2014,2,27,Thu,4,6,17,21,35,83,2,3,1,baseline.csv,20260425_204331
20140228-01,2014-02-28,2014,2,28,Fri,4,14,21,24,30,93,4,1,1,baseline.csv,20260425_204331
20140228-02,2014-02-28,2014,2,28,Fri,3,8,13,24,32,80,3,2,1,baseline.csv,20260425_204331
20140301-01,2014-03-01,2014,3,1,Sat,6,8,25,32,33,104,3,2,2,baseline.csv,20260425_204331
20140301-02,2014-03-01,2014,3,1,Sat,5,7,19,20,35,86,1,4,2,baseline.csv,20260425_204331
20140302-01,2014-03-02,2014,3,2,Sun,5,26,28,32,35,126,3,2,1,baseline.csv,20260425_204331
20140302-02,2014-03-02,2014,3,2,Sun,9,11,21,26,33,100,1,4,1,baseline.csv,20260425_204331
20140303-01,2014-03-03,2014,3,3,Mon,1,2,29,31,33,96,1,4,2,baseline.csv,20260425_204331
20140303-02,2014-03-03,2014,3,3,Mon,3,6,7,19,37,72,1,4,2,baseline.csv,20260425_204331
20140304-01,2014-03-04,2014,3,4,Tue,1,2,10,13,18,44,3,2,2,baseline.csv,20260425_204331
20140304-02,2014-03-04,2014,3,4,Tue,19,23,34,37,39,152,1,4,1,baseline.csv,20260425_204331
20140305-01,2014-03-05,2014,3,5,Wed,2,5,8,27,39,81,2,3,1,baseline.csv,20260425_204331
20140305-02,2014-03-05,2014,3,5,Wed,2,15,29,32,33,111,2,3,2,baseline.csv,20260425_204331
20140306-01,2014-03-06,2014,3,6,Thu,17,22,31,37,38,145,2,3,2,baseline.csv,20260425_204331
20140306-02,2014-03-06,2014,3,6,Thu,4,11,12,16,30,73,4,1,2,baseline.csv,20260425_204331
20140307-01,2014-03-07,2014,3,7,Fri,3,9,16,19,25,72,1,4,1,baseline.csv,20260425_204331
20140307-02,2014-03-07,2014,3,7,Fri,1,7,8,31,32,79,2,3,2,baseline.csv,20260425_204331
20140308-01,2014-03-08,2014,3,8,Sat,1,2,27,36,37,103,2,3,2,baseline.csv,20260425_204331
20140308-02,2014-03-08,2014,3,8,Sat,2,4,8,10,30,54,5,0,1,baseline.csv,20260425_204331
20140309-01,2014-03-09,2014,3,9,Sun,6,13,17,27,29,92,1,4,1,baseline.csv,20260425_204331
20140309-02,2014-03-09,2014,3,9,Sun,4,5,18,28,35,90,3,2,2,baseline.csv,20260425_204331
20140310-01,2014-03-10,2014,3,10,Mon,10,15,28,35,37,125,2,3,1,baseline.csv,20260425_204331
20140310-02,2014-03-10,2014,3,10,Mon,3,4,19,24,34,84,3,2,2,baseline.csv,20260425_204331
20140311-01,2014-03-11,2014,3,11,Tue,1,11,35,37,38,122,1,4,2,baseline.csv,20260425_204331
20140311-02,2014-03-11,2014,3,11,Tue,13,17,27,32,38,127,2,3,1,baseline.csv,20260425_204331
20140312-01,2014-03-12,2014,3,12,Wed,14,28,30,38,39,149,4,1,2,baseline.csv,20260425_204331
20140312-02,2014-03-12,2014,3,12,Wed,11,14,26,36,38,125,4,1,1,baseline.csv,20260425_204331
20140313-01,2014-03-13,2014,3,13,Thu,14,19,23,24,27,107,2,3,2,baseline.csv,20260425_204331
20140313-02,2014-03-13,2014,3,13,Thu,5,14,22,24,30,95,4,1,1,baseline.csv,20260425_204331
20140314-01,2014-03-14,2014,3,14,Fri,2,24,25,30,32,113,4,1,2,baseline.csv,20260425_204331
20140314-02,2014-03-14,2014,3,14,Fri,6,7,31,32,33,109,2,3,3,baseline.csv,20260425_204331
20140315-01,2014-03-15,2014,3,15,Sat,9,12,17,36,38,112,3,2,1,baseline.csv,20260425_204331
20140315-02,2014-03-15,2014,3,15,Sat,5,13,27,36,38,119,2,3,1,baseline.csv,20260425_204331
20140316-01,2014-03-16,2014,3,16,Sun,3,26,27,29,39,124,1,4,2,baseline.csv,20260425_204331
20140316-02,2014-03-16,2014,3,16,Sun,23,25,30,33,35,146,1,4,1,baseline.csv,20260425_204331
20140317-01,2014-03-17,2014,3,17,Mon,10,16,19,20,28,93,4,1,2,baseline.csv,20260425_204331
20140317-02,2014-03-17,2014,3,17,Mon,8,17,20,23,25,93,2,3,1,baseline.csv,20260425_204331
20140318-01,2014-03-18,2014,3,18,Tue,13,17,19,24,39,112,1,4,1,baseline.csv,20260425_204331
20140318-02,2014-03-18,2014,3,18,Tue,9,16,22,28,38,113,4,1,1,baseline.csv,20260425_204331
20140319-01,2014-03-19,2014,3,19,Wed,5,18,21,27,35,106,1,4,1,baseline.csv,20260425_204331
20140319-02,2014-03-19,2014,3,19,Wed,5,11,18,20,34,88,3,2,1,baseline.csv,20260425_204331
20140320-01,2014-03-20,2014,3,20,Thu,4,12,16,30,38,100,5,0,1,baseline.csv,20260425_204331
20140320-02,2014-03-20,2014,3,20,Thu,7,8,26,29,36,106,3,2,2,baseline.csv,20260425_204331
20140321-01,2014-03-21,2014,3,21,Fri,9,14,20,30,35,108,3,2,1,baseline.csv,20260425_204331
20140321-02,2014-03-21,2014,3,21,Fri,18,33,35,38,39,163,2,3,2,baseline.csv,20260425_204331
20140322-01,2014-03-22,2014,3,22,Sat,2,6,31,34,35,108,3,2,2,baseline.csv,20260425_204331
20140322-02,2014-03-22,2014,3,22,Sat,6,16,24,27,32,105,4,1,1,baseline.csv,20260425_204331
20140323-01,2014-03-23,2014,3,23,Sun,5,7,12,16,31,71,2,3,1,baseline.csv,20260425_204331
20140323-02,2014-03-23,2014,3,23,Sun,2,6,29,35,36,108,3,2,2,baseline.csv,20260425_204331
20140324-01,2014-03-24,2014,3,24,Mon,22,26,27,28,33,136,3,2,3,baseline.csv,20260425_204331
20140324-02,2014-03-24,2014,3,24,Mon,6,19,22,35,36,118,3,2,2,baseline.csv,20260425_204331
20140325-01,2014-03-25,2014,3,25,Tue,22,23,26,29,37,137,2,3,2,baseline.csv,20260425_204331
20140325-02,2014-03-25,2014,3,25,Tue,1,9,17,25,28,80,1,4,1,baseline.csv,20260425_204331
20140326-01,2014-03-26,2014,3,26,Wed,9,16,33,35,36,129,2,3,2,baseline.csv,20260425_204331
20140326-02,2014-03-26,2014,3,26,Wed,7,19,22,23,25,96,1,4,2,baseline.csv,20260425_204331
20140327-01,2014-03-27,2014,3,27,Thu,4,6,11,17,22,60,3,2,1,baseline.csv,20260425_204331
20140327-02,2014-03-27,2014,3,27,Thu,3,5,9,15,27,59,0,5,1,baseline.csv,20260425_204331
20140328-01,2014-03-28,2014,3,28,Fri,3,8,10,29,30,80,3,2,2,baseline.csv,20260425_204331
20140328-02,2014-03-28,2014,3,28,Fri,3,7,10,12,24,56,3,2,1,baseline.csv,20260425_204331
20140329-01,2014-03-29,2014,3,29,Sat,6,14,16,25,39,100,3,2,1,baseline.csv,20260425_204331
20140329-02,2014-03-29,2014,3,29,Sat,14,16,26,27,34,117,4,1,2,baseline.csv,20260425_204331
20140330-01,2014-03-30,2014,3,30,Sun,1,13,14,28,33,89,2,3,2,baseline.csv,20260425_204331
20140330-02,2014-03-30,2014,3,30,Sun,13,25,27,30,32,127,2,3,1,baseline.csv,20260425_204331
20140331-01,2014-03-31,2014,3,31,Mon,4,6,17,38,39,104,3,2,2,baseline.csv,20260425_204331
20140331-02,2014-03-31,2014,3,31,Mon,5,9,10,13,36,73,2,3,2,baseline.csv,20260425_204331
20140401-01,2014-04-01,2014,4,1,Tue,12,13,28,36,39,128,3,2,2,baseline.csv,20260425_204331
20140401-02,2014-04-01,2014,4,1,Tue,5,19,21,22,31,98,1,4,2,baseline.csv,20260425_204331
20140402-01,2014-04-02,2014,4,2,Wed,3,6,8,29,38,84,3,2,1,baseline.csv,20260425_204331
20140402-02,2014-04-02,2014,4,2,Wed,3,7,21,27,28,86,1,4,2,baseline.csv,20260425_204331
20140403-01,2014-04-03,2014,4,3,Thu,3,10,21,27,31,92,1,4,1,baseline.csv,20260425_204331
20140403-02,2014-04-03,2014,4,3,Thu,3,8,18,29,33,91,2,3,1,baseline.csv,20260425_204331
20140404-01,2014-04-04,2014,4,4,Fri,2,7,9,10,35,63,2,3,2,baseline.csv,20260425_204331
20140404-02,2014-04-04,2014,4,4,Fri,7,8,9,14,32,70,3,2,3,baseline.csv,20260425_204331
20140405-01,2014-04-05,2014,4,5,Sat,7,22,29,30,39,127,2,3,2,baseline.csv,20260425_204331
20140405-02,2014-04-05,2014,4,5,Sat,6,27,32,34,37,136,3,2,1,baseline.csv,20260425_204331
20140406-01,2014-04-06,2014,4,6,Sun,3,17,21,24,25,90,1,4,2,baseline.csv,20260425_204331
20140406-02,2014-04-06,2014,4,6,Sun,1,8,18,23,34,84,3,2,1,baseline.csv,20260425_204331
20140407-01,2014-04-07,2014,4,7,Mon,1,3,19,31,37,91,0,5,1,baseline.csv,20260425_204331
20140407-02,2014-04-07,2014,4,7,Mon,10,15,19,25,39,108,1,4,1,baseline.csv,20260425_204331
20140408-01,2014-04-08,2014,4,8,Tue,7,10,12,20,26,75,4,1,1,baseline.csv,20260425_204331
20140408-02,2014-04-08,2014,4,8,Tue,8,15,28,38,39,128,3,2,2,baseline.csv,20260425_204331
20140409-01,2014-04-09,2014,4,9,Wed,1,7,13,24,31,76,1,4,1,baseline.csv,20260425_204331
20140409-02,2014-04-09,2014,4,9,Wed,4,15,16,33,34,102,3,2,2,baseline.csv,20260425_204331
20140410-01,2014-04-10,2014,4,10,Thu,6,9,12,27,37,91,2,3,1,baseline.csv,20260425_204331
20140410-02,2014-04-10,2014,4,10,Thu,3,6,27,33,35,104,1,4,1,baseline.csv,20260425_204331
20140411-01,2014-04-11,2014,4,11,Fri,1,27,28,30,32,118,3,2,2,baseline.csv,20260425_204331
20140411-02,2014-04-11,2014,4,11,Fri,4,8,18,19,39,88,3,2,2,baseline.csv,20260425_204331
20140412-01,2014-04-12,2014,4,12,Sat,5,6,10,15,24,60,3,2,2,baseline.csv,20260425_204331
20140412-02,2014-04-12,2014,4,12,Sat,3,10,16,17,27,73,2,3,2,baseline.csv,20260425_204331
20140413-01,2014-04-13,2014,4,13,Sun,3,13,24,26,29,95,2,3,1,baseline.csv,20260425_204331
20140413-02,2014-04-13,2014,4,13,Sun,1,8,18,32,37,96,3,2,1,baseline.csv,20260425_204331
20140414-01,2014-04-14,2014,4,14,Mon,5,14,30,34,38,121,4,1,1,baseline.csv,20260425_204331
20140414-02,2014-04-14,2014,4,14,Mon,11,14,22,23,24,94,3,2,3,baseline.csv,20260425_204331
20140415-01,2014-04-15,2014,4,15,Tue,2,14,17,30,34,97,4,1,1,baseline.csv,20260425_204331
20140415-02,2014-04-15,2014,4,15,Tue,3,10,12,19,26,70,3,2,1,baseline.csv,20260425_204331
20140416-01,2014-04-16,2014,4,16,Wed,13,14,16,19,21,83,2,3,2,baseline.csv,20260425_204331
20140416-02,2014-04-16,2014,4,16,Wed,5,15,24,28,39,111,2,3,1,baseline.csv,20260425_204331
20140417-01,2014-04-17,2014,4,17,Thu,3,13,21,26,37,100,1,4,1,baseline.csv,20260425_204331
20140417-02,2014-04-17,2014,4,17,Thu,10,12,22,26,37,107,4,1,1,baseline.csv,20260425_204331
20140418-01,2014-04-18,2014,4,18,Fri,2,30,35,36,37,140,3,2,3,baseline.csv,20260425_204331
20140418-02,2014-04-18,2014,4,18,Fri,3,19,21,32,33,108,1,4,2,baseline.csv,20260425_204331
20140419-01,2014-04-19,2014,4,19,Sat,1,18,22,33,38,112,3,2,1,baseline.csv,20260425_204331
20140419-02,2014-04-19,2014,4,19,Sat,5,18,34,35,36,128,3,2,3,baseline.csv,20260425_204331
20140420-01,2014-04-20,2014,4,20,Sun,6,7,13,24,36,86,3,2,2,baseline.csv,20260425_204331
20140420-02,2014-04-20,2014,4,20,Sun,3,5,17,21,34,80,1,4,1,baseline.csv,20260425_204331
20140421-01,2014-04-21,2014,4,21,Mon,9,16,17,19,29,90,1,4,2,baseline.csv,20260425_204331
20140421-02,2014-04-21,2014,4,21,Mon,4,11,15,20,21,71,2,3,2,baseline.csv,20260425_204331
20140422-01,2014-04-22,2014,4,22,Tue,6,23,24,28,34,115,4,1,2,baseline.csv,20260425_204331
20140422-02,2014-04-22,2014,4,22,Tue,1,7,21,29,30,88,1,4,2,baseline.csv,20260425_204331
20140423-01,2014-04-23,2014,4,23,Wed,6,10,21,23,31,91,2,3,1,baseline.csv,20260425_204331
20140423-02,2014-04-23,2014,4,23,Wed,8,13,24,30,34,109,4,1,1,baseline.csv,20260425_204331
20140424-01,2014-04-24,2014,4,24,Thu,10,11,13,19,28,81,2,3,2,baseline.csv,20260425_204331
20140424-02,2014-04-24,2014,4,24,Thu,5,7,14,17,20,63,2,3,1,baseline.csv,20260425_204331
20140425-01,2014-04-25,2014,4,25,Fri,9,17,21,35,39,121,0,5,1,baseline.csv,20260425_204331
20140425-02,2014-04-25,2014,4,25,Fri,2,19,22,33,38,114,3,2,1,baseline.csv,20260425_204331
20140426-01,2014-04-26,2014,4,26,Sat,7,13,23,25,39,107,0,5,1,baseline.csv,20260425_204331
20140426-02,2014-04-26,2014,4,26,Sat,1,4,29,31,38,103,2,3,1,baseline.csv,20260425_204331
20140427-01,2014-04-27,2014,4,27,Sun,5,9,16,36,37,103,2,3,2,baseline.csv,20260425_204331
20140427-02,2014-04-27,2014,4,27,Sun,18,21,23,27,34,123,2,3,1,baseline.csv,20260425_204331
20140428-01,2014-04-28,2014,4,28,Mon,2,20,24,25,34,105,4,1,2,baseline.csv,20260425_204331
20140428-02,2014-04-28,2014,4,28,Mon,7,10,11,12,21,61,2,3,3,baseline.csv,20260425_204331
20140429-01,2014-04-29,2014,4,29,Tue,8,9,13,21,24,75,2,3,2,baseline.csv,20260425_204331
20140429-02,2014-04-29,2014,4,29,Tue,2,5,13,19,39,78,1,4,1,baseline.csv,20260425_204331
20140430-01,2014-04-30,2014,4,30,Wed,4,5,10,19,28,66,3,2,2,baseline.csv,20260425_204331
20140430-02,2014-04-30,2014,4,30,Wed,14,20,21,26,30,111,4,1,2,baseline.csv,20260425_204331
20140501-01,2014-05-01,2014,5,1,Thu,3,6,10,24,33,76,3,2,1,baseline.csv,20260425_204331
20140501-02,2014-05-01,2014,5,1,Thu,16,19,25,26,27,113,2,3,3,baseline.csv,20260425_204331
20140502-01,2014-05-02,2014,5,2,Fri,4,11,18,30,34,97,4,1,1,baseline.csv,20260425_204331
20140502-02,2014-05-02,2014,5,2,Fri,1,22,23,26,29,101,2,3,2,baseline.csv,20260425_204331
20140503-01,2014-05-03,2014,5,3,Sat,1,5,16,28,30,80,3,2,1,baseline.csv,20260425_204331
20140503-02,2014-05-03,2014,5,3,Sat,11,12,15,33,35,106,1,4,2,baseline.csv,20260425_204331
20140504-01,2014-05-04,2014,5,4,Sun,2,10,17,27,38,94,3,2,1,baseline.csv,20260425_204331
20140504-02,2014-05-04,2014,5,4,Sun,1,2,11,16,31,61,2,3,2,baseline.csv,20260425_204331
20140505-01,2014-05-05,2014,5,5,Mon,1,3,6,33,36,79,2,3,1,baseline.csv,20260425_204331
20140505-02,2014-05-05,2014,5,5,Mon,12,17,18,20,21,88,3,2,2,baseline.csv,20260425_204331
20140506-01,2014-05-06,2014,5,6,Tue,4,17,26,30,33,110,3,2,1,baseline.csv,20260425_204331
20140506-02,2014-05-06,2014,5,6,Tue,1,6,14,15,39,75,2,3,2,baseline.csv,20260425_204331
20140507-01,2014-05-07,2014,5,7,Wed,5,12,15,19,34,85,2,3,1,baseline.csv,20260425_204331
20140507-02,2014-05-07,2014,5,7,Wed,10,15,19,26,32,102,3,2,1,baseline.csv,20260425_204331
20140508-01,2014-05-08,2014,5,8,Thu,6,20,22,24,33,105,4,1,1,baseline.csv,20260425_204331
20140508-02,2014-05-08,2014,5,8,Thu,2,20,31,34,36,123,4,1,1,baseline.csv,20260425_204331
20140509-01,2014-05-09,2014,5,9,Fri,2,3,5,20,38,68,3,2,2,baseline.csv,20260425_204331
20140509-02,2014-05-09,2014,5,9,Fri,9,10,14,17,28,78,3,2,2,baseline.csv,20260425_204331
20140510-01,2014-05-10,2014,5,10,Sat,14,21,25,32,36,128,3,2,1,baseline.csv,20260425_204331
20140510-02,2014-05-10,2014,5,10,Sat,1,25,31,33,34,124,1,4,2,baseline.csv,20260425_204331
20140511-01,2014-05-11,2014,5,11,Sun,10,18,28,36,38,130,5,0,1,baseline.csv,20260425_204331
20140511-02,2014-05-11,2014,5,11,Sun,8,13,27,35,37,120,1,4,1,baseline.csv,20260425_204331
20140512-01,2014-05-12,2014,5,12,Mon,3,11,24,27,30,95,2,3,1,baseline.csv,20260425_204331
20140512-02,2014-05-12,2014,5,12,Mon,7,13,15,17,31,83,0,5,1,baseline.csv,20260425_204331
20140513-01,2014-05-13,2014,5,13,Tue,10,11,16,20,28,85,4,1,2,baseline.csv,20260425_204331
20140513-02,2014-05-13,2014,5,13,Tue,11,20,23,28,31,113,2,3,1,baseline.csv,20260425_204331
20140514-01,2014-05-14,2014,5,14,Wed,11,13,25,27,36,112,1,4,1,baseline.csv,20260425_204331
20140514-02,2014-05-14,2014,5,14,Wed,1,2,16,31,39,89,2,3,2,baseline.csv,20260425_204331
20140515-01,2014-05-15,2014,5,15,Thu,2,8,11,21,26,68,3,2,1,baseline.csv,20260425_204331
20140515-02,2014-05-15,2014,5,15,Thu,2,13,16,21,30,82,3,2,1,baseline.csv,20260425_204331
20140516-01,2014-05-16,2014,5,16,Fri,11,16,23,24,32,106,3,2,2,baseline.csv,20260425_204331
20140516-02,2014-05-16,2014,5,16,Fri,13,22,26,31,36,128,3,2,1,baseline.csv,20260425_204331
20140517-01,2014-05-17,2014,5,17,Sat,12,16,25,35,38,126,3,2,1,baseline.csv,20260425_204331
20140517-02,2014-05-17,2014,5,17,Sat,8,14,18,25,39,104,3,2,1,baseline.csv,20260425_204331
20140518-01,2014-05-18,2014,5,18,Sun,13,23,24,27,28,115,2,3,2,baseline.csv,20260425_204331
20140518-02,2014-05-18,2014,5,18,Sun,11,12,18,19,34,94,3,2,2,baseline.csv,20260425_204331
20140519-01,2014-05-19,2014,5,19,Mon,10,17,19,24,30,100,3,2,1,baseline.csv,20260425_204331
20140519-02,2014-05-19,2014,5,19,Mon,19,21,32,34,39,145,2,3,1,baseline.csv,20260425_204331
20140520-01,2014-05-20,2014,5,20,Tue,1,4,14,26,35,80,3,2,1,baseline.csv,20260425_204331
20140520-02,2014-05-20,2014,5,20,Tue,21,23,26,28,31,129,2,3,1,baseline.csv,20260425_204331
20140521-01,2014-05-21,2014,5,21,Wed,7,14,16,26,33,96,3,2,1,baseline.csv,20260425_204331
20140521-02,2014-05-21,2014,5,21,Wed,20,21,26,31,35,133,2,3,2,baseline.csv,20260425_204331
20140522-01,2014-05-22,2014,5,22,Thu,8,12,15,16,25,76,3,2,2,baseline.csv,20260425_204331
20140522-02,2014-05-22,2014,5,22,Thu,18,31,35,36,37,157,2,3,3,baseline.csv,20260425_204331
20140523-01,2014-05-23,2014,5,23,Fri,3,19,33,35,37,127,0,5,1,baseline.csv,20260425_204331
20140523-02,2014-05-23,2014,5,23,Fri,11,20,23,27,39,120,1,4,1,baseline.csv,20260425_204331
20140524-01,2014-05-24,2014,5,24,Sat,5,7,11,21,32,76,1,4,1,baseline.csv,20260425_204331
20140524-02,2014-05-24,2014,5,24,Sat,11,22,32,34,37,136,3,2,1,baseline.csv,20260425_204331
20140525-01,2014-05-25,2014,5,25,Sun,4,10,28,29,33,104,3,2,2,baseline.csv,20260425_204331
20140525-02,2014-05-25,2014,5,25,Sun,1,4,23,27,31,86,1,4,1,baseline.csv,20260425_204331
20140526-01,2014-05-26,2014,5,26,Mon,7,8,13,16,30,74,3,2,2,baseline.csv,20260425_204331
20140526-02,2014-05-26,2014,5,26,Mon,5,19,20,26,31,101,2,3,2,baseline.csv,20260425_204331
20140527-01,2014-05-27,2014,5,27,Tue,4,14,18,20,27,83,4,1,1,baseline.csv,20260425_204331
20140527-02,2014-05-27,2014,5,27,Tue,9,12,20,27,29,97,2,3,1,baseline.csv,20260425_204331
20140528-01,2014-05-28,2014,5,28,Wed,6,10,14,23,32,85,4,1,1,baseline.csv,20260425_204331
20140528-02,2014-05-28,2014,5,28,Wed,14,22,23,31,32,122,3,2,2,baseline.csv,20260425_204331
20140529-01,2014-05-29,2014,5,29,Thu,16,18,23,30,34,121,4,1,1,baseline.csv,20260425_204331
20140529-02,2014-05-29,2014,5,29,Thu,1,3,6,29,30,69,2,3,2,baseline.csv,20260425_204331
20140530-01,2014-05-30,2014,5,30,Fri,14,24,28,36,39,141,4,1,1,baseline.csv,20260425_204331
20140530-02,2014-05-30,2014,5,30,Fri,5,7,8,32,35,87,2,3,2,baseline.csv,20260425_204331
20140531-01,2014-05-31,2014,5,31,Sat,2,5,11,35,37,90,1,4,1,baseline.csv,20260425_204331
20140531-02,2014-05-31,2014,5,31,Sat,8,13,15,22,25,83,2,3,1,baseline.csv,20260425_204331
20140601-01,2014-06-01,2014,6,1,Sun,8,14,30,37,38,127,4,1,2,baseline.csv,20260425_204331
20140601-02,2014-06-01,2014,6,1,Sun,3,13,19,38,39,112,1,4,2,baseline.csv,20260425_204331
20140602-01,2014-06-02,2014,6,2,Mon,5,14,15,33,35,102,1,4,2,baseline.csv,20260425_204331
20140602-02,2014-06-02,2014,6,2,Mon,7,14,19,21,25,86,1,4,1,baseline.csv,20260425_204331
20140603-01,2014-06-03,2014,6,3,Tue,1,4,27,38,39,109,2,3,2,baseline.csv,20260425_204331
20140603-02,2014-06-03,2014,6,3,Tue,6,8,23,24,33,94,3,2,2,baseline.csv,20260425_204331
20140604-01,2014-06-04,2014,6,4,Wed,3,7,12,24,27,73,2,3,1,baseline.csv,20260425_204331
20140604-02,2014-06-04,2014,6,4,Wed,11,16,22,24,39,112,3,2,1,baseline.csv,20260425_204331
20140605-01,2014-06-05,2014,6,5,Thu,6,17,20,27,36,106,3,2,1,baseline.csv,20260425_204331
20140605-02,2014-06-05,2014,6,5,Thu,9,23,33,35,38,138,1,4,1,baseline.csv,20260425_204331
20140606-01,2014-06-06,2014,6,6,Fri,1,8,15,27,33,84,1,4,1,baseline.csv,20260425_204331
20140606-02,2014-06-06,2014,6,6,Fri,5,11,16,30,31,93,2,3,2,baseline.csv,20260425_204331
20140607-01,2014-06-07,2014,6,7,Sat,1,6,31,34,39,111,2,3,1,baseline.csv,20260425_204331
20140607-02,2014-06-07,2014,6,7,Sat,5,13,18,19,20,75,2,3,3,baseline.csv,20260425_204331
20140608-01,2014-06-08,2014,6,8,Sun,3,10,11,25,34,83,2,3,2,baseline.csv,20260425_204331
20140608-02,2014-06-08,2014,6,8,Sun,5,9,14,17,39,84,1,4,1,baseline.csv,20260425_204331
20140609-01,2014-06-09,2014,6,9,Mon,3,6,24,28,37,98,3,2,1,baseline.csv,20260425_204331
20140609-02,2014-06-09,2014,6,9,Mon,2,5,8,12,31,58,3,2,1,baseline.csv,20260425_204331
20140610-01,2014-06-10,2014,6,10,Tue,2,13,16,20,23,74,3,2,1,baseline.csv,20260425_204331
20140610-02,2014-06-10,2014,6,10,Tue,8,14,28,37,38,125,4,1,2,baseline.csv,20260425_204331
20140611-01,2014-06-11,2014,6,11,Wed,19,22,28,29,38,136,3,2,2,baseline.csv,20260425_204331
20140611-02,2014-06-11,2014,6,11,Wed,16,17,23,35,38,129,2,3,2,baseline.csv,20260425_204331
20140612-01,2014-06-12,2014,6,12,Thu,5,10,22,28,33,98,3,2,1,baseline.csv,20260425_204331
20140612-02,2014-06-12,2014,6,12,Thu,11,15,17,30,39,112,1,4,1,baseline.csv,20260425_204331
20140613-01,2014-06-13,2014,6,13,Fri,6,14,20,28,33,101,4,1,1,baseline.csv,20260425_204331
20140613-02,2014-06-13,2014,6,13,Fri,2,14,26,32,37,111,4,1,1,baseline.csv,20260425_204331
20140614-01,2014-06-14,2014,6,14,Sat,14,20,25,33,37,129,2,3,1,baseline.csv,20260425_204331
20140614-02,2014-06-14,2014,6,14,Sat,4,7,20,25,28,84,3,2,1,baseline.csv,20260425_204331
20140615-01,2014-06-15,2014,6,15,Sun,4,23,33,34,38,132,3,2,2,baseline.csv,20260425_204331
20140615-02,2014-06-15,2014,6,15,Sun,1,4,32,34,39,110,3,2,1,baseline.csv,20260425_204331
20140616-01,2014-06-16,2014,6,16,Mon,9,19,23,24,31,106,1,4,2,baseline.csv,20260425_204331
20140616-02,2014-06-16,2014,6,16,Mon,10,16,28,29,39,122,3,2,2,baseline.csv,20260425_204331
20140617-01,2014-06-17,2014,6,17,Tue,2,5,7,15,24,53,2,3,1,baseline.csv,20260425_204331
20140617-02,2014-06-17,2014,6,17,Tue,8,15,25,30,36,114,3,2,1,baseline.csv,20260425_204331
20140618-01,2014-06-18,2014,6,18,Wed,7,15,27,30,32,111,2,3,1,baseline.csv,20260425_204331
20140618-02,2014-06-18,2014,6,18,Wed,5,7,13,18,36,79,2,3,1,baseline.csv,20260425_204331
20140619-01,2014-06-19,2014,6,19,Thu,6,9,15,20,22,72,3,2,1,baseline.csv,20260425_204331
20140619-02,2014-06-19,2014,6,19,Thu,10,14,17,20,25,86,3,2,1,baseline.csv,20260425_204331
20140620-01,2014-06-20,2014,6,20,Fri,14,21,26,31,39,131,2,3,1,baseline.csv,20260425_204331
20140620-02,2014-06-20,2014,6,20,Fri,9,11,22,31,35,108,1,4,1,baseline.csv,20260425_204331
20140621-01,2014-06-21,2014,6,21,Sat,10,17,25,33,38,123,2,3,1,baseline.csv,20260425_204331
20140621-02,2014-06-21,2014,6,21,Sat,4,28,30,33,38,133,4,1,1,baseline.csv,20260425_204331
20140622-01,2014-06-22,2014,6,22,Sun,11,19,21,24,28,103,2,3,1,baseline.csv,20260425_204331
20140622-02,2014-06-22,2014,6,22,Sun,6,8,16,21,39,90,3,2,1,baseline.csv,20260425_204331
20140623-01,2014-06-23,2014,6,23,Mon,7,18,24,33,35,117,2,3,1,baseline.csv,20260425_204331
20140623-02,2014-06-23,2014,6,23,Mon,8,15,26,33,39,121,2,3,1,baseline.csv,20260425_204331
20140624-01,2014-06-24,2014,6,24,Tue,14,18,20,29,36,117,4,1,1,baseline.csv,20260425_204331
20140624-02,2014-06-24,2014,6,24,Tue,8,21,22,34,39,124,3,2,2,baseline.csv,20260425_204331
20140625-01,2014-06-25,2014,6,25,Wed,10,18,22,28,36,114,5,0,1,baseline.csv,20260425_204331
20140625-02,2014-06-25,2014,6,25,Wed,8,17,19,27,31,102,1,4,1,baseline.csv,20260425_204331
20140626-01,2014-06-26,2014,6,26,Thu,9,26,27,33,39,134,1,4,2,baseline.csv,20260425_204331
20140626-02,2014-06-26,2014,6,26,Thu,2,4,13,21,25,65,2,3,1,baseline.csv,20260425_204331
20140627-01,2014-06-27,2014,6,27,Fri,7,11,24,28,32,102,3,2,1,baseline.csv,20260425_204331
20140627-02,2014-06-27,2014,6,27,Fri,4,16,22,26,30,98,5,0,1,baseline.csv,20260425_204331
20140628-01,2014-06-28,2014,6,28,Sat,2,3,9,25,31,70,1,4,2,baseline.csv,20260425_204331
20140628-02,2014-06-28,2014,6,28,Sat,1,8,11,15,38,73,2,3,1,baseline.csv,20260425_204331
20140629-01,2014-06-29,2014,6,29,Sun,2,17,18,32,39,108,3,2,2,baseline.csv,20260425_204331
20140629-02,2014-06-29,2014,6,29,Sun,5,16,19,34,36,110,3,2,1,baseline.csv,20260425_204331
20140630-01,2014-06-30,2014,6,30,Mon,5,11,12,14,20,62,3,2,2,baseline.csv,20260425_204331
20140630-02,2014-06-30,2014,6,30,Mon,9,12,17,22,35,95,2,3,1,baseline.csv,20260425_204331
20140701-01,2014-07-01,2014,7,1,Tue,1,6,10,16,37,70,3,2,1,baseline.csv,20260425_204331
20140701-02,2014-07-01,2014,7,1,Tue,10,25,27,31,36,129,2,3,1,baseline.csv,20260425_204331
20140702-01,2014-07-02,2014,7,2,Wed,21,22,26,28,39,136,3,2,2,baseline.csv,20260425_204331
20140702-02,2014-07-02,2014,7,2,Wed,5,12,17,26,28,88,3,2,1,baseline.csv,20260425_204331
20140703-01,2014-07-03,2014,7,3,Thu,7,8,12,25,27,79,2,3,2,baseline.csv,20260425_204331
20140703-02,2014-07-03,2014,7,3,Thu,4,6,16,18,35,79,4,1,1,baseline.csv,20260425_204331
20140704-01,2014-07-04,2014,7,4,Fri,3,4,20,26,33,86,3,2,2,baseline.csv,20260425_204331
20140704-02,2014-07-04,2014,7,4,Fri,11,13,28,32,35,119,2,3,1,baseline.csv,20260425_204331
20140705-01,2014-07-05,2014,7,5,Sat,2,9,24,30,36,101,4,1,1,baseline.csv,20260425_204331
20140705-02,2014-07-05,2014,7,5,Sat,9,14,23,28,31,105,2,3,1,baseline.csv,20260425_204331
20140706-01,2014-07-06,2014,7,6,Sun,3,4,5,34,35,81,2,3,3,baseline.csv,20260425_204331
20140706-02,2014-07-06,2014,7,6,Sun,3,24,28,31,36,122,3,2,1,baseline.csv,20260425_204331
20140707-01,2014-07-07,2014,7,7,Mon,15,30,31,37,38,151,2,3,2,baseline.csv,20260425_204331
20140707-02,2014-07-07,2014,7,7,Mon,13,20,31,33,38,135,2,3,1,baseline.csv,20260425_204331
20140708-01,2014-07-08,2014,7,8,Tue,8,13,18,30,33,102,3,2,1,baseline.csv,20260425_204331
20140708-02,2014-07-08,2014,7,8,Tue,4,5,10,24,36,79,4,1,2,baseline.csv,20260425_204331
20140709-01,2014-07-09,2014,7,9,Wed,1,9,10,11,23,54,1,4,3,baseline.csv,20260425_204331
20140709-02,2014-07-09,2014,7,9,Wed,11,16,17,21,22,87,2,3,2,baseline.csv,20260425_204331
20140710-01,2014-07-10,2014,7,10,Thu,1,6,17,26,39,89,2,3,1,baseline.csv,20260425_204331
20140710-02,2014-07-10,2014,7,10,Thu,2,4,15,33,37,91,2,3,1,baseline.csv,20260425_204331
20140711-01,2014-07-11,2014,7,11,Fri,2,7,18,25,39,91,2,3,1,baseline.csv,20260425_204331
20140711-02,2014-07-11,2014,7,11,Fri,9,25,33,35,39,141,0,5,1,baseline.csv,20260425_204331
20140712-01,2014-07-12,2014,7,12,Sat,5,16,24,26,30,101,4,1,1,baseline.csv,20260425_204331
20140712-02,2014-07-12,2014,7,12,Sat,9,23,33,37,39,141,0,5,1,baseline.csv,20260425_204331
20140713-01,2014-07-13,2014,7,13,Sun,11,13,16,32,35,107,2,3,1,baseline.csv,20260425_204331
20140713-02,2014-07-13,2014,7,13,Sun,8,15,23,26,37,109,2,3,1,baseline.csv,20260425_204331
20140714-01,2014-07-14,2014,7,14,Mon,14,22,32,35,37,140,3,2,1,baseline.csv,20260425_204331
20140714-02,2014-07-14,2014,7,14,Mon,4,35,36,39,44,158,3,2,2,baseline.csv,20260425_204331
20140715-01,2014-07-15,2014,7,15,Tue,5,7,12,38,42,104,3,2,1,baseline.csv,20260425_204331
20140715-02,2014-07-15,2014,7,15,Tue,1,9,11,22,36,79,2,3,1,baseline.csv,20260425_204331
20140716-01,2014-07-16,2014,7,16,Wed,1,6,15,33,39,94,1,4,1,baseline.csv,20260425_204331
20140716-02,2014-07-16,2014,7,16,Wed,7,13,16,31,37,104,1,4,1,baseline.csv,20260425_204331
20140717-01,2014-07-17,2014,7,17,Thu,3,4,23,31,37,98,1,4,2,baseline.csv,20260425_204331
20140717-02,2014-07-17,2014,7,17,Thu,5,17,29,33,43,127,0,5,1,baseline.csv,20260425_204331
20140718-01,2014-07-18,2014,7,18,Fri,21,30,33,37,39,160,1,4,1,baseline.csv,20260425_204331
20140718-02,2014-07-18,2014,7,18,Fri,7,21,29,35,40,132,1,4,1,baseline.csv,20260425_204331
20140719-01,2014-07-19,2014,7,19,Sat,1,25,37,39,41,143,0,5,1,baseline.csv,20260425_204331
20140719-02,2014-07-19,2014,7,19,Sat,2,3,12,20,29,66,3,2,2,baseline.csv,20260425_204331
20140720-01,2014-07-20,2014,7,20,Sun,8,13,17,42,45,125,2,3,1,baseline.csv,20260425_204331
20140720-02,2014-07-20,2014,7,20,Sun,9,11,19,21,31,91,0,5,1,baseline.csv,20260425_204331
20140721-01,2014-07-21,2014,7,21,Mon,3,7,28,34,44,116,3,2,1,baseline.csv,20260425_204331
20140721-02,2014-07-21,2014,7,21,Mon,3,7,23,27,34,94,1,4,1,baseline.csv,20260425_204331
20140722-01,2014-07-22,2014,7,22,Tue,1,5,24,28,38,96,3,2,1,baseline.csv,20260425_204331
20140722-02,2014-07-22,2014,7,22,Tue,2,11,25,28,40,106,3,2,1,baseline.csv,20260425_204331
20140723-01,2014-07-23,2014,7,23,Wed,7,21,22,24,34,108,3,2,2,baseline.csv,20260425_204331
20140723-02,2014-07-23,2014,7,23,Wed,2,3,25,27,35,92,1,4,2,baseline.csv,20260425_204331
20140724-01,2014-07-24,2014,7,24,Thu,5,8,14,25,42,94,3,2,1,baseline.csv,20260425_204331
20140724-02,2014-07-24,2014,7,24,Thu,7,8,28,30,35,108,3,2,2,baseline.csv,20260425_204331
20140725-01,2014-07-25,2014,7,25,Fri,5,6,19,24,38,92,3,2,2,baseline.csv,20260425_204331
20140725-02,2014-07-25,2014,7,25,Fri,10,19,30,43,44,146,3,2,2,baseline.csv,20260425_204331
20140726-01,2014-07-26,2014,7,26,Sat,14,18,29,42,45,148,3,2,1,baseline.csv,20260425_204331
20140726-02,2014-07-26,2014,7,26,Sat,28,30,38,41,42,179,4,1,2,baseline.csv,20260425_204331
20140727-01,2014-07-27,2014,7,27,Sun,4,16,18,36,37,111,4,1,2,baseline.csv,20260425_204331
20140727-02,2014-07-27,2014,7,27,Sun,20,23,27,31,42,143,2,3,1,baseline.csv,20260425_204331
20140728-01,2014-07-28,2014,7,28,Mon,11,25,31,40,41,148,1,4,2,baseline.csv,20260425_204331
20140728-02,2014-07-28,2014,7,28,Mon,2,11,12,16,29,70,3,2,2,baseline.csv,20260425_204331
20140729-01,2014-07-29,2014,7,29,Tue,2,24,31,38,41,136,3,2,1,baseline.csv,20260425_204331
20140729-02,2014-07-29,2014,7,29,Tue,3,21,31,32,33,120,1,4,3,baseline.csv,20260425_204331
20140730-01,2014-07-30,2014,7,30,Wed,5,10,27,36,42,120,3,2,1,baseline.csv,20260425_204331
20140730-02,2014-07-30,2014,7,30,Wed,8,11,12,22,25,78,3,2,2,baseline.csv,20260425_204331
20140731-01,2014-07-31,2014,7,31,Thu,5,7,10,23,29,74,1,4,1,baseline.csv,20260425_204331
20140731-02,2014-07-31,2014,7,31,Thu,3,10,22,34,35,104,3,2,2,baseline.csv,20260425_204331
20140801-01,2014-08-01,2014,8,1,Fri,1,10,17,29,42,99,2,3,1,baseline.csv,20260425_204331
20140801-02,2014-08-01,2014,8,1,Fri,3,8,28,34,35,108,3,2,2,baseline.csv,20260425_204331
20140802-01,2014-08-02,2014,8,2,Sat,16,24,29,38,45,152,3,2,1,baseline.csv,20260425_204331
20140802-02,2014-08-02,2014,8,2,Sat,15,18,38,41,43,155,2,3,1,baseline.csv,20260425_204331
20140803-01,2014-08-03,2014,8,3,Sun,2,20,24,25,27,98,3,2,2,baseline.csv,20260425_204331
20140803-02,2014-08-03,2014,8,3,Sun,16,26,33,42,43,160,3,2,2,baseline.csv,20260425_204331
20140804-01,2014-08-04,2014,8,4,Mon,7,11,27,36,42,123,2,3,1,baseline.csv,20260425_204331
20140804-02,2014-08-04,2014,8,4,Mon,4,12,14,15,26,71,4,1,2,baseline.csv,20260425_204331
20140805-01,2014-08-05,2014,8,5,Tue,4,20,32,33,35,124,3,2,2,baseline.csv,20260425_204331
20140805-02,2014-08-05,2014,8,5,Tue,4,8,11,17,32,72,3,2,1,baseline.csv,20260425_204331
20140806-01,2014-08-06,2014,8,6,Wed,2,16,38,41,42,139,4,1,2,baseline.csv,20260425_204331
20140806-02,2014-08-06,2014,8,6,Wed,22,36,39,40,42,179,4,1,2,baseline.csv,20260425_204331
20140807-01,2014-08-07,2014,8,7,Thu,6,17,18,36,40,117,4,1,2,baseline.csv,20260425_204331
20140807-02,2014-08-07,2014,8,7,Thu,8,19,30,43,45,145,2,3,1,baseline.csv,20260425_204331
20140808-01,2014-08-08,2014,8,8,Fri,3,18,21,25,32,99,2,3,1,baseline.csv,20260425_204331
20140808-02,2014-08-08,2014,8,8,Fri,12,14,22,24,43,115,4,1,1,baseline.csv,20260425_204331
20140809-01,2014-08-09,2014,8,9,Sat,1,3,5,22,43,74,1,4,1,baseline.csv,20260425_204331
20140809-02,2014-08-09,2014,8,9,Sat,9,25,26,27,28,115,2,3,4,baseline.csv,20260425_204331
20140810-01,2014-08-10,2014,8,10,Sun,3,18,25,28,38,112,3,2,1,baseline.csv,20260425_204331
20140810-02,2014-08-10,2014,8,10,Sun,10,15,23,26,30,104,3,2,1,baseline.csv,20260425_204331
20140811-01,2014-08-11,2014,8,11,Mon,7,19,24,25,39,114,1,4,2,baseline.csv,20260425_204331
20140811-02,2014-08-11,2014,8,11,Mon,7,15,19,36,44,121,2,3,1,baseline.csv,20260425_204331
20140812-01,2014-08-12,2014,8,12,Tue,3,4,11,17,18,53,2,3,2,baseline.csv,20260425_204331
20140812-02,2014-08-12,2014,8,12,Tue,10,30,31,32,44,147,4,1,3,baseline.csv,20260425_204331
20140813-01,2014-08-13,2014,8,13,Wed,17,26,28,33,44,148,3,2,1,baseline.csv,20260425_204331
20140813-02,2014-08-13,2014,8,13,Wed,4,13,14,27,29,87,2,3,2,baseline.csv,20260425_204331
20140814-01,2014-08-14,2014,8,14,Thu,1,10,12,26,45,94,3,2,1,baseline.csv,20260425_204331
20140814-02,2014-08-14,2014,8,14,Thu,9,22,23,26,43,123,2,3,2,baseline.csv,20260425_204331
20140815-01,2014-08-15,2014,8,15,Fri,7,10,18,20,34,89,4,1,1,baseline.csv,20260425_204331
20140815-02,2014-08-15,2014,8,15,Fri,17,34,37,39,43,170,1,4,1,baseline.csv,20260425_204331
20140816-01,2014-08-16,2014,8,16,Sat,4,6,19,26,29,84,3,2,1,baseline.csv,20260425_204331
20140816-02,2014-08-16,2014,8,16,Sat,1,5,15,18,42,81,2,3,1,baseline.csv,20260425_204331
20140817-01,2014-08-17,2014,8,17,Sun,1,2,3,10,34,50,3,2,3,baseline.csv,20260425_204331
20140817-02,2014-08-17,2014,8,17,Sun,9,10,11,16,26,72,3,2,3,baseline.csv,20260425_204331
20140818-01,2014-08-18,2014,8,18,Mon,6,10,13,27,38,94,3,2,1,baseline.csv,20260425_204331
20140818-02,2014-08-18,2014,8,18,Mon,1,5,10,33,35,84,1,4,1,baseline.csv,20260425_204331
20140819-01,2014-08-19,2014,8,19,Tue,3,7,23,25,28,86,1,4,1,baseline.csv,20260425_204331
20140819-02,2014-08-19,2014,8,19,Tue,10,22,38,40,45,155,4,1,1,baseline.csv,20260425_204331
20140820-01,2014-08-20,2014,8,20,Wed,2,20,32,34,42,130,5,0,1,baseline.csv,20260425_204331
20140820-02,2014-08-20,2014,8,20,Wed,15,19,27,39,43,143,0,5,1,baseline.csv,20260425_204331
20140821-01,2014-08-21,2014,8,21,Thu,6,20,28,38,45,137,4,1,1,baseline.csv,20260425_204331
20140821-02,2014-08-21,2014,8,21,Thu,2,7,28,41,42,120,3,2,2,baseline.csv,20260425_204331
20140822-01,2014-08-22,2014,8,22,Fri,6,12,27,34,40,119,4,1,1,baseline.csv,20260425_204331
20140822-02,2014-08-22,2014,8,22,Fri,5,24,25,26,43,123,2,3,3,baseline.csv,20260425_204331
20140823-01,2014-08-23,2014,8,23,Sat,5,11,19,30,41,106,1,4,1,baseline.csv,20260425_204331
20140823-02,2014-08-23,2014,8,23,Sat,3,11,19,20,28,81,2,3,2,baseline.csv,20260425_204331
20140824-01,2014-08-24,2014,8,24,Sun,2,12,17,36,41,108,3,2,1,baseline.csv,20260425_204331
20140824-02,2014-08-24,2014,8,24,Sun,1,9,16,18,33,77,2,3,1,baseline.csv,20260425_204331
20140825-01,2014-08-25,2014,8,25,Mon,5,7,25,34,35,106,1,4,2,baseline.csv,20260425_204331
20140825-02,2014-08-25,2014,8,25,Mon,1,9,12,17,23,62,1,4,1,baseline.csv,20260425_204331
20140826-01,2014-08-26,2014,8,26,Tue,13,17,34,36,45,145,2,3,1,baseline.csv,20260425_204331
20140826-02,2014-08-26,2014,8,26,Tue,25,30,31,38,44,168,3,2,2,baseline.csv,20260425_204331
20140827-01,2014-08-27,2014,8,27,Wed,1,14,22,29,43,109,2,3,1,baseline.csv,20260425_204331
20140827-02,2014-08-27,2014,8,27,Wed,6,15,20,23,35,99,2,3,1,baseline.csv,20260425_204331
20140828-01,2014-08-28,2014,8,28,Thu,7,29,33,34,37,140,1,4,2,baseline.csv,20260425_204331
20140828-02,2014-08-28,2014,8,28,Thu,6,18,29,34,35,122,3,2,2,baseline.csv,20260425_204331
20140829-01,2014-08-29,2014,8,29,Fri,27,28,36,41,45,177,2,3,2,baseline.csv,20260425_204331
20140829-02,2014-08-29,2014,8,29,Fri,18,23,28,30,41,140,3,2,1,baseline.csv,20260425_204331
20140830-01,2014-08-30,2014,8,30,Sat,6,22,28,34,39,129,4,1,1,baseline.csv,20260425_204331
20140830-02,2014-08-30,2014,8,30,Sat,10,11,13,21,37,92,1,4,2,baseline.csv,20260425_204331
20140831-01,2014-08-31,2014,8,31,Sun,13,27,28,33,34,135,2,3,2,baseline.csv,20260425_204331
20140831-02,2014-08-31,2014,8,31,Sun,9,11,15,16,45,96,1,4,2,baseline.csv,20260425_204331
20140901-01,2014-09-01,2014,9,1,Mon,4,18,31,37,40,130,3,2,1,baseline.csv,20260425_204331
20140901-02,2014-09-01,2014,9,1,Mon,13,15,18,34,36,116,3,2,1,baseline.csv,20260425_204331
20140902-01,2014-09-02,2014,9,2,Tue,6,28,33,43,45,155,2,3,1,baseline.csv,20260425_204331
20140902-02,2014-09-02,2014,9,2,Tue,14,15,17,21,36,103,2,3,2,baseline.csv,20260425_204331
20140903-01,2014-09-03,2014,9,3,Wed,3,11,18,34,40,106,3,2,1,baseline.csv,20260425_204331
20140903-02,2014-09-03,2014,9,3,Wed,11,18,24,33,35,121,2,3,1,baseline.csv,20260425_204331
20140904-01,2014-09-04,2014,9,4,Thu,4,17,27,36,42,126,3,2,1,baseline.csv,20260425_204331
20140904-02,2014-09-04,2014,9,4,Thu,3,19,30,39,43,134,1,4,1,baseline.csv,20260425_204331
20140905-01,2014-09-05,2014,9,5,Fri,8,9,15,16,19,67,2,3,2,baseline.csv,20260425_204331
20140905-02,2014-09-05,2014,9,5,Fri,2,3,8,21,22,56,3,2,2,baseline.csv,20260425_204331
20140906-01,2014-09-06,2014,9,6,Sat,5,26,30,36,37,134,3,2,2,baseline.csv,20260425_204331
20140906-02,2014-09-06,2014,9,6,Sat,9,16,21,24,35,105,2,3,1,baseline.csv,20260425_204331
20140907-01,2014-09-07,2014,9,7,Sun,8,14,17,22,31,92,3,2,1,baseline.csv,20260425_204331
20140907-02,2014-09-07,2014,9,7,Sun,2,5,9,12,25,53,2,3,1,baseline.csv,20260425_204331
20140908-01,2014-09-08,2014,9,8,Mon,9,10,18,19,39,95,2,3,2,baseline.csv,20260425_204331
20140908-02,2014-09-08,2014,9,8,Mon,1,10,24,32,38,105,4,1,1,baseline.csv,20260425_204331
20140909-01,2014-09-09,2014,9,9,Tue,2,4,7,11,32,56,3,2,1,baseline.csv,20260425_204331
20140909-02,2014-09-09,2014,9,9,Tue,8,11,13,35,43,110,1,4,1,baseline.csv,20260425_204331
20140910-01,2014-09-10,2014,9,10,Wed,10,22,33,39,43,147,2,3,1,baseline.csv,20260425_204331
20140910-02,2014-09-10,2014,9,10,Wed,1,13,21,23,31,89,0,5,1,baseline.csv,20260425_204331
20140911-01,2014-09-11,2014,9,11,Thu,20,27,28,30,39,144,3,2,2,baseline.csv,20260425_204331
20140911-02,2014-09-11,2014,9,11,Thu,19,21,26,41,44,151,2,3,1,baseline.csv,20260425_204331
20140912-01,2014-09-12,2014,9,12,Fri,18,21,22,33,42,136,3,2,2,baseline.csv,20260425_204331
20140912-02,2014-09-12,2014,9,12,Fri,6,20,34,38,42,140,5,0,1,baseline.csv,20260425_204331
20140913-01,2014-09-13,2014,9,13,Sat,9,10,16,38,39,112,3,2,2,baseline.csv,20260425_204331
20140913-02,2014-09-13,2014,9,13,Sat,4,11,23,27,45,110,1,4,1,baseline.csv,20260425_204331
20140914-01,2014-09-14,2014,9,14,Sun,18,34,35,37,43,167,2,3,2,baseline.csv,20260425_204331
20140914-02,2014-09-14,2014,9,14,Sun,3,6,32,35,45,121,2,3,1,baseline.csv,20260425_204331
20140915-01,2014-09-15,2014,9,15,Mon,22,24,30,41,44,161,4,1,1,baseline.csv,20260425_204331
20140915-02,2014-09-15,2014,9,15,Mon,4,12,34,39,42,131,4,1,1,baseline.csv,20260425_204331
20140916-01,2014-09-16,2014,9,16,Tue,1,30,33,40,43,147,2,3,1,baseline.csv,20260425_204331
20140916-02,2014-09-16,2014,9,16,Tue,7,21,29,32,39,128,1,4,1,baseline.csv,20260425_204331
20140917-01,2014-09-17,2014,9,17,Wed,1,13,16,17,19,66,1,4,2,baseline.csv,20260425_204331
20140917-02,2014-09-17,2014,9,17,Wed,1,24,26,30,45,126,3,2,1,baseline.csv,20260425_204331
20140918-01,2014-09-18,2014,9,18,Thu,1,7,33,35,45,121,0,5,1,baseline.csv,20260425_204331
20140918-02,2014-09-18,2014,9,18,Thu,1,5,15,23,29,73,0,5,1,baseline.csv,20260425_204331
20140919-01,2014-09-19,2014,9,19,Fri,2,19,30,40,41,132,3,2,2,baseline.csv,20260425_204331
20140919-02,2014-09-19,2014,9,19,Fri,2,7,9,23,38,79,2,3,1,baseline.csv,20260425_204331
20140920-01,2014-09-20,2014,9,20,Sat,8,10,13,21,36,88,3,2,1,baseline.csv,20260425_204331
20140920-02,2014-09-20,2014,9,20,Sat,3,14,18,39,43,117,2,3,1,baseline.csv,20260425_204331
20140921-01,2014-09-21,2014,9,21,Sun,30,31,32,34,36,163,4,1,3,baseline.csv,20260425_204331
20140921-02,2014-09-21,2014,9,21,Sun,1,17,19,24,41,102,1,4,1,baseline.csv,20260425_204331
20140922-01,2014-09-22,2014,9,22,Mon,1,19,22,32,36,110,3,2,1,baseline.csv,20260425_204331
20140922-02,2014-09-22,2014,9,22,Mon,11,20,29,32,36,128,3,2,1,baseline.csv,20260425_204331
20140923-01,2014-09-23,2014,9,23,Tue,6,29,36,40,41,152,3,2,2,baseline.csv,20260425_204331
20140923-02,2014-09-23,2014,9,23,Tue,5,12,13,29,43,102,1,4,2,baseline.csv,20260425_204331
20140924-01,2014-09-24,2014,9,24,Wed,1,7,10,11,28,57,2,3,2,baseline.csv,20260425_204331
20140924-02,2014-09-24,2014,9,24,Wed,9,11,28,36,43,127,2,3,1,baseline.csv,20260425_204331
20140925-01,2014-09-25,2014,9,25,Thu,6,7,14,18,36,81,4,1,2,baseline.csv,20260425_204331
20140925-02,2014-09-25,2014,9,25,Thu,7,12,15,22,44,100,3,2,1,baseline.csv,20260425_204331
20140926-01,2014-09-26,2014,9,26,Fri,3,8,16,27,29,83,2,3,1,baseline.csv,20260425_204331
20140926-02,2014-09-26,2014,9,26,Fri,14,18,27,32,39,130,3,2,1,baseline.csv,20260425_204331
20140927-01,2014-09-27,2014,9,27,Sat,5,7,28,36,45,121,2,3,1,baseline.csv,20260425_204331
20140927-02,2014-09-27,2014,9,27,Sat,5,8,12,23,34,82,3,2,1,baseline.csv,20260425_204331
20140928-01,2014-09-28,2014,9,28,Sun,1,5,9,12,23,50,1,4,1,baseline.csv,20260425_204331
20140928-02,2014-09-28,2014,9,28,Sun,4,17,21,37,44,123,2,3,1,baseline.csv,20260425_204331
20140929-01,2014-09-29,2014,9,29,Mon,2,11,18,34,41,106,3,2,1,baseline.csv,20260425_204331
20140929-02,2014-09-29,2014,9,29,Mon,4,5,16,18,44,87,4,1,2,baseline.csv,20260425_204331
20140930-01,2014-09-30,2014,9,30,Tue,1,15,20,27,41,104,1,4,1,baseline.csv,20260425_204331
20140930-02,2014-09-30,2014,9,30,Tue,1,12,22,23,40,98,3,2,2,baseline.csv,20260425_204331
20141001-01,2014-10-01,2014,10,1,Wed,11,14,22,26,38,111,4,1,1,baseline.csv,20260425_204331
20141001-02,2014-10-01,2014,10,1,Wed,15,16,19,24,45,119,2,3,2,baseline.csv,20260425_204331
20141002-01,2014-10-02,2014,10,2,Thu,10,14,17,41,43,125,2,3,1,baseline.csv,20260425_204331
20141002-02,2014-10-02,2014,10,2,Thu,8,9,38,40,45,140,3,2,2,baseline.csv,20260425_204331
20141003-01,2014-10-03,2014,10,3,Fri,3,11,17,24,31,86,1,4,1,baseline.csv,20260425_204331
20141003-02,2014-10-03,2014,10,3,Fri,5,6,35,39,42,127,2,3,2,baseline.csv,20260425_204331
20141004-01,2014-10-04,2014,10,4,Sat,14,18,23,26,29,110,3,2,1,baseline.csv,20260425_204331
20141004-02,2014-10-04,2014,10,4,Sat,6,18,24,26,42,116,5,0,1,baseline.csv,20260425_204331
20141005-01,2014-10-05,2014,10,5,Sun,6,13,21,28,40,108,3,2,1,baseline.csv,20260425_204331
20141005-02,2014-10-05,2014,10,5,Sun,17,20,23,28,30,118,3,2,1,baseline.csv,20260425_204331
20141006-01,2014-10-06,2014,10,6,Mon,5,18,21,39,41,124,1,4,1,baseline.csv,20260425_204331
20141006-02,2014-10-06,2014,10,6,Mon,8,9,11,34,43,105,2,3,2,baseline.csv,20260425_204331
20141007-01,2014-10-07,2014,10,7,Tue,5,7,14,24,29,79,2,3,1,baseline.csv,20260425_204331
20141007-02,2014-10-07,2014,10,7,Tue,12,13,15,35,41,116,1,4,2,baseline.csv,20260425_204331
20141008-01,2014-10-08,2014,10,8,Wed,10,12,18,27,34,101,4,1,1,baseline.csv,20260425_204331
20141008-02,2014-10-08,2014,10,8,Wed,4,25,31,42,44,146,3,2,1,baseline.csv,20260425_204331
20141009-01,2014-10-09,2014,10,9,Thu,2,4,14,29,33,82,3,2,1,baseline.csv,20260425_204331
20141009-02,2014-10-09,2014,10,9,Thu,13,18,20,21,23,95,2,3,2,baseline.csv,20260425_204331
20141010-01,2014-10-10,2014,10,10,Fri,18,23,25,32,39,137,2,3,1,baseline.csv,20260425_204331
20141010-02,2014-10-10,2014,10,10,Fri,12,15,18,20,25,90,3,2,1,baseline.csv,20260425_204331
20141011-01,2014-10-11,2014,10,11,Sat,1,29,36,44,45,155,2,3,2,baseline.csv,20260425_204331
20141011-02,2014-10-11,2014,10,11,Sat,8,26,41,44,45,164,3,2,2,baseline.csv,20260425_204331
20141012-01,2014-10-12,2014,10,12,Sun,6,20,29,30,36,121,4,1,2,baseline.csv,20260425_204331
20141012-02,2014-10-12,2014,10,12,Sun,2,11,17,19,24,73,2,3,1,baseline.csv,20260425_204331
20141013-01,2014-10-13,2014,10,13,Mon,4,5,13,19,42,83,2,3,2,baseline.csv,20260425_204331
20141013-02,2014-10-13,2014,10,13,Mon,8,14,18,39,42,121,4,1,1,baseline.csv,20260425_204331
20141014-01,2014-10-14,2014,10,14,Tue,6,7,19,26,33,91,2,3,2,baseline.csv,20260425_204331
20141014-02,2014-10-14,2014,10,14,Tue,1,5,6,7,45,64,1,4,3,baseline.csv,20260425_204331
20141015-01,2014-10-15,2014,10,15,Wed,3,5,15,36,39,98,1,4,1,baseline.csv,20260425_204331
20141015-02,2014-10-15,2014,10,15,Wed,6,7,24,36,41,114,3,2,2,baseline.csv,20260425_204331
20141016-01,2014-10-16,2014,10,16,Thu,12,19,20,37,38,126,3,2,2,baseline.csv,20260425_204331
20141016-02,2014-10-16,2014,10,16,Thu,17,21,25,28,35,126,1,4,1,baseline.csv,20260425_204331
20141017-01,2014-10-17,2014,10,17,Fri,14,15,24,31,45,129,2,3,2,baseline.csv,20260425_204331
20141017-02,2014-10-17,2014,10,17,Fri,9,14,37,38,45,143,2,3,2,baseline.csv,20260425_204331
20141018-01,2014-10-18,2014,10,18,Sat,9,22,32,36,45,144,3,2,1,baseline.csv,20260425_204331
20141018-02,2014-10-18,2014,10,18,Sat,8,29,32,37,43,149,2,3,1,baseline.csv,20260425_204331
20141019-01,2014-10-19,2014,10,19,Sun,12,18,22,29,42,123,4,1,1,baseline.csv,20260425_204331
20141019-02,2014-10-19,2014,10,19,Sun,2,6,13,32,33,86,3,2,2,baseline.csv,20260425_204331
20141020-01,2014-10-20,2014,10,20,Mon,18,19,24,28,32,121,4,1,2,baseline.csv,20260425_204331
20141020-02,2014-10-20,2014,10,20,Mon,1,3,7,25,33,69,0,5,1,baseline.csv,20260425_204331
20141021-01,2014-10-21,2014,10,21,Tue,13,21,36,39,42,151,2,3,1,baseline.csv,20260425_204331
20141021-02,2014-10-21,2014,10,21,Tue,3,18,31,42,43,137,2,3,2,baseline.csv,20260425_204331
20141022-01,2014-10-22,2014,10,22,Wed,11,20,25,34,39,129,2,3,1,baseline.csv,20260425_204331
20141022-02,2014-10-22,2014,10,22,Wed,16,31,38,42,44,171,4,1,1,baseline.csv,20260425_204331
20141023-01,2014-10-23,2014,10,23,Thu,5,7,17,26,34,89,2,3,1,baseline.csv,20260425_204331
20141023-02,2014-10-23,2014,10,23,Thu,9,18,22,29,33,111,2,3,1,baseline.csv,20260425_204331
20141024-01,2014-10-24,2014,10,24,Fri,2,19,24,29,40,114,3,2,1,baseline.csv,20260425_204331
20141024-02,2014-10-24,2014,10,24,Fri,6,10,22,31,43,112,3,2,1,baseline.csv,20260425_204331
20141025-01,2014-10-25,2014,10,25,Sat,3,4,11,14,25,57,2,3,2,baseline.csv,20260425_204331
20141025-02,2014-10-25,2014,10,25,Sat,4,19,39,42,43,147,2,3,2,baseline.csv,20260425_204331
20141026-01,2014-10-26,2014,10,26,Sun,4,18,21,28,37,108,3,2,1,baseline.csv,20260425_204331
20141026-02,2014-10-26,2014,10,26,Sun,3,10,15,22,42,92,3,2,1,baseline.csv,20260425_204331
20141027-01,2014-10-27,2014,10,27,Mon,2,11,22,29,43,107,2,3,1,baseline.csv,20260425_204331
20141027-02,2014-10-27,2014,10,27,Mon,16,17,18,25,41,117,2,3,3,baseline.csv,20260425_204331
20141028-01,2014-10-28,2014,10,28,Tue,1,4,7,17,23,52,1,4,1,baseline.csv,20260425_204331
20141028-02,2014-10-28,2014,10,28,Tue,1,2,9,13,42,67,2,3,2,baseline.csv,20260425_204331
20141029-01,2014-10-29,2014,10,29,Wed,9,15,22,36,37,119,2,3,2,baseline.csv,20260425_204331
20141029-02,2014-10-29,2014,10,29,Wed,10,19,24,31,37,121,2,3,1,baseline.csv,20260425_204331
20141030-01,2014-10-30,2014,10,30,Thu,5,13,17,37,41,113,0,5,1,baseline.csv,20260425_204331
20141030-02,2014-10-30,2014,10,30,Thu,3,6,13,15,21,58,1,4,1,baseline.csv,20260425_204331
20141031-01,2014-10-31,2014,10,31,Fri,4,8,9,16,40,77,4,1,2,baseline.csv,20260425_204331
20141031-02,2014-10-31,2014,10,31,Fri,6,8,10,13,40,77,4,1,1,baseline.csv,20260425_204331
20141101-01,2014-11-01,2014,11,1,Sat,3,12,18,23,37,93,2,3,1,baseline.csv,20260425_204331
20141101-02,2014-11-01,2014,11,1,Sat,2,19,21,32,37,111,2,3,1,baseline.csv,20260425_204331
20141102-01,2014-11-02,2014,11,2,Sun,6,25,28,30,36,125,4,1,1,baseline.csv,20260425_204331
20141102-02,2014-11-02,2014,11,2,Sun,21,25,30,41,42,159,2,3,2,baseline.csv,20260425_204331
20141103-01,2014-11-03,2014,11,3,Mon,14,20,36,40,42,152,5,0,1,baseline.csv,20260425_204331
20141103-02,2014-11-03,2014,11,3,Mon,5,15,28,34,40,122,3,2,1,baseline.csv,20260425_204331
20141104-01,2014-11-04,2014,11,4,Tue,4,12,24,38,45,123,4,1,1,baseline.csv,20260425_204331
20141104-02,2014-11-04,2014,11,4,Tue,2,4,19,22,33,80,3,2,1,baseline.csv,20260425_204331
20141105-01,2014-11-05,2014,11,5,Wed,10,11,16,21,22,80,3,2,2,baseline.csv,20260425_204331
20141105-02,2014-11-05,2014,11,5,Wed,9,25,36,40,45,155,2,3,1,baseline.csv,20260425_204331
20141106-01,2014-11-06,2014,11,6,Thu,1,6,23,30,35,95,2,3,1,baseline.csv,20260425_204331
20141106-02,2014-11-06,2014,11,6,Thu,10,12,20,23,45,110,3,2,1,baseline.csv,20260425_204331
20141107-01,2014-11-07,2014,11,7,Fri,2,7,21,35,38,103,2,3,1,baseline.csv,20260425_204331
20141107-02,2014-11-07,2014,11,7,Fri,23,30,38,41,42,174,3,2,2,baseline.csv,20260425_204331
20141108-01,2014-11-08,2014,11,8,Sat,12,19,24,28,38,121,4,1,1,baseline.csv,20260425_204331
20141108-02,2014-11-08,2014,11,8,Sat,21,30,32,40,42,165,4,1,1,baseline.csv,20260425_204331
20141109-01,2014-11-09,2014,11,9,Sun,8,15,29,38,40,130,3,2,1,baseline.csv,20260425_204331
20141109-02,2014-11-09,2014,11,9,Sun,3,8,10,31,44,96,3,2,1,baseline.csv,20260425_204331
20141110-01,2014-11-10,2014,11,10,Mon,2,3,11,36,38,90,3,2,2,baseline.csv,20260425_204331
20141110-02,2014-11-10,2014,11,10,Mon,14,29,34,37,43,157,2,3,1,baseline.csv,20260425_204331
20141111-01,2014-11-11,2014,11,11,Tue,1,11,27,39,43,121,0,5,1,baseline.csv,20260425_204331
20141111-02,2014-11-11,2014,11,11,Tue,10,16,37,42,43,148,3,2,2,baseline.csv,20260425_204331
20141112-01,2014-11-12,2014,11,12,Wed,2,7,17,18,26,70,3,2,2,baseline.csv,20260425_204331
20141112-02,2014-11-12,2014,11,12,Wed,4,9,20,31,34,98,3,2,1,baseline.csv,20260425_204331
20141113-01,2014-11-13,2014,11,13,Thu,26,33,35,37,41,172,1,4,1,baseline.csv,20260425_204331
20141113-02,2014-11-13,2014,11,13,Thu,10,23,24,25,43,125,2,3,3,baseline.csv,20260425_204331
20141114-01,2014-11-14,2014,11,14,Fri,19,20,26,34,37,136,3,2,2,baseline.csv,20260425_204331
20141114-02,2014-11-14,2014,11,14,Fri,5,27,31,36,40,139,2,3,1,baseline.csv,20260425_204331
20141115-01,2014-11-15,2014,11,15,Sat,6,8,24,25,33,96,3,2,2,baseline.csv,20260425_204331
20141115-02,2014-11-15,2014,11,15,Sat,13,16,28,32,34,123,4,1,1,baseline.csv,20260425_204331
20141116-01,2014-11-16,2014,11,16,Sun,3,7,27,36,42,115,2,3,1,baseline.csv,20260425_204331
20141116-02,2014-11-16,2014,11,16,Sun,11,14,27,31,43,126,1,4,1,baseline.csv,20260425_204331
20141117-01,2014-11-17,2014,11,17,Mon,16,29,40,42,44,171,4,1,1,baseline.csv,20260425_204331
20141117-02,2014-11-17,2014,11,17,Mon,3,6,15,21,25,70,1,4,1,baseline.csv,20260425_204331
20141118-01,2014-11-18,2014,11,18,Tue,8,12,28,40,43,131,4,1,1,baseline.csv,20260425_204331
20141118-02,2014-11-18,2014,11,18,Tue,2,19,23,31,35,110,1,4,1,baseline.csv,20260425_204331
20141119-01,2014-11-19,2014,11,19,Wed,2,9,14,30,35,90,3,2,1,baseline.csv,20260425_204331
20141119-02,2014-11-19,2014,11,19,Wed,27,32,33,38,44,174,3,2,2,baseline.csv,20260425_204331
20141120-01,2014-11-20,2014,11,20,Thu,7,20,38,42,43,150,3,2,2,baseline.csv,20260425_204331
20141120-02,2014-11-20,2014,11,20,Thu,6,15,22,36,39,118,3,2,1,baseline.csv,20260425_204331
20141121-01,2014-11-21,2014,11,21,Fri,10,11,17,21,41,100,1,4,2,baseline.csv,20260425_204331
20141121-02,2014-11-21,2014,11,21,Fri,5,19,34,38,45,141,2,3,1,baseline.csv,20260425_204331
20141122-01,2014-11-22,2014,11,22,Sat,2,13,17,38,42,112,3,2,1,baseline.csv,20260425_204331
20141122-02,2014-11-22,2014,11,22,Sat,3,25,28,34,38,128,3,2,1,baseline.csv,20260425_204331
20141123-01,2014-11-23,2014,11,23,Sun,1,4,10,15,45,75,2,3,1,baseline.csv,20260425_204331
20141123-02,2014-11-23,2014,11,23,Sun,1,7,11,39,44,102,1,4,1,baseline.csv,20260425_204331
20141124-01,2014-11-24,2014,11,24,Mon,1,5,8,13,19,46,1,4,1,baseline.csv,20260425_204331
20141124-02,2014-11-24,2014,11,24,Mon,8,13,29,34,37,121,2,3,1,baseline.csv,20260425_204331
20141125-01,2014-11-25,2014,11,25,Tue,4,23,28,31,39,125,2,3,1,baseline.csv,20260425_204331
20141125-02,2014-11-25,2014,11,25,Tue,1,23,27,29,32,112,1,4,1,baseline.csv,20260425_204331
20141126-01,2014-11-26,2014,11,26,Wed,1,9,10,19,25,64,1,4,2,baseline.csv,20260425_204331
20141126-02,2014-11-26,2014,11,26,Wed,1,10,33,39,45,128,1,4,1,baseline.csv,20260425_204331
20141127-01,2014-11-27,2014,11,27,Thu,1,17,18,40,41,117,2,3,2,baseline.csv,20260425_204331
20141127-02,2014-11-27,2014,11,27,Thu,8,12,17,24,43,104,3,2,1,baseline.csv,20260425_204331
20141128-01,2014-11-28,2014,11,28,Fri,2,4,23,32,40,101,4,1,1,baseline.csv,20260425_204331
20141128-02,2014-11-28,2014,11,28,Fri,4,7,16,25,44,96,3,2,1,baseline.csv,20260425_204331
20141129-01,2014-11-29,2014,11,29,Sat,8,17,32,36,40,133,4,1,1,baseline.csv,20260425_204331
20141129-02,2014-11-29,2014,11,29,Sat,12,19,30,32,38,131,4,1,1,baseline.csv,20260425_204331
20141130-01,2014-11-30,2014,11,30,Sun,2,6,32,38,41,119,4,1,1,baseline.csv,20260425_204331
20141130-02,2014-11-30,2014,11,30,Sun,16,18,33,34,40,141,4,1,2,baseline.csv,20260425_204331
20141201-01,2014-12-01,2014,12,1,Mon,2,6,19,32,34,93,4,1,1,baseline.csv,20260425_204331
20141201-02,2014-12-01,2014,12,1,Mon,8,20,29,31,37,125,2,3,1,baseline.csv,20260425_204331
20141202-01,2014-12-02,2014,12,2,Tue,1,18,22,28,29,98,3,2,2,baseline.csv,20260425_204331
20141202-02,2014-12-02,2014,12,2,Tue,2,17,21,32,37,109,2,3,1,baseline.csv,20260425_204331
20141203-01,2014-12-03,2014,12,3,Wed,12,17,27,30,43,129,2,3,1,baseline.csv,20260425_204331
20141203-02,2014-12-03,2014,12,3,Wed,10,26,31,35,42,144,3,2,1,baseline.csv,20260425_204331
20141204-01,2014-12-04,2014,12,4,Thu,25,26,27,35,37,150,1,4,3,baseline.csv,20260425_204331
20141204-02,2014-12-04,2014,12,4,Thu,5,12,16,24,34,91,4,1,1,baseline.csv,20260425_204331
20141205-01,2014-12-05,2014,12,5,Fri,10,14,23,34,35,116,3,2,2,baseline.csv,20260425_204331
20141205-02,2014-12-05,2014,12,5,Fri,4,6,10,22,34,76,5,0,1,baseline.csv,20260425_204331
20141206-01,2014-12-06,2014,12,6,Sat,7,13,19,29,41,109,0,5,1,baseline.csv,20260425_204331
20141206-02,2014-12-06,2014,12,6,Sat,4,9,12,33,37,95,2,3,1,baseline.csv,20260425_204331
20141207-01,2014-12-07,2014,12,7,Sun,5,8,13,20,38,84,3,2,1,baseline.csv,20260425_204331
20141207-02,2014-12-07,2014,12,7,Sun,1,8,15,16,31,71,2,3,2,baseline.csv,20260425_204331
20141208-01,2014-12-08,2014,12,8,Mon,7,17,25,28,45,122,1,4,1,baseline.csv,20260425_204331
20141208-02,2014-12-08,2014,12,8,Mon,4,19,22,26,30,101,4,1,1,baseline.csv,20260425_204331
20141209-01,2014-12-09,2014,12,9,Tue,3,10,15,34,44,106,3,2,1,baseline.csv,20260425_204331
20141209-02,2014-12-09,2014,12,9,Tue,9,23,27,37,40,136,1,4,1,baseline.csv,20260425_204331
20141210-01,2014-12-10,2014,12,10,Wed,11,18,19,31,34,113,2,3,2,baseline.csv,20260425_204331
20141210-02,2014-12-10,2014,12,10,Wed,15,20,28,40,44,147,4,1,1,baseline.csv,20260425_204331
20141211-01,2014-12-11,2014,12,11,Thu,10,26,27,31,45,139,2,3,2,baseline.csv,20260425_204331
20141211-02,2014-12-11,2014,12,11,Thu,4,7,14,25,27,77,2,3,1,baseline.csv,20260425_204331
20141212-01,2014-12-12,2014,12,12,Fri,10,14,22,29,40,115,4,1,1,baseline.csv,20260425_204331
20141212-02,2014-12-12,2014,12,12,Fri,7,17,20,21,26,91,2,3,2,baseline.csv,20260425_204331
20141213-01,2014-12-13,2014,12,13,Sat,19,23,38,41,43,164,1,4,1,baseline.csv,20260425_204331
20141213-02,2014-12-13,2014,12,13,Sat,4,18,23,27,40,112,3,2,1,baseline.csv,20260425_204331
20141214-01,2014-12-14,2014,12,14,Sun,15,24,27,37,40,143,2,3,1,baseline.csv,20260425_204331
20141214-02,2014-12-14,2014,12,14,Sun,15,19,31,38,43,146,1,4,1,baseline.csv,20260425_204331
20141215-01,2014-12-15,2014,12,15,Mon,4,5,29,31,33,102,1,4,2,baseline.csv,20260425_204331
20141215-02,2014-12-15,2014,12,15,Mon,6,35,37,38,41,157,2,3,2,baseline.csv,20260425_204331
20141216-01,2014-12-16,2014,12,16,Tue,7,18,20,26,42,113,4,1,1,baseline.csv,20260425_204331
20141216-02,2014-12-16,2014,12,16,Tue,4,9,12,20,42,87,4,1,1,baseline.csv,20260425_204331
20141217-01,2014-12-17,2014,12,17,Wed,1,4,14,36,40,95,4,1,1,baseline.csv,20260425_204331
20141217-02,2014-12-17,2014,12,17,Wed,1,3,17,18,40,79,2,3,2,baseline.csv,20260425_204331
20141218-01,2014-12-18,2014,12,18,Thu,11,18,22,23,36,110,3,2,2,baseline.csv,20260425_204331
20141218-02,2014-12-18,2014,12,18,Thu,7,10,13,28,33,91,2,3,1,baseline.csv,20260425_204331
20141219-01,2014-12-19,2014,12,19,Fri,2,11,14,18,30,75,4,1,1,baseline.csv,20260425_204331
20141219-02,2014-12-19,2014,12,19,Fri,24,27,35,37,44,167,2,3,1,baseline.csv,20260425_204331
20141220-01,2014-12-20,2014,12,20,Sat,7,16,28,37,38,126,3,2,2,baseline.csv,20260425_204331
20141220-02,2014-12-20,2014,12,20,Sat,10,13,25,42,44,134,3,2,1,baseline.csv,20260425_204331
20141221-01,2014-12-21,2014,12,21,Sun,13,27,32,34,45,151,2,3,1,baseline.csv,20260425_204331
20141221-02,2014-12-21,2014,12,21,Sun,5,7,28,40,45,125,2,3,1,baseline.csv,20260425_204331
20141222-01,2014-12-22,2014,12,22,Mon,1,9,18,22,24,74,3,2,1,baseline.csv,20260425_204331
20141222-02,2014-12-22,2014,12,22,Mon,16,29,30,40,43,158,3,2,2,baseline.csv,20260425_204331
20141223-01,2014-12-23,2014,12,23,Tue,3,8,13,20,21,65,2,3,2,baseline.csv,20260425_204331
20141223-02,2014-12-23,2014,12,23,Tue,12,17,19,38,45,131,2,3,1,baseline.csv,20260425_204331
20141224-01,2014-12-24,2014,12,24,Wed,7,18,19,21,37,102,1,4,2,baseline.csv,20260425_204331
20141224-02,2014-12-24,2014,12,24,Wed,6,21,25,27,32,111,2,3,1,baseline.csv,20260425_204331
20141225-01,2014-12-25,2014,12,25,Thu,6,18,32,36,45,137,4,1,1,baseline.csv,20260425_204331
20141225-02,2014-12-25,2014,12,25,Thu,8,14,17,25,30,94,3,2,1,baseline.csv,20260425_204331
20141226-01,2014-12-26,2014,12,26,Fri,12,22,24,28,36,122,5,0,1,baseline.csv,20260425_204331
20141226-02,2014-12-26,2014,12,26,Fri,2,6,9,19,22,58,3,2,1,baseline.csv,20260425_204331
20141227-01,2014-12-27,2014,12,27,Sat,4,10,21,22,44,101,4,1,2,baseline.csv,20260425_204331
20141227-02,2014-12-27,2014,12,27,Sat,13,22,23,27,38,123,2,3,2,baseline.csv,20260425_204331
20141228-01,2014-12-28,2014,12,28,Sun,14,15,19,29,42,119,2,3,2,baseline.csv,20260425_204331
20141228-02,2014-12-28,2014,12,28,Sun,7,26,28,33,35,129,2,3,1,baseline.csv,20260425_204331
20141229-01,2014-12-29,2014,12,29,Mon,4,13,21,26,36,100,3,2,1,baseline.csv,20260425_204331
20141229-02,2014-12-29,2014,12,29,Mon,20,30,31,35,37,153,2,3,2,baseline.csv,20260425_204331
20141230-01,2014-12-30,2014,12,30,Tue,17,26,35,38,42,158,3,2,1,baseline.csv,20260425_204331
20141230-02,2014-12-30,2014,12,30,Tue,1,7,16,33,36,93,2,3,1,baseline.csv,20260425_204331
20141231-01,2014-12-31,2014,12,31,Wed,2,9,11,16,30,68,3,2,1,baseline.csv,20260425_204331
20141231-02,2014-12-31,2014,12,31,Wed,5,8,16,24,42,95,4,1,1,baseline.csv,20260425_204331
20150101-01,2015-01-01,2015,1,1,Thu,6,11,12,17,42,88,3,2,2,baseline.csv,20260425_204331
20150101-02,2015-01-01,2015,1,1,Thu,5,6,10,11,35,67,2,3,2,baseline.csv,20260425_204331
20150102-01,2015-01-02,2015,1,2,Fri,1,10,15,27,34,87,2,3,1,baseline.csv,20260425_204331
20150102-02,2015-01-02,2015,1,2,Fri,17,30,31,35,43,156,1,4,2,baseline.csv,20260425_204331
20150103-01,2015-01-03,2015,1,3,Sat,6,10,12,13,39,80,3,2,2,baseline.csv,20260425_204331
20150103-02,2015-01-03,2015,1,3,Sat,8,13,15,17,27,80,1,4,1,baseline.csv,20260425_204331
20150104-01,2015-01-04,2015,1,4,Sun,17,32,37,38,44,168,3,2,2,baseline.csv,20260425_204331
20150104-02,2015-01-04,2015,1,4,Sun,6,20,26,28,30,110,5,0,1,baseline.csv,20260425_204331
20150105-01,2015-01-05,2015,1,5,Mon,7,14,20,32,34,107,4,1,1,baseline.csv,20260425_204331
20150105-02,2015-01-05,2015,1,5,Mon,2,6,24,29,42,103,4,1,1,baseline.csv,20260425_204331
20150106-01,2015-01-06,2015,1,6,Tue,2,12,21,24,41,100,3,2,1,baseline.csv,20260425_204331
20150106-02,2015-01-06,2015,1,6,Tue,8,21,27,29,41,126,1,4,1,baseline.csv,20260425_204331
20150107-01,2015-01-07,2015,1,7,Wed,16,22,30,32,41,141,4,1,1,baseline.csv,20260425_204331
20150107-02,2015-01-07,2015,1,7,Wed,11,25,34,36,42,148,3,2,1,baseline.csv,20260425_204331
20150108-01,2015-01-08,2015,1,8,Thu,13,16,29,34,38,130,3,2,1,baseline.csv,20260425_204331
20150108-02,2015-01-08,2015,1,8,Thu,2,12,15,19,22,70,3,2,1,baseline.csv,20260425_204331
20150109-01,2015-01-09,2015,1,9,Fri,2,9,15,26,41,93,2,3,1,baseline.csv,20260425_204331
20150109-02,2015-01-09,2015,1,9,Fri,14,18,35,37,38,142,3,2,2,baseline.csv,20260425_204331
20150110-01,2015-01-10,2015,1,10,Sat,18,35,36,44,45,178,3,2,2,baseline.csv,20260425_204331
20150110-02,2015-01-10,2015,1,10,Sat,1,10,21,27,37,96,1,4,1,baseline.csv,20260425_204331
20150111-01,2015-01-11,2015,1,11,Sun,9,32,33,41,45,160,1,4,2,baseline.csv,20260425_204331
20150111-02,2015-01-11,2015,1,11,Sun,11,26,27,36,43,143,2,3,2,baseline.csv,20260425_204331
20150112-01,2015-01-12,2015,1,12,Mon,5,7,42,43,45,142,1,4,2,baseline.csv,20260425_204331
20150112-02,2015-01-12,2015,1,12,Mon,7,24,25,34,39,129,2,3,2,baseline.csv,20260425_204331
20150113-01,2015-01-13,2015,1,13,Tue,7,18,25,26,30,106,3,2,2,baseline.csv,20260425_204331
20150113-02,2015-01-13,2015,1,13,Tue,5,7,12,23,32,79,2,3,1,baseline.csv,20260425_204331
20150114-01,2015-01-14,2015,1,14,Wed,5,11,17,40,43,116,1,4,1,baseline.csv,20260425_204331
20150114-02,2015-01-14,2015,1,14,Wed,1,11,16,34,36,98,3,2,1,baseline.csv,20260425_204331
20150115-01,2015-01-15,2015,1,15,Thu,3,14,32,37,41,127,2,3,1,baseline.csv,20260425_204331
20150115-02,2015-01-15,2015,1,15,Thu,16,18,20,21,31,106,3,2,2,baseline.csv,20260425_204331
20150116-01,2015-01-16,2015,1,16,Fri,8,14,21,22,34,99,4,1,2,baseline.csv,20260425_204331
20150116-02,2015-01-16,2015,1,16,Fri,10,14,19,30,36,109,4,1,1,baseline.csv,20260425_204331
20150117-01,2015-01-17,2015,1,17,Sat,2,16,32,41,43,134,3,2,1,baseline.csv,20260425_204331
20150117-02,2015-01-17,2015,1,17,Sat,4,17,26,42,44,133,4,1,1,baseline.csv,20260425_204331
20150118-01,2015-01-18,2015,1,18,Sun,2,3,9,12,43,69,2,3,2,baseline.csv,20260425_204331
20150118-02,2015-01-18,2015,1,18,Sun,1,14,20,24,31,90,3,2,1,baseline.csv,20260425_204331
20150119-01,2015-01-19,2015,1,19,Mon,11,31,32,38,41,153,2,3,2,baseline.csv,20260425_204331
20150119-02,2015-01-19,2015,1,19,Mon,1,7,22,34,40,104,3,2,1,baseline.csv,20260425_204331
20150120-01,2015-01-20,2015,1,20,Tue,3,9,10,39,40,101,2,3,2,baseline.csv,20260425_204331
20150120-02,2015-01-20,2015,1,20,Tue,1,6,23,29,42,101,2,3,1,baseline.csv,20260425_204331
20150121-01,2015-01-21,2015,1,21,Wed,12,24,26,35,37,134,3,2,1,baseline.csv,20260425_204331
20150121-02,2015-01-21,2015,1,21,Wed,7,19,23,27,38,114,1,4,1,baseline.csv,20260425_204331
20150122-01,2015-01-22,2015,1,22,Thu,7,8,12,29,37,93,2,3,2,baseline.csv,20260425_204331
20150122-02,2015-01-22,2015,1,22,Thu,1,8,23,34,42,108,3,2,1,baseline.csv,20260425_204331
20150123-01,2015-01-23,2015,1,23,Fri,25,32,35,42,43,177,2,3,2,baseline.csv,20260425_204331
20150123-02,2015-01-23,2015,1,23,Fri,5,9,30,31,45,120,1,4,2,baseline.csv,20260425_204331
20150124-01,2015-01-24,2015,1,24,Sat,10,23,24,27,44,128,3,2,2,baseline.csv,20260425_204331
20150124-02,2015-01-24,2015,1,24,Sat,2,23,28,31,39,123,2,3,1,baseline.csv,20260425_204331
20150125-01,2015-01-25,2015,1,25,Sun,17,19,20,25,45,126,1,4,2,baseline.csv,20260425_204331
20150125-02,2015-01-25,2015,1,25,Sun,7,12,20,30,38,107,4,1,1,baseline.csv,20260425_204331
20150126-01,2015-01-26,2015,1,26,Mon,3,4,29,33,37,106,1,4,2,baseline.csv,20260425_204331
20150126-02,2015-01-26,2015,1,26,Mon,5,6,15,30,40,96,3,2,2,baseline.csv,20260425_204331
20150127-01,2015-01-27,2015,1,27,Tue,5,19,20,26,33,103,2,3,2,baseline.csv,20260425_204331
20150127-02,2015-01-27,2015,1,27,Tue,6,18,23,28,32,107,4,1,1,baseline.csv,20260425_204331
20150128-01,2015-01-28,2015,1,28,Wed,8,10,11,29,39,97,2,3,2,baseline.csv,20260425_204331
20150128-02,2015-01-28,2015,1,28,Wed,12,31,37,38,40,158,3,2,2,baseline.csv,20260425_204331
20150129-01,2015-01-29,2015,1,29,Thu,2,5,12,21,42,82,3,2,1,baseline.csv,20260425_204331
20150129-02,2015-01-29,2015,1,29,Thu,2,24,34,35,44,139,4,1,2,baseline.csv,20260425_204331
20150130-01,2015-01-30,2015,1,30,Fri,9,19,21,24,30,103,2,3,1,baseline.csv,20260425_204331
20150130-02,2015-01-30,2015,1,30,Fri,16,22,25,28,31,122,3,2,1,baseline.csv,20260425_204331
20150131-01,2015-01-31,2015,1,31,Sat,3,25,27,31,41,127,0,5,1,baseline.csv,20260425_204331
20150131-02,2015-01-31,2015,1,31,Sat,7,12,21,33,44,117,2,3,1,baseline.csv,20260425_204331
20150201-01,2015-02-01,2015,2,1,Sun,11,19,21,24,45,120,1,4,1,baseline.csv,20260425_204331
20150201-02,2015-02-01,2015,2,1,Sun,6,13,18,20,25,82,3,2,1,baseline.csv,20260425_204331
20150202-01,2015-02-02,2015,2,2,Mon,6,14,22,24,26,92,5,0,1,baseline.csv,20260425_204331
20150202-02,2015-02-02,2015,2,2,Mon,5,18,23,34,37,117,2,3,1,baseline.csv,20260425_204331
20150203-01,2015-02-03,2015,2,3,Tue,7,35,36,37,42,157,2,3,3,baseline.csv,20260425_204331
20150203-02,2015-02-03,2015,2,3,Tue,2,3,15,24,35,79,2,3,2,baseline.csv,20260425_204331
20150204-01,2015-02-04,2015,2,4,Wed,8,10,12,25,36,91,4,1,1,baseline.csv,20260425_204331
20150204-02,2015-02-04,2015,2,4,Wed,1,4,24,35,44,108,3,2,1,baseline.csv,20260425_204331
20150205-01,2015-02-05,2015,2,5,Thu,4,10,22,26,34,96,5,0,1,baseline.csv,20260425_204331
20150205-02,2015-02-05,2015,2,5,Thu,6,24,38,40,43,151,4,1,1,baseline.csv,20260425_204331
20150206-01,2015-02-06,2015,2,6,Fri,8,27,28,36,38,137,4,1,2,baseline.csv,20260425_204331
20150206-02,2015-02-06,2015,2,6,Fri,5,33,34,40,44,156,3,2,2,baseline.csv,20260425_204331
20150207-01,2015-02-07,2015,2,7,Sat,12,23,35,40,44,154,3,2,1,baseline.csv,20260425_204331
20150207-02,2015-02-07,2015,2,7,Sat,2,9,20,28,30,89,4,1,1,baseline.csv,20260425_204331
20150208-01,2015-02-08,2015,2,8,Sun,15,17,27,36,45,140,1,4,1,baseline.csv,20260425_204331
20150208-02,2015-02-08,2015,2,8,Sun,16,21,27,30,41,135,2,3,1,baseline.csv,20260425_204331
20150209-01,2015-02-09,2015,2,9,Mon,2,6,13,32,37,90,3,2,1,baseline.csv,20260425_204331
20150209-02,2015-02-09,2015,2,9,Mon,16,33,35,39,43,166,1,4,1,baseline.csv,20260425_204331
20150210-01,2015-02-10,2015,2,10,Tue,3,18,23,25,35,104,1,4,1,baseline.csv,20260425_204331
20150210-02,2015-02-10,2015,2,10,Tue,1,11,22,27,45,106,1,4,1,baseline.csv,20260425_204331
20150211-01,2015-02-11,2015,2,11,Wed,15,16,32,33,40,136,3,2,2,baseline.csv,20260425_204331
20150211-02,2015-02-11,2015,2,11,Wed,22,25,36,38,44,165,4,1,1,baseline.csv,20260425_204331
20150212-01,2015-02-12,2015,2,12,Thu,5,19,23,42,43,132,1,4,2,baseline.csv,20260425_204331
20150212-02,2015-02-12,2015,2,12,Thu,7,16,33,37,38,131,2,3,2,baseline.csv,20260425_204331
20150213-01,2015-02-13,2015,2,13,Fri,6,10,17,19,25,77,2,3,1,baseline.csv,20260425_204331
20150213-02,2015-02-13,2015,2,13,Fri,13,20,28,34,45,140,3,2,1,baseline.csv,20260425_204331
20150214-01,2015-02-14,2015,2,14,Sat,14,21,27,35,41,138,1,4,1,baseline.csv,20260425_204331
20150214-02,2015-02-14,2015,2,14,Sat,6,12,25,32,40,115,4,1,1,baseline.csv,20260425_204331
20150215-01,2015-02-15,2015,2,15,Sun,9,15,23,34,45,126,1,4,1,baseline.csv,20260425_204331
20150215-02,2015-02-15,2015,2,15,Sun,6,20,38,39,43,146,3,2,2,baseline.csv,20260425_204331
20150216-01,2015-02-16,2015,2,16,Mon,3,6,20,31,36,96,3,2,1,baseline.csv,20260425_204331
20150216-02,2015-02-16,2015,2,16,Mon,1,5,26,35,42,109,2,3,1,baseline.csv,20260425_204331
20150217-01,2015-02-17,2015,2,17,Tue,19,26,31,39,42,157,2,3,1,baseline.csv,20260425_204331
20150217-02,2015-02-17,2015,2,17,Tue,3,7,12,27,44,93,2,3,1,baseline.csv,20260425_204331
20150218-01,2015-02-18,2015,2,18,Wed,20,28,31,32,43,154,3,2,2,baseline.csv,20260425_204331
20150218-02,2015-02-18,2015,2,18,Wed,10,18,20,27,29,104,3,2,1,baseline.csv,20260425_204331
20150219-01,2015-02-19,2015,2,19,Thu,8,12,30,34,42,126,5,0,1,baseline.csv,20260425_204331
20150219-02,2015-02-19,2015,2,19,Thu,18,24,40,42,44,168,5,0,1,baseline.csv,20260425_204331
20150220-01,2015-02-20,2015,2,20,Fri,1,14,27,40,42,124,3,2,1,baseline.csv,20260425_204331
20150220-02,2015-02-20,2015,2,20,Fri,12,16,18,33,39,118,3,2,1,baseline.csv,20260425_204331
20150221-01,2015-02-21,2015,2,21,Sat,19,21,23,30,34,127,2,3,1,baseline.csv,20260425_204331
20150221-02,2015-02-21,2015,2,21,Sat,3,7,21,23,30,84,1,4,1,baseline.csv,20260425_204331
20150222-01,2015-02-22,2015,2,22,Sun,21,26,28,34,41,150,3,2,1,baseline.csv,20260425_204331
20150222-02,2015-02-22,2015,2,22,Sun,3,7,8,21,28,67,2,3,2,baseline.csv,20260425_204331
20150223-01,2015-02-23,2015,2,23,Mon,7,9,18,22,35,91,2,3,1,baseline.csv,20260425_204331
20150223-02,2015-02-23,2015,2,23,Mon,5,9,14,26,45,99,2,3,1,baseline.csv,20260425_204331
20150224-01,2015-02-24,2015,2,24,Tue,11,15,37,41,43,147,0,5,1,baseline.csv,20260425_204331
20150224-02,2015-02-24,2015,2,24,Tue,23,24,30,31,42,150,3,2,2,baseline.csv,20260425_204331
20150225-01,2015-02-25,2015,2,25,Wed,9,12,14,19,38,92,3,2,1,baseline.csv,20260425_204331
20150225-02,2015-02-25,2015,2,25,Wed,7,13,20,21,27,88,1,4,2,baseline.csv,20260425_204331
20150226-01,2015-02-26,2015,2,26,Thu,5,11,16,39,40,111,2,3,2,baseline.csv,20260425_204331
20150226-02,2015-02-26,2015,2,26,Thu,4,14,17,27,39,101,2,3,1,baseline.csv,20260425_204331
20150227-01,2015-02-27,2015,2,27,Fri,1,6,17,21,25,70,1,4,1,baseline.csv,20260425_204331
20150227-02,2015-02-27,2015,2,27,Fri,12,16,19,36,37,120,3,2,2,baseline.csv,20260425_204331
20150228-01,2015-02-28,2015,2,28,Sat,3,6,18,20,45,92,3,2,1,baseline.csv,20260425_204331
20150228-02,2015-02-28,2015,2,28,Sat,8,9,19,23,39,98,1,4,2,baseline.csv,20260425_204331
20150301-01,2015-03-01,2015,3,1,Sun,15,24,33,37,44,153,2,3,1,baseline.csv,20260425_204331
20150301-02,2015-03-01,2015,3,1,Sun,3,7,17,22,30,79,2,3,1,baseline.csv,20260425_204331
20150302-01,2015-03-02,2015,3,2,Mon,15,24,27,39,44,149,2,3,1,baseline.csv,20260425_204331
20150302-02,2015-03-02,2015,3,2,Mon,1,8,18,37,45,109,2,3,1,baseline.csv,20260425_204331
20150303-01,2015-03-03,2015,3,3,Tue,10,15,23,27,45,120,1,4,1,baseline.csv,20260425_204331
20150303-02,2015-03-03,2015,3,3,Tue,3,18,24,26,45,116,3,2,1,baseline.csv,20260425_204331
20150304-01,2015-03-04,2015,3,4,Wed,10,14,18,30,42,114,5,0,1,baseline.csv,20260425_204331
20150304-02,2015-03-04,2015,3,4,Wed,11,20,27,30,40,128,3,2,1,baseline.csv,20260425_204331
20150305-01,2015-03-05,2015,3,5,Thu,9,11,12,31,36,99,2,3,2,baseline.csv,20260425_204331
20150305-02,2015-03-05,2015,3,5,Thu,10,15,17,24,38,104,3,2,1,baseline.csv,20260425_204331
20150306-01,2015-03-06,2015,3,6,Fri,7,9,14,32,44,106,3,2,1,baseline.csv,20260425_204331
20150306-02,2015-03-06,2015,3,6,Fri,1,12,16,24,34,87,4,1,1,baseline.csv,20260425_204331
20150307-01,2015-03-07,2015,3,7,Sat,2,34,36,37,41,150,3,2,2,baseline.csv,20260425_204331
20150307-02,2015-03-07,2015,3,7,Sat,3,12,18,36,40,109,4,1,1,baseline.csv,20260425_204331
20150308-01,2015-03-08,2015,3,8,Sun,1,7,15,17,37,77,0,5,1,baseline.csv,20260425_204331
20150308-02,2015-03-08,2015,3,8,Sun,7,11,15,41,45,119,0,5,1,baseline.csv,20260425_204331
20150309-01,2015-03-09,2015,3,9,Mon,15,16,18,25,33,107,2,3,2,baseline.csv,20260425_204331
20150309-02,2015-03-09,2015,3,9,Mon,2,10,32,43,45,132,3,2,1,baseline.csv,20260425_204331
20150310-01,2015-03-10,2015,3,10,Tue,13,22,23,24,40,122,3,2,3,baseline.csv,20260425_204331
20150310-02,2015-03-10,2015,3,10,Tue,5,17,30,41,45,138,1,4,1,baseline.csv,20260425_204331
20150311-01,2015-03-11,2015,3,11,Wed,9,14,21,24,40,108,3,2,1,baseline.csv,20260425_204331
20150311-02,2015-03-11,2015,3,11,Wed,7,18,27,30,34,116,3,2,1,baseline.csv,20260425_204331
20150312-01,2015-03-12,2015,3,12,Thu,2,7,16,25,27,77,2,3,1,baseline.csv,20260425_204331
20150312-02,2015-03-12,2015,3,12,Thu,4,19,27,39,44,133,2,3,1,baseline.csv,20260425_204331
20150313-01,2015-03-13,2015,3,13,Fri,2,7,10,15,24,58,3,2,1,baseline.csv,20260425_204331
20150313-02,2015-03-13,2015,3,13,Fri,2,11,25,34,43,115,2,3,1,baseline.csv,20260425_204331
20150314-01,2015-03-14,2015,3,14,Sat,13,16,22,27,39,117,2,3,1,baseline.csv,20260425_204331
20150314-02,2015-03-14,2015,3,14,Sat,17,24,33,36,44,154,3,2,1,baseline.csv,20260425_204331
20150315-01,2015-03-15,2015,3,15,Sun,1,9,10,22,24,66,3,2,2,baseline.csv,20260425_204331
20150315-02,2015-03-15,2015,3,15,Sun,2,3,7,14,39,65,2,3,2,baseline.csv,20260425_204331
20150316-01,2015-03-16,2015,3,16,Mon,4,26,28,29,41,128,3,2,2,baseline.csv,20260425_204331
20150316-02,2015-03-16,2015,3,16,Mon,2,4,5,28,35,74,3,2,2,baseline.csv,20260425_204331
20150317-01,2015-03-17,2015,3,17,Tue,1,3,6,22,32,64,3,2,1,baseline.csv,20260425_204331
20150317-02,2015-03-17,2015,3,17,Tue,5,19,22,32,33,111,2,3,2,baseline.csv,20260425_204331
20150318-01,2015-03-18,2015,3,18,Wed,15,32,34,37,43,161,2,3,1,baseline.csv,20260425_204331
20150318-02,2015-03-18,2015,3,18,Wed,3,7,27,43,45,125,0,5,1,baseline.csv,20260425_204331
20150319-01,2015-03-19,2015,3,19,Thu,21,22,24,33,34,134,3,2,2,baseline.csv,20260425_204331
20150319-02,2015-03-19,2015,3,19,Thu,2,4,9,13,24,52,3,2,1,baseline.csv,20260425_204331
20150320-01,2015-03-20,2015,3,20,Fri,3,34,36,39,44,156,3,2,1,baseline.csv,20260425_204331
20150320-02,2015-03-20,2015,3,20,Fri,1,28,29,39,45,142,1,4,2,baseline.csv,20260425_204331
20150321-01,2015-03-21,2015,3,21,Sat,4,12,15,25,43,99,2,3,1,baseline.csv,20260425_204331
20150321-02,2015-03-21,2015,3,21,Sat,21,24,33,36,43,157,2,3,1,baseline.csv,20260425_204331
20150322-01,2015-03-22,2015,3,22,Sun,2,18,31,36,38,125,4,1,1,baseline.csv,20260425_204331
20150322-02,2015-03-22,2015,3,22,Sun,3,12,19,23,41,98,1,4,1,baseline.csv,20260425_204331
20150323-01,2015-03-23,2015,3,23,Mon,6,11,12,25,36,90,3,2,2,baseline.csv,20260425_204331
20150323-02,2015-03-23,2015,3,23,Mon,5,6,14,35,43,103,2,3,2,baseline.csv,20260425_204331
20150324-01,2015-03-24,2015,3,24,Tue,5,28,33,37,42,145,2,3,1,baseline.csv,20260425_204331
20150324-02,2015-03-24,2015,3,24,Tue,1,10,13,17,28,69,2,3,1,baseline.csv,20260425_204331
20150325-01,2015-03-25,2015,3,25,Wed,1,6,7,15,27,56,1,4,2,baseline.csv,20260425_204331
20150325-02,2015-03-25,2015,3,25,Wed,4,6,10,19,39,78,3,2,1,baseline.csv,20260425_204331
20150326-01,2015-03-26,2015,3,26,Thu,2,15,26,34,41,118,3,2,1,baseline.csv,20260425_204331
20150326-02,2015-03-26,2015,3,26,Thu,6,14,18,32,37,107,4,1,1,baseline.csv,20260425_204331
20150327-01,2015-03-27,2015,3,27,Fri,8,10,17,25,39,99,2,3,1,baseline.csv,20260425_204331
20150327-02,2015-03-27,2015,3,27,Fri,16,23,26,39,41,145,2,3,1,baseline.csv,20260425_204331
20150328-01,2015-03-28,2015,3,28,Sat,13,19,25,33,36,126,1,4,1,baseline.csv,20260425_204331
20150328-02,2015-03-28,2015,3,28,Sat,12,13,16,27,38,106,3,2,2,baseline.csv,20260425_204331
20150329-01,2015-03-29,2015,3,29,Sun,15,17,18,43,45,138,1,4,2,baseline.csv,20260425_204331
20150329-02,2015-03-29,2015,3,29,Sun,2,13,29,41,45,130,1,4,1,baseline.csv,20260425_204331
20150330-01,2015-03-30,2015,3,30,Mon,1,18,22,39,44,124,3,2,1,baseline.csv,20260425_204331
20150330-02,2015-03-30,2015,3,30,Mon,8,10,16,18,21,73,4,1,1,baseline.csv,20260425_204331
20150331-01,2015-03-31,2015,3,31,Tue,1,12,28,37,42,120,3,2,1,baseline.csv,20260425_204331
20150331-02,2015-03-31,2015,3,31,Tue,19,24,29,40,42,154,3,2,1,baseline.csv,20260425_204331
20150401-01,2015-04-01,2015,4,1,Wed,3,15,22,29,41,110,1,4,1,baseline.csv,20260425_204331
20150401-02,2015-04-01,2015,4,1,Wed,2,6,15,21,37,81,2,3,1,baseline.csv,20260425_204331
20150402-01,2015-04-02,2015,4,2,Thu,5,10,16,34,42,107,4,1,1,baseline.csv,20260425_204331
20150402-02,2015-04-02,2015,4,2,Thu,7,11,28,34,45,125,2,3,1,baseline.csv,20260425_204331
20150403-01,2015-04-03,2015,4,3,Fri,1,3,17,30,38,89,2,3,1,baseline.csv,20260425_204331
20150403-02,2015-04-03,2015,4,3,Fri,6,15,21,30,36,108,3,2,1,baseline.csv,20260425_204331
20150404-01,2015-04-04,2015,4,4,Sat,19,20,22,27,29,117,2,3,2,baseline.csv,20260425_204331
20150404-02,2015-04-04,2015,4,4,Sat,1,5,22,23,30,81,2,3,2,baseline.csv,20260425_204331
20150405-01,2015-04-05,2015,4,5,Sun,4,21,38,40,41,144,3,2,2,baseline.csv,20260425_204331
20150405-02,2015-04-05,2015,4,5,Sun,4,5,24,27,30,90,3,2,2,baseline.csv,20260425_204331
20150406-01,2015-04-06,2015,4,6,Mon,6,8,31,32,44,121,4,1,2,baseline.csv,20260425_204331
20150406-02,2015-04-06,2015,4,6,Mon,7,18,21,28,35,109,2,3,1,baseline.csv,20260425_204331
20150407-01,2015-04-07,2015,4,7,Tue,8,9,11,19,22,69,2,3,2,baseline.csv,20260425_204331
20150407-02,2015-04-07,2015,4,7,Tue,19,20,29,35,40,143,2,3,2,baseline.csv,20260425_204331
20150408-01,2015-04-08,2015,4,8,Wed,7,11,12,37,39,106,1,4,2,baseline.csv,20260425_204331
20150408-02,2015-04-08,2015,4,8,Wed,5,9,14,44,45,117,2,3,2,baseline.csv,20260425_204331
20150409-01,2015-04-09,2015,4,9,Thu,14,26,27,31,33,131,2,3,2,baseline.csv,20260425_204331
20150409-02,2015-04-09,2015,4,9,Thu,27,31,35,39,44,176,1,4,1,baseline.csv,20260425_204331
20150410-01,2015-04-10,2015,4,10,Fri,3,12,15,29,32,91,2,3,1,baseline.csv,20260425_204331
20150410-02,2015-04-10,2015,4,10,Fri,1,7,10,13,43,74,1,4,1,baseline.csv,20260425_204331
20150411-01,2015-04-11,2015,4,11,Sat,4,5,15,26,34,84,3,2,2,baseline.csv,20260425_204331
20150411-02,2015-04-11,2015,4,11,Sat,20,22,24,25,45,136,3,2,2,baseline.csv,20260425_204331
20150412-01,2015-04-12,2015,4,12,Sun,14,18,36,41,43,152,3,2,1,baseline.csv,20260425_204331
20150412-02,2015-04-12,2015,4,12,Sun,7,18,19,34,37,115,2,3,2,baseline.csv,20260425_204331
20150413-01,2015-04-13,2015,4,13,Mon,1,11,30,40,41,123,2,3,2,baseline.csv,20260425_204331
20150413-02,2015-04-13,2015,4,13,Mon,1,15,30,40,42,128,3,2,1,baseline.csv,20260425_204331
20150414-01,2015-04-14,2015,4,14,Tue,9,26,29,34,35,133,2,3,2,baseline.csv,20260425_204331
20150414-02,2015-04-14,2015,4,14,Tue,8,12,15,26,45,106,3,2,1,baseline.csv,20260425_204331
20150415-01,2015-04-15,2015,4,15,Wed,8,11,16,25,29,89,2,3,1,baseline.csv,20260425_204331
20150415-02,2015-04-15,2015,4,15,Wed,4,8,18,28,41,99,4,1,1,baseline.csv,20260425_204331
20150416-01,2015-04-16,2015,4,16,Thu,2,6,11,16,18,53,4,1,1,baseline.csv,20260425_204331
20150416-02,2015-04-16,2015,4,16,Thu,9,26,30,33,41,139,2,3,1,baseline.csv,20260425_204331
20150417-01,2015-04-17,2015,4,17,Fri,9,16,35,38,42,140,3,2,1,baseline.csv,20260425_204331
20150417-02,2015-04-17,2015,4,17,Fri,9,13,31,33,35,121,0,5,1,baseline.csv,20260425_204331
20150418-01,2015-04-18,2015,4,18,Sat,2,17,28,44,45,136,3,2,2,baseline.csv,20260425_204331
20150418-02,2015-04-18,2015,4,18,Sat,4,9,13,20,33,79,2,3,1,baseline.csv,20260425_204331
20150419-01,2015-04-19,2015,4,19,Sun,3,4,6,9,19,41,2,3,2,baseline.csv,20260425_204331
20150419-02,2015-04-19,2015,4,19,Sun,5,9,21,24,31,90,1,4,1,baseline.csv,20260425_204331
20150420-01,2015-04-20,2015,4,20,Mon,5,19,23,26,43,116,1,4,1,baseline.csv,20260425_204331
20150420-02,2015-04-20,2015,4,20,Mon,12,16,26,39,41,134,3,2,1,baseline.csv,20260425_204331
20150421-01,2015-04-21,2015,4,21,Tue,2,21,34,39,43,139,2,3,1,baseline.csv,20260425_204331
20150421-02,2015-04-21,2015,4,21,Tue,2,6,25,26,34,93,4,1,2,baseline.csv,20260425_204331
20150422-01,2015-04-22,2015,4,22,Wed,3,8,16,34,38,99,4,1,1,baseline.csv,20260425_204331
20150422-02,2015-04-22,2015,4,22,Wed,15,17,32,38,39,141,2,3,2,baseline.csv,20260425_204331
20150423-01,2015-04-23,2015,4,23,Thu,3,4,5,17,18,47,2,3,3,baseline.csv,20260425_204331
20150423-02,2015-04-23,2015,4,23,Thu,7,15,16,30,31,99,2,3,2,baseline.csv,20260425_204331
20150424-01,2015-04-24,2015,4,24,Fri,5,6,7,41,44,103,2,3,3,baseline.csv,20260425_204331
20150424-02,2015-04-24,2015,4,24,Fri,9,15,17,35,36,112,1,4,2,baseline.csv,20260425_204331
20150425-01,2015-04-25,2015,4,25,Sat,14,27,30,44,45,160,3,2,2,baseline.csv,20260425_204331
20150425-02,2015-04-25,2015,4,25,Sat,8,11,19,28,44,110,3,2,1,baseline.csv,20260425_204331
20150426-01,2015-04-26,2015,4,26,Sun,19,26,27,33,40,145,2,3,2,baseline.csv,20260425_204331
20150426-02,2015-04-26,2015,4,26,Sun,2,9,20,42,43,116,3,2,2,baseline.csv,20260425_204331
20150427-01,2015-04-27,2015,4,27,Mon,4,20,22,33,40,119,4,1,1,baseline.csv,20260425_204331
20150427-02,2015-04-27,2015,4,27,Mon,15,17,33,34,35,134,1,4,3,baseline.csv,20260425_204331
20150428-01,2015-04-28,2015,4,28,Tue,10,21,23,26,43,123,2,3,1,baseline.csv,20260425_204331
20150428-02,2015-04-28,2015,4,28,Tue,4,21,35,38,39,137,2,3,2,baseline.csv,20260425_204331
20150429-01,2015-04-29,2015,4,29,Wed,12,16,28,33,39,128,3,2,1,baseline.csv,20260425_204331
20150429-02,2015-04-29,2015,4,29,Wed,16,17,30,39,44,146,3,2,2,baseline.csv,20260425_204331
20150430-01,2015-04-30,2015,4,30,Thu,9,14,19,22,30,94,3,2,1,baseline.csv,20260425_204331
20150430-02,2015-04-30,2015,4,30,Thu,16,28,32,41,43,160,3,2,1,baseline.csv,20260425_204331
20150501-01,2015-05-01,2015,5,1,Fri,5,10,12,31,42,100,3,2,1,baseline.csv,20260425_204331
20150501-02,2015-05-01,2015,5,1,Fri,13,14,22,28,32,109,4,1,2,baseline.csv,20260425_204331
20150502-01,2015-05-02,2015,5,2,Sat,2,17,18,25,31,93,2,3,2,baseline.csv,20260425_204331
20150502-02,2015-05-02,2015,5,2,Sat,1,14,16,39,45,115,2,3,1,baseline.csv,20260425_204331
20150503-01,2015-05-03,2015,5,3,Sun,21,27,28,29,44,149,2,3,3,baseline.csv,20260425_204331
20150503-02,2015-05-03,2015,5,3,Sun,1,9,19,24,35,88,1,4,1,baseline.csv,20260425_204331
20150504-01,2015-05-04,2015,5,4,Mon,15,19,22,23,26,105,2,3,2,baseline.csv,20260425_204331
20150504-02,2015-05-04,2015,5,4,Mon,9,26,31,35,44,145,2,3,1,baseline.csv,20260425_204331
20150505-01,2015-05-05,2015,5,5,Tue,10,16,24,35,39,124,3,2,1,baseline.csv,20260425_204331
20150505-02,2015-05-05,2015,5,5,Tue,3,4,13,27,32,79,2,3,2,baseline.csv,20260425_204331
20150506-01,2015-05-06,2015,5,6,Wed,15,16,31,37,42,141,2,3,2,baseline.csv,20260425_204331
20150506-02,2015-05-06,2015,5,6,Wed,9,14,29,30,39,121,2,3,2,baseline.csv,20260425_204331
20150507-01,2015-05-07,2015,5,7,Thu,13,18,25,34,42,132,3,2,1,baseline.csv,20260425_204331
20150507-02,2015-05-07,2015,5,7,Thu,21,26,29,30,34,140,3,2,2,baseline.csv,20260425_204331
20150508-01,2015-05-08,2015,5,8,Fri,6,7,25,26,28,92,3,2,2,baseline.csv,20260425_204331
20150508-02,2015-05-08,2015,5,8,Fri,1,3,12,17,20,53,2,3,1,baseline.csv,20260425_204331
20150509-01,2015-05-09,2015,5,9,Sat,5,9,30,31,41,116,1,4,2,baseline.csv,20260425_204331
20150509-02,2015-05-09,2015,5,9,Sat,7,11,32,35,37,122,1,4,1,baseline.csv,20260425_204331
20150510-01,2015-05-10,2015,5,10,Sun,4,10,15,20,24,73,4,1,1,baseline.csv,20260425_204331
20150510-02,2015-05-10,2015,5,10,Sun,1,12,17,20,23,73,2,3,1,baseline.csv,20260425_204331
20150511-01,2015-05-11,2015,5,11,Mon,8,13,18,23,27,89,2,3,1,baseline.csv,20260425_204331
20150511-02,2015-05-11,2015,5,11,Mon,9,12,20,29,41,111,2,3,1,baseline.csv,20260425_204331
20150512-01,2015-05-12,2015,5,12,Tue,1,4,38,41,45,129,2,3,1,baseline.csv,20260425_204331
20150512-02,2015-05-12,2015,5,12,Tue,18,22,23,29,30,122,3,2,2,baseline.csv,20260425_204331
20150513-01,2015-05-13,2015,5,13,Wed,5,17,28,29,40,119,2,3,2,baseline.csv,20260425_204331
20150513-02,2015-05-13,2015,5,13,Wed,13,16,34,35,45,143,2,3,2,baseline.csv,20260425_204331
20150514-01,2015-05-14,2015,5,14,Thu,28,31,32,34,38,163,4,1,2,baseline.csv,20260425_204331
20150514-02,2015-05-14,2015,5,14,Thu,3,11,17,26,41,98,1,4,1,baseline.csv,20260425_204331
20150515-01,2015-05-15,2015,5,15,Fri,15,21,22,29,34,121,2,3,2,baseline.csv,20260425_204331
20150515-02,2015-05-15,2015,5,15,Fri,6,16,19,23,30,94,3,2,1,baseline.csv,20260425_204331
20150516-01,2015-05-16,2015,5,16,Sat,3,10,16,17,20,66,3,2,2,baseline.csv,20260425_204331
20150516-02,2015-05-16,2015,5,16,Sat,16,25,26,39,40,146,3,2,2,baseline.csv,20260425_204331
20150517-01,2015-05-17,2015,5,17,Sun,17,18,34,37,43,149,2,3,2,baseline.csv,20260425_204331
20150517-02,2015-05-17,2015,5,17,Sun,5,7,8,26,27,73,2,3,2,baseline.csv,20260425_204331
20150518-01,2015-05-18,2015,5,18,Mon,13,27,32,41,42,155,2,3,2,baseline.csv,20260425_204331
20150518-02,2015-05-18,2015,5,18,Mon,1,2,7,11,30,51,2,3,2,baseline.csv,20260425_204331
20150519-01,2015-05-19,2015,5,19,Tue,7,14,23,33,43,120,1,4,1,baseline.csv,20260425_204331
20150519-02,2015-05-19,2015,5,19,Tue,6,9,14,19,20,68,3,2,2,baseline.csv,20260425_204331
20150520-01,2015-05-20,2015,5,20,Wed,3,10,24,28,31,96,3,2,1,baseline.csv,20260425_204331
20150520-02,2015-05-20,2015,5,20,Wed,13,19,21,35,36,124,1,4,2,baseline.csv,20260425_204331
20150521-01,2015-05-21,2015,5,21,Thu,8,16,23,34,45,126,3,2,1,baseline.csv,20260425_204331
20150521-02,2015-05-21,2015,5,21,Thu,4,17,28,41,42,132,3,2,2,baseline.csv,20260425_204331
20150522-01,2015-05-22,2015,5,22,Fri,2,8,10,25,39,84,3,2,1,baseline.csv,20260425_204331
20150522-02,2015-05-22,2015,5,22,Fri,24,28,36,40,42,170,5,0,1,baseline.csv,20260425_204331
20150523-01,2015-05-23,2015,5,23,Sat,2,13,14,30,33,92,3,2,2,baseline.csv,20260425_204331
20150523-02,2015-05-23,2015,5,23,Sat,10,12,16,43,44,125,4,1,2,baseline.csv,20260425_204331
20150524-01,2015-05-24,2015,5,24,Sun,1,2,3,6,30,42,3,2,3,baseline.csv,20260425_204331
20150524-02,2015-05-24,2015,5,24,Sun,6,7,18,28,29,88,3,2,2,baseline.csv,20260425_204331
20150525-01,2015-05-25,2015,5,25,Mon,4,9,24,30,37,104,3,2,1,baseline.csv,20260425_204331
20150525-02,2015-05-25,2015,5,25,Mon,6,14,27,32,40,119,4,1,1,baseline.csv,20260425_204331
20150526-01,2015-05-26,2015,5,26,Tue,20,27,31,33,41,152,1,4,1,baseline.csv,20260425_204331
20150526-02,2015-05-26,2015,5,26,Tue,2,28,29,34,39,132,3,2,2,baseline.csv,20260425_204331
20150527-01,2015-05-27,2015,5,27,Wed,4,19,33,35,43,134,1,4,1,baseline.csv,20260425_204331
20150527-02,2015-05-27,2015,5,27,Wed,10,12,26,40,43,131,4,1,1,baseline.csv,20260425_204331
20150528-01,2015-05-28,2015,5,28,Thu,16,18,23,28,29,114,3,2,2,baseline.csv,20260425_204331
20150528-02,2015-05-28,2015,5,28,Thu,3,12,21,25,43,104,1,4,1,baseline.csv,20260425_204331
20150529-01,2015-05-29,2015,5,29,Fri,10,12,14,27,31,94,3,2,1,baseline.csv,20260425_204331
20150529-02,2015-05-29,2015,5,29,Fri,5,15,18,23,40,101,2,3,1,baseline.csv,20260425_204331
20150530-01,2015-05-30,2015,5,30,Sat,3,4,22,33,38,100,3,2,2,baseline.csv,20260425_204331
20150530-02,2015-05-30,2015,5,30,Sat,7,13,19,40,45,124,1,4,1,baseline.csv,20260425_204331
20150531-01,2015-05-31,2015,5,31,Sun,4,5,8,31,37,85,2,3,2,baseline.csv,20260425_204331
20150531-02,2015-05-31,2015,5,31,Sun,6,11,25,33,42,117,2,3,1,baseline.csv,20260425_204331
20150601-01,2015-06-01,2015,6,1,Mon,1,4,28,35,38,106,3,2,1,baseline.csv,20260425_204331
20150601-02,2015-06-01,2015,6,1,Mon,11,14,20,26,27,98,3,2,2,baseline.csv,20260425_204331
20150602-01,2015-06-02,2015,6,2,Tue,8,9,12,25,31,85,2,3,2,baseline.csv,20260425_204331
20150602-02,2015-06-02,2015,6,2,Tue,30,31,32,39,45,177,2,3,3,baseline.csv,20260425_204331
20150603-01,2015-06-03,2015,6,3,Wed,7,13,21,36,43,120,1,4,1,baseline.csv,20260425_204331
20150603-02,2015-06-03,2015,6,3,Wed,2,9,21,35,43,110,1,4,1,baseline.csv,20260425_204331
20150604-01,2015-06-04,2015,6,4,Thu,3,7,16,40,42,108,3,2,1,baseline.csv,20260425_204331
20150604-02,2015-06-04,2015,6,4,Thu,13,18,34,36,39,140,3,2,1,baseline.csv,20260425_204331
20150605-01,2015-06-05,2015,6,5,Fri,4,11,23,26,30,94,3,2,1,baseline.csv,20260425_204331
20150605-02,2015-06-05,2015,6,5,Fri,2,11,35,40,42,130,3,2,1,baseline.csv,20260425_204331
20150606-01,2015-06-06,2015,6,6,Sat,2,3,16,20,23,64,3,2,2,baseline.csv,20260425_204331
20150606-02,2015-06-06,2015,6,6,Sat,7,18,24,40,41,130,3,2,2,baseline.csv,20260425_204331
20150607-01,2015-06-07,2015,6,7,Sun,12,13,31,37,38,131,2,3,2,baseline.csv,20260425_204331
20150607-02,2015-06-07,2015,6,7,Sun,12,21,24,41,43,141,2,3,1,baseline.csv,20260425_204331
20150608-01,2015-06-08,2015,6,8,Mon,18,20,23,43,45,149,2,3,1,baseline.csv,20260425_204331
20150608-02,2015-06-08,2015,6,8,Mon,9,21,34,38,45,147,2,3,1,baseline.csv,20260425_204331
20150609-01,2015-06-09,2015,6,9,Tue,3,12,25,39,42,121,2,3,1,baseline.csv,20260425_204331
20150609-02,2015-06-09,2015,6,9,Tue,10,11,16,23,35,95,2,3,2,baseline.csv,20260425_204331
20150610-01,2015-06-10,2015,6,10,Wed,6,9,32,40,45,132,3,2,1,baseline.csv,20260425_204331
20150610-02,2015-06-10,2015,6,10,Wed,7,17,25,26,36,111,2,3,2,baseline.csv,20260425_204331
20150611-01,2015-06-11,2015,6,11,Thu,1,11,19,33,40,104,1,4,1,baseline.csv,20260425_204331
20150611-02,2015-06-11,2015,6,11,Thu,2,11,17,32,35,97,2,3,1,baseline.csv,20260425_204331
20150612-01,2015-06-12,2015,6,12,Fri,2,8,22,30,41,103,4,1,1,baseline.csv,20260425_204331
20150612-02,2015-06-12,2015,6,12,Fri,14,26,27,36,38,141,4,1,2,baseline.csv,20260425_204331
20150613-01,2015-06-13,2015,6,13,Sat,4,10,29,35,37,115,2,3,1,baseline.csv,20260425_204331
20150613-02,2015-06-13,2015,6,13,Sat,7,9,11,19,27,73,0,5,1,baseline.csv,20260425_204331
20150614-01,2015-06-14,2015,6,14,Sun,2,11,14,17,43,87,2,3,1,baseline.csv,20260425_204331
20150614-02,2015-06-14,2015,6,14,Sun,26,31,35,37,43,172,1,4,1,baseline.csv,20260425_204331
20150615-01,2015-06-15,2015,6,15,Mon,4,5,6,28,41,84,3,2,3,baseline.csv,20260425_204331
20150615-02,2015-06-15,2015,6,15,Mon,11,14,21,24,36,106,3,2,1,baseline.csv,20260425_204331
20150616-01,2015-06-16,2015,6,16,Tue,7,10,11,17,31,76,1,4,2,baseline.csv,20260425_204331
20150616-02,2015-06-16,2015,6,16,Tue,7,22,23,28,39,119,2,3,2,baseline.csv,20260425_204331
20150617-01,2015-06-17,2015,6,17,Wed,18,20,23,33,41,135,2,3,1,baseline.csv,20260425_204331
20150617-02,2015-06-17,2015,6,17,Wed,14,15,16,17,36,98,3,2,4,baseline.csv,20260425_204331
20150618-01,2015-06-18,2015,6,18,Thu,5,6,9,23,24,67,2,3,2,baseline.csv,20260425_204331
20150618-02,2015-06-18,2015,6,18,Thu,2,7,16,22,32,79,4,1,1,baseline.csv,20260425_204331
20150619-01,2015-06-19,2015,6,19,Fri,2,5,7,13,24,51,2,3,1,baseline.csv,20260425_204331
20150619-02,2015-06-19,2015,6,19,Fri,4,8,11,29,39,91,2,3,1,baseline.csv,20260425_204331
20150620-01,2015-06-20,2015,6,20,Sat,12,19,21,26,39,117,2,3,1,baseline.csv,20260425_204331
20150620-02,2015-06-20,2015,6,20,Sat,3,11,12,18,25,69,2,3,2,baseline.csv,20260425_204331
20150621-01,2015-06-21,2015,6,21,Sun,5,17,26,37,43,128,1,4,1,baseline.csv,20260425_204331
20150621-02,2015-06-21,2015,6,21,Sun,1,24,30,37,45,137,2,3,1,baseline.csv,20260425_204331
20150622-01,2015-06-22,2015,6,22,Mon,6,9,13,27,32,87,2,3,1,baseline.csv,20260425_204331
20150622-02,2015-06-22,2015,6,22,Mon,16,17,20,38,39,130,3,2,2,baseline.csv,20260425_204331
20150623-01,2015-06-23,2015,6,23,Tue,10,20,37,40,44,151,4,1,1,baseline.csv,20260425_204331
20150623-02,2015-06-23,2015,6,23,Tue,4,22,26,33,40,125,4,1,1,baseline.csv,20260425_204331
20150624-01,2015-06-24,2015,6,24,Wed,23,27,30,36,43,159,2,3,1,baseline.csv,20260425_204331
20150624-02,2015-06-24,2015,6,24,Wed,6,13,30,42,44,135,4,1,1,baseline.csv,20260425_204331
20150625-01,2015-06-25,2015,6,25,Thu,2,8,14,32,37,93,4,1,1,baseline.csv,20260425_204331
20150625-02,2015-06-25,2015,6,25,Thu,2,10,21,42,44,119,4,1,1,baseline.csv,20260425_204331
20150626-01,2015-06-26,2015,6,26,Fri,5,10,38,41,44,138,3,2,1,baseline.csv,20260425_204331
20150626-02,2015-06-26,2015,6,26,Fri,10,22,28,34,41,135,4,1,1,baseline.csv,20260425_204331
20150627-01,2015-06-27,2015,6,27,Sat,1,6,18,43,45,113,2,3,1,baseline.csv,20260425_204331
20150627-02,2015-06-27,2015,6,27,Sat,2,6,12,38,43,101,4,1,1,baseline.csv,20260425_204331
20150628-01,2015-06-28,2015,6,28,Sun,10,18,20,32,37,117,4,1,1,baseline.csv,20260425_204331
20150628-02,2015-06-28,2015,6,28,Sun,18,19,21,26,28,112,3,2,2,baseline.csv,20260425_204331
20150629-01,2015-06-29,2015,6,29,Mon,7,8,22,27,44,108,3,2,2,baseline.csv,20260425_204331
20150629-02,2015-06-29,2015,6,29,Mon,13,16,28,35,43,135,2,3,1,baseline.csv,20260425_204331
20150630-01,2015-06-30,2015,6,30,Tue,12,32,40,41,42,167,4,1,3,baseline.csv,20260425_204331
20150630-02,2015-06-30,2015,6,30,Tue,7,18,34,37,38,134,3,2,2,baseline.csv,20260425_204331
20150701-01,2015-07-01,2015,7,1,Wed,8,16,17,35,44,120,3,2,2,baseline.csv,20260425_204331
20150701-02,2015-07-01,2015,7,1,Wed,15,16,17,43,44,135,2,3,3,baseline.csv,20260425_204331
20150702-01,2015-07-02,2015,7,2,Thu,5,10,25,36,45,121,2,3,1,baseline.csv,20260425_204331
20150702-02,2015-07-02,2015,7,2,Thu,1,3,33,37,45,119,0,5,1,baseline.csv,20260425_204331
20150703-01,2015-07-03,2015,7,3,Fri,10,17,19,28,34,108,3,2,1,baseline.csv,20260425_204331
20150703-02,2015-07-03,2015,7,3,Fri,15,24,25,31,45,140,1,4,2,baseline.csv,20260425_204331
20150704-01,2015-07-04,2015,7,4,Sat,9,20,27,30,45,131,2,3,1,baseline.csv,20260425_204331
20150704-02,2015-07-04,2015,7,4,Sat,9,19,20,24,42,114,3,2,2,baseline.csv,20260425_204331
20150705-01,2015-07-05,2015,7,5,Sun,1,6,12,27,38,84,3,2,1,baseline.csv,20260425_204331
20150705-02,2015-07-05,2015,7,5,Sun,8,12,18,29,42,109,4,1,1,baseline.csv,20260425_204331
20150706-01,2015-07-06,2015,7,6,Mon,11,17,39,42,43,152,1,4,2,baseline.csv,20260425_204331
20150706-02,2015-07-06,2015,7,6,Mon,13,20,23,27,29,112,1,4,1,baseline.csv,20260425_204331
20150707-01,2015-07-07,2015,7,7,Tue,1,8,22,25,43,99,2,3,1,baseline.csv,20260425_204331
20150707-02,2015-07-07,2015,7,7,Tue,21,24,33,35,42,155,2,3,1,baseline.csv,20260425_204331
20150708-01,2015-07-08,2015,7,8,Wed,2,27,38,43,45,155,2,3,1,baseline.csv,20260425_204331
20150708-02,2015-07-08,2015,7,8,Wed,14,25,33,44,45,161,2,3,2,baseline.csv,20260425_204331
20150709-01,2015-07-09,2015,7,9,Thu,9,10,29,32,41,121,2,3,2,baseline.csv,20260425_204331
20150709-02,2015-07-09,2015,7,9,Thu,19,26,28,37,42,152,3,2,1,baseline.csv,20260425_204331
20150710-01,2015-07-10,2015,7,10,Fri,1,5,11,39,44,100,1,4,1,baseline.csv,20260425_204331
20150710-02,2015-07-10,2015,7,10,Fri,18,25,34,39,41,157,2,3,1,baseline.csv,20260425_204331
20150711-01,2015-07-11,2015,7,11,Sat,5,11,25,29,41,111,0,5,1,baseline.csv,20260425_204331
20150711-02,2015-07-11,2015,7,11,Sat,4,29,36,37,42,148,3,2,2,baseline.csv,20260425_204331
20150712-01,2015-07-12,2015,7,12,Sun,12,22,24,25,28,111,4,1,2,baseline.csv,20260425_204331
20150712-02,2015-07-12,2015,7,12,Sun,4,9,12,24,41,90,3,2,1,baseline.csv,20260425_204331
20150713-01,2015-07-13,2015,7,13,Mon,18,24,30,35,40,147,4,1,1,baseline.csv,20260425_204331
20150713-02,2015-07-13,2015,7,13,Mon,16,24,25,38,39,142,3,2,2,baseline.csv,20260425_204331
20150714-01,2015-07-14,2015,7,14,Tue,1,24,25,42,44,136,3,2,2,baseline.csv,20260425_204331
20150714-02,2015-07-14,2015,7,14,Tue,23,29,31,37,39,159,0,5,1,baseline.csv,20260425_204331
20150715-01,2015-07-15,2015,7,15,Wed,1,10,26,38,44,119,4,1,1,baseline.csv,20260425_204331
20150715-02,2015-07-15,2015,7,15,Wed,14,16,24,26,41,121,4,1,1,baseline.csv,20260425_204331
20150716-01,2015-07-16,2015,7,16,Thu,3,8,19,28,42,100,3,2,1,baseline.csv,20260425_204331
20150716-02,2015-07-16,2015,7,16,Thu,19,26,38,39,44,166,3,2,2,baseline.csv,20260425_204331
20150717-01,2015-07-17,2015,7,17,Fri,16,19,22,27,43,127,2,3,1,baseline.csv,20260425_204331
20150717-02,2015-07-17,2015,7,17,Fri,11,20,26,39,41,137,2,3,1,baseline.csv,20260425_204331
20150718-01,2015-07-18,2015,7,18,Sat,16,25,35,40,44,160,3,2,1,baseline.csv,20260425_204331
20150718-02,2015-07-18,2015,7,18,Sat,1,10,15,19,34,79,2,3,1,baseline.csv,20260425_204331
20150719-01,2015-07-19,2015,7,19,Sun,2,5,17,21,37,82,1,4,1,baseline.csv,20260425_204331
20150719-02,2015-07-19,2015,7,19,Sun,12,16,29,43,44,144,3,2,2,baseline.csv,20260425_204331
20150720-01,2015-07-20,2015,7,20,Mon,2,12,18,34,45,111,4,1,1,baseline.csv,20260425_204331
20150720-02,2015-07-20,2015,7,20,Mon,5,11,24,34,41,115,2,3,1,baseline.csv,20260425_204331
20150721-01,2015-07-21,2015,7,21,Tue,11,14,30,40,44,139,4,1,1,baseline.csv,20260425_204331
20150721-02,2015-07-21,2015,7,21,Tue,14,22,24,26,42,128,5,0,1,baseline.csv,20260425_204331
20150722-01,2015-07-22,2015,7,22,Wed,2,7,10,18,43,80,3,2,1,baseline.csv,20260425_204331
20150722-02,2015-07-22,2015,7,22,Wed,4,8,38,42,44,136,5,0,1,baseline.csv,20260425_204331
20150723-01,2015-07-23,2015,7,23,Thu,7,19,25,26,28,105,2,3,2,baseline.csv,20260425_204331
20150723-02,2015-07-23,2015,7,23,Thu,6,17,22,36,42,123,4,1,1,baseline.csv,20260425_204331
20150724-01,2015-07-24,2015,7,24,Fri,7,17,21,39,45,129,0,5,1,baseline.csv,20260425_204331
20150724-02,2015-07-24,2015,7,24,Fri,14,37,39,42,45,177,2,3,1,baseline.csv,20260425_204331
20150725-01,2015-07-25,2015,7,25,Sat,14,22,24,36,40,136,5,0,1,baseline.csv,20260425_204331
20150725-02,2015-07-25,2015,7,25,Sat,14,20,25,27,41,127,2,3,1,baseline.csv,20260425_204331
20150726-01,2015-07-26,2015,7,26,Sun,4,13,18,38,39,112,3,2,2,baseline.csv,20260425_204331
20150726-02,2015-07-26,2015,7,26,Sun,9,23,30,38,45,145,2,3,1,baseline.csv,20260425_204331
20150727-01,2015-07-27,2015,7,27,Mon,9,14,16,21,44,104,3,2,1,baseline.csv,20260425_204331
20150727-02,2015-07-27,2015,7,27,Mon,1,8,18,19,40,86,3,2,2,baseline.csv,20260425_204331
20150728-01,2015-07-28,2015,7,28,Tue,4,5,15,34,41,99,2,3,2,baseline.csv,20260425_204331
20150728-02,2015-07-28,2015,7,28,Tue,1,24,33,36,41,135,2,3,1,baseline.csv,20260425_204331
20150729-01,2015-07-29,2015,7,29,Wed,4,14,34,36,39,127,4,1,1,baseline.csv,20260425_204331
20150729-02,2015-07-29,2015,7,29,Wed,10,12,19,31,43,115,2,3,1,baseline.csv,20260425_204331
20150730-01,2015-07-30,2015,7,30,Thu,17,23,31,42,45,158,1,4,1,baseline.csv,20260425_204331
20150730-02,2015-07-30,2015,7,30,Thu,3,4,15,18,32,72,3,2,2,baseline.csv,20260425_204331
20150731-01,2015-07-31,2015,7,31,Fri,1,13,23,31,41,109,0,5,1,baseline.csv,20260425_204331
20150731-02,2015-07-31,2015,7,31,Fri,3,9,22,33,35,102,1,4,1,baseline.csv,20260425_204331
20150801-01,2015-08-01,2015,8,1,Sat,22,26,29,32,34,143,4,1,1,baseline.csv,20260425_204331
20150801-02,2015-08-01,2015,8,1,Sat,1,13,17,28,39,98,1,4,1,baseline.csv,20260425_204331
20150802-01,2015-08-02,2015,8,2,Sun,17,18,26,40,42,143,4,1,2,baseline.csv,20260425_204331
20150802-02,2015-08-02,2015,8,2,Sun,35,36,39,40,45,195,2,3,2,baseline.csv,20260425_204331
20150803-01,2015-08-03,2015,8,3,Mon,28,35,38,39,45,185,2,3,2,baseline.csv,20260425_204331
20150803-02,2015-08-03,2015,8,3,Mon,2,3,11,13,39,68,1,4,2,baseline.csv,20260425_204331
20150804-01,2015-08-04,2015,8,4,Tue,1,10,20,22,33,86,3,2,1,baseline.csv,20260425_204331
20150804-02,2015-08-04,2015,8,4,Tue,2,4,15,33,45,99,2,3,1,baseline.csv,20260425_204331
20150805-01,2015-08-05,2015,8,5,Wed,18,32,34,37,42,163,4,1,1,baseline.csv,20260425_204331
20150805-02,2015-08-05,2015,8,5,Wed,3,8,15,24,28,78,3,2,1,baseline.csv,20260425_204331
20150806-01,2015-08-06,2015,8,6,Thu,10,16,22,33,44,125,4,1,1,baseline.csv,20260425_204331
20150806-02,2015-08-06,2015,8,6,Thu,2,14,17,37,45,115,2,3,1,baseline.csv,20260425_204331
20150807-01,2015-08-07,2015,8,7,Fri,3,6,7,18,26,60,3,2,2,baseline.csv,20260425_204331
20150807-02,2015-08-07,2015,8,7,Fri,12,18,27,29,31,117,2,3,1,baseline.csv,20260425_204331
20150808-01,2015-08-08,2015,8,8,Sat,5,20,24,27,31,107,2,3,1,baseline.csv,20260425_204331
20150808-02,2015-08-08,2015,8,8,Sat,5,16,25,28,29,103,2,3,2,baseline.csv,20260425_204331
20150809-01,2015-08-09,2015,8,9,Sun,12,17,27,28,40,124,3,2,2,baseline.csv,20260425_204331
20150809-02,2015-08-09,2015,8,9,Sun,6,18,24,26,32,106,5,0,1,baseline.csv,20260425_204331
20150810-01,2015-08-10,2015,8,10,Mon,7,21,25,28,32,113,2,3,1,baseline.csv,20260425_204331
20150810-02,2015-08-10,2015,8,10,Mon,7,10,29,36,40,122,3,2,1,baseline.csv,20260425_204331
20150811-01,2015-08-11,2015,8,11,Tue,4,22,39,40,43,148,3,2,2,baseline.csv,20260425_204331
20150811-02,2015-08-11,2015,8,11,Tue,7,10,20,28,35,100,3,2,1,baseline.csv,20260425_204331
20150812-01,2015-08-12,2015,8,12,Wed,17,20,21,32,39,129,2,3,2,baseline.csv,20260425_204331
20150812-02,2015-08-12,2015,8,12,Wed,7,20,28,29,42,126,3,2,2,baseline.csv,20260425_204331
20150813-01,2015-08-13,2015,8,13,Thu,2,9,15,24,45,95,2,3,1,baseline.csv,20260425_204331
20150813-02,2015-08-13,2015,8,13,Thu,8,14,30,41,43,136,3,2,1,baseline.csv,20260425_204331
20150814-01,2015-08-14,2015,8,14,Fri,11,24,31,38,43,147,2,3,1,baseline.csv,20260425_204331
20150814-02,2015-08-14,2015,8,14,Fri,11,25,28,38,43,145,2,3,1,baseline.csv,20260425_204331
20150815-01,2015-08-15,2015,8,15,Sat,15,28,34,40,45,162,3,2,1,baseline.csv,20260425_204331
20150815-02,2015-08-15,2015,8,15,Sat,3,12,23,30,32,100,3,2,1,baseline.csv,20260425_204331
20150816-01,2015-08-16,2015,8,16,Sun,15,17,21,35,44,132,1,4,1,baseline.csv,20260425_204331
20150816-02,2015-08-16,2015,8,16,Sun,12,21,26,39,43,141,2,3,1,baseline.csv,20260425_204331
20150817-01,2015-08-17,2015,8,17,Mon,16,17,19,23,24,99,2,3,2,baseline.csv,20260425_204331
20150817-02,2015-08-17,2015,8,17,Mon,2,5,30,32,37,106,3,2,1,baseline.csv,20260425_204331
20150818-01,2015-08-18,2015,8,18,Tue,1,24,28,33,36,122,3,2,1,baseline.csv,20260425_204331
20150818-02,2015-08-18,2015,8,18,Tue,2,5,24,27,43,101,2,3,1,baseline.csv,20260425_204331
20150819-01,2015-08-19,2015,8,19,Wed,13,19,21,30,38,121,2,3,1,baseline.csv,20260425_204331
20150819-02,2015-08-19,2015,8,19,Wed,1,6,31,39,41,118,1,4,1,baseline.csv,20260425_204331
20150820-01,2015-08-20,2015,8,20,Thu,4,6,15,21,24,70,3,2,1,baseline.csv,20260425_204331
20150820-02,2015-08-20,2015,8,20,Thu,2,4,8,23,35,72,3,2,1,baseline.csv,20260425_204331
20150821-01,2015-08-21,2015,8,21,Fri,9,22,31,32,45,139,2,3,2,baseline.csv,20260425_204331
20150821-02,2015-08-21,2015,8,21,Fri,7,10,38,40,42,137,4,1,1,baseline.csv,20260425_204331
20150822-01,2015-08-22,2015,8,22,Sat,9,24,28,39,40,140,3,2,2,baseline.csv,20260425_204331
20150822-02,2015-08-22,2015,8,22,Sat,15,22,28,34,44,143,4,1,1,baseline.csv,20260425_204331
20150823-01,2015-08-23,2015,8,23,Sun,1,3,9,12,28,53,2,3,1,baseline.csv,20260425_204331
20150823-02,2015-08-23,2015,8,23,Sun,23,26,30,35,40,154,3,2,1,baseline.csv,20260425_204331
20150824-01,2015-08-24,2015,8,24,Mon,6,14,23,29,30,102,3,2,2,baseline.csv,20260425_204331
20150824-02,2015-08-24,2015,8,24,Mon,11,13,15,39,45,123,0,5,1,baseline.csv,20260425_204331
20150825-01,2015-08-25,2015,8,25,Tue,6,22,33,34,42,137,4,1,2,baseline.csv,20260425_204331
20150825-02,2015-08-25,2015,8,25,Tue,3,20,23,31,33,110,1,4,1,baseline.csv,20260425_204331
20150826-01,2015-08-26,2015,8,26,Wed,2,3,13,19,43,80,1,4,2,baseline.csv,20260425_204331
20150826-02,2015-08-26,2015,8,26,Wed,2,3,12,23,43,83,2,3,2,baseline.csv,20260425_204331
20150827-01,2015-08-27,2015,8,27,Thu,20,22,28,33,41,144,3,2,1,baseline.csv,20260425_204331
20150827-02,2015-08-27,2015,8,27,Thu,2,17,18,23,32,92,3,2,2,baseline.csv,20260425_204331
20150828-01,2015-08-28,2015,8,28,Fri,18,28,32,34,38,150,5,0,1,baseline.csv,20260425_204331
20150828-02,2015-08-28,2015,8,28,Fri,6,14,18,28,29,95,4,1,2,baseline.csv,20260425_204331
20150829-01,2015-08-29,2015,8,29,Sat,7,15,34,37,43,136,1,4,1,baseline.csv,20260425_204331
20150829-02,2015-08-29,2015,8,29,Sat,1,3,16,30,34,84,3,2,1,baseline.csv,20260425_204331
20150830-01,2015-08-30,2015,8,30,Sun,1,7,20,21,42,91,2,3,2,baseline.csv,20260425_204331
20150830-02,2015-08-30,2015,8,30,Sun,3,23,32,35,36,129,2,3,2,baseline.csv,20260425_204331
20150831-01,2015-08-31,2015,8,31,Mon,7,17,19,31,34,108,1,4,1,baseline.csv,20260425_204331
20150831-02,2015-08-31,2015,8,31,Mon,4,13,23,24,32,96,3,2,2,baseline.csv,20260425_204331
20150901-01,2015-09-01,2015,9,1,Tue,3,20,26,29,40,118,3,2,1,baseline.csv,20260425_204331
20150901-02,2015-09-01,2015,9,1,Tue,1,20,32,35,40,128,3,2,1,baseline.csv,20260425_204331
20150902-01,2015-09-02,2015,9,2,Wed,6,11,16,22,30,85,4,1,1,baseline.csv,20260425_204331
20150902-02,2015-09-02,2015,9,2,Wed,3,18,25,26,32,104,3,2,2,baseline.csv,20260425_204331
20150903-01,2015-09-03,2015,9,3,Thu,13,15,21,27,35,111,0,5,1,baseline.csv,20260425_204331
20150903-02,2015-09-03,2015,9,3,Thu,12,14,34,38,42,140,5,0,1,baseline.csv,20260425_204331
20150904-01,2015-09-04,2015,9,4,Fri,5,18,23,32,37,115,2,3,1,baseline.csv,20260425_204331
20150904-02,2015-09-04,2015,9,4,Fri,9,23,25,32,37,126,1,4,1,baseline.csv,20260425_204331
20150905-01,2015-09-05,2015,9,5,Sat,14,19,24,28,30,115,4,1,1,baseline.csv,20260425_204331
20150905-02,2015-09-05,2015,9,5,Sat,23,26,30,33,34,146,3,2,2,baseline.csv,20260425_204331
20150906-01,2015-09-06,2015,9,6,Sun,25,27,37,39,44,172,1,4,1,baseline.csv,20260425_204331
20150906-02,2015-09-06,2015,9,6,Sun,14,16,20,34,36,120,5,0,1,baseline.csv,20260425_204331
20150907-01,2015-09-07,2015,9,7,Mon,21,30,31,40,44,166,3,2,2,baseline.csv,20260425_204331
20150907-02,2015-09-07,2015,9,7,Mon,10,17,19,28,38,112,3,2,1,baseline.csv,20260425_204331
20150908-01,2015-09-08,2015,9,8,Tue,10,21,24,41,42,138,3,2,2,baseline.csv,20260425_204331
20150908-02,2015-09-08,2015,9,8,Tue,1,5,32,43,45,126,1,4,1,baseline.csv,20260425_204331
20150909-01,2015-09-09,2015,9,9,Wed,4,6,17,36,42,105,4,1,1,baseline.csv,20260425_204331
20150909-02,2015-09-09,2015,9,9,Wed,9,18,23,24,44,118,3,2,2,baseline.csv,20260425_204331
20150910-01,2015-09-10,2015,9,10,Thu,7,10,13,20,34,84,3,2,1,baseline.csv,20260425_204331
20150910-02,2015-09-10,2015,9,10,Thu,19,26,32,42,44,163,4,1,1,baseline.csv,20260425_204331
20150911-01,2015-09-11,2015,9,11,Fri,12,16,31,33,44,136,3,2,1,baseline.csv,20260425_204331
20150911-02,2015-09-11,2015,9,11,Fri,6,10,20,35,37,108,3,2,1,baseline.csv,20260425_204331
20150912-01,2015-09-12,2015,9,12,Sat,1,10,12,15,32,70,3,2,1,baseline.csv,20260425_204331
20150912-02,2015-09-12,2015,9,12,Sat,5,8,9,30,41,93,2,3,2,baseline.csv,20260425_204331
20150913-01,2015-09-13,2015,9,13,Sun,13,16,25,30,34,118,3,2,1,baseline.csv,20260425_204331
20150913-02,2015-09-13,2015,9,13,Sun,8,20,21,35,39,123,2,3,2,baseline.csv,20260425_204331
20150914-01,2015-09-14,2015,9,14,Mon,7,16,27,33,41,124,1,4,1,baseline.csv,20260425_204331
20150914-02,2015-09-14,2015,9,14,Mon,8,15,16,17,33,89,2,3,3,baseline.csv,20260425_204331
20150915-01,2015-09-15,2015,9,15,Tue,6,17,20,26,34,103,4,1,1,baseline.csv,20260425_204331
20150915-02,2015-09-15,2015,9,15,Tue,3,11,20,34,43,111,2,3,1,baseline.csv,20260425_204331
20150916-01,2015-09-16,2015,9,16,Wed,12,16,17,29,38,112,3,2,2,baseline.csv,20260425_204331
20150916-02,2015-09-16,2015,9,16,Wed,2,5,17,27,29,80,1,4,1,baseline.csv,20260425_204331
20150917-01,2015-09-17,2015,9,17,Thu,10,11,13,25,45,104,1,4,2,baseline.csv,20260425_204331
20150917-02,2015-09-17,2015,9,17,Thu,7,14,16,27,34,98,3,2,1,baseline.csv,20260425_204331
20150918-01,2015-09-18,2015,9,18,Fri,24,27,28,34,38,151,4,1,2,baseline.csv,20260425_204331
20150918-02,2015-09-18,2015,9,18,Fri,25,28,39,40,42,174,3,2,2,baseline.csv,20260425_204331
20150919-01,2015-09-19,2015,9,19,Sat,3,5,14,28,37,87,2,3,1,baseline.csv,20260425_204331
20150919-02,2015-09-19,2015,9,19,Sat,18,20,26,35,42,141,4,1,1,baseline.csv,20260425_204331
20150920-01,2015-09-20,2015,9,20,Sun,9,23,25,35,42,134,1,4,1,baseline.csv,20260425_204331
20150920-02,2015-09-20,2015,9,20,Sun,15,32,35,39,43,164,1,4,1,baseline.csv,20260425_204331
20150921-01,2015-09-21,2015,9,21,Mon,13,19,25,30,36,123,2,3,1,baseline.csv,20260425_204331
20150921-02,2015-09-21,2015,9,21,Mon,3,5,10,11,39,68,1,4,2,baseline.csv,20260425_204331
20150922-01,2015-09-22,2015,9,22,Tue,11,12,28,38,42,131,4,1,2,baseline.csv,20260425_204331
20150922-02,2015-09-22,2015,9,22,Tue,2,18,31,37,40,128,3,2,1,baseline.csv,20260425_204331
20150923-01,2015-09-23,2015,9,23,Wed,2,26,27,37,38,130,3,2,2,baseline.csv,20260425_204331
20150923-02,2015-09-23,2015,9,23,Wed,3,10,15,19,20,67,2,3,2,baseline.csv,20260425_204331
20150924-01,2015-09-24,2015,9,24,Thu,11,21,26,38,43,139,2,3,1,baseline.csv,20260425_204331
20150924-02,2015-09-24,2015,9,24,Thu,29,33,34,38,42,176,3,2,2,baseline.csv,20260425_204331
20150925-01,2015-09-25,2015,9,25,Fri,1,14,21,26,34,96,3,2,1,baseline.csv,20260425_204331
20150925-02,2015-09-25,2015,9,25,Fri,5,11,31,34,45,126,1,4,1,baseline.csv,20260425_204331
20150926-01,2015-09-26,2015,9,26,Sat,13,18,28,43,45,147,2,3,1,baseline.csv,20260425_204331
20150926-02,2015-09-26,2015,9,26,Sat,1,18,27,29,40,115,2,3,1,baseline.csv,20260425_204331
20150927-01,2015-09-27,2015,9,27,Sun,2,10,24,29,39,104,3,2,1,baseline.csv,20260425_204331
20150927-02,2015-09-27,2015,9,27,Sun,5,6,18,38,44,111,4,1,2,baseline.csv,20260425_204331
20150928-01,2015-09-28,2015,9,28,Mon,2,7,18,27,41,95,2,3,1,baseline.csv,20260425_204331
20150928-02,2015-09-28,2015,9,28,Mon,13,18,26,29,34,120,3,2,1,baseline.csv,20260425_204331
20150929-01,2015-09-29,2015,9,29,Tue,19,25,30,34,35,143,2,3,2,baseline.csv,20260425_204331
20150929-02,2015-09-29,2015,9,29,Tue,11,12,18,21,24,86,3,2,2,baseline.csv,20260425_204331
20150930-01,2015-09-30,2015,9,30,Wed,1,9,23,33,36,102,1,4,1,baseline.csv,20260425_204331
20150930-02,2015-09-30,2015,9,30,Wed,9,19,28,42,44,142,3,2,1,baseline.csv,20260425_204331
20151001-01,2015-10-01,2015,10,1,Thu,3,10,15,18,21,67,2,3,1,baseline.csv,20260425_204331
20151001-02,2015-10-01,2015,10,1,Thu,14,17,29,40,45,145,2,3,1,baseline.csv,20260425_204331
20151002-01,2015-10-02,2015,10,2,Fri,8,26,28,32,41,135,4,1,1,baseline.csv,20260425_204331
20151002-02,2015-10-02,2015,10,2,Fri,2,7,34,35,45,123,2,3,2,baseline.csv,20260425_204331
20151003-01,2015-10-03,2015,10,3,Sat,9,21,27,31,41,129,0,5,1,baseline.csv,20260425_204331
20151003-02,2015-10-03,2015,10,3,Sat,4,17,28,36,40,125,4,1,1,baseline.csv,20260425_204331
20151004-01,2015-10-04,2015,10,4,Sun,2,15,28,30,40,115,4,1,1,baseline.csv,20260425_204331
20151004-02,2015-10-04,2015,10,4,Sun,27,29,31,33,36,156,1,4,1,baseline.csv,20260425_204331
20151005-01,2015-10-05,2015,10,5,Mon,7,8,31,38,39,123,2,3,2,baseline.csv,20260425_204331
20151005-02,2015-10-05,2015,10,5,Mon,1,13,16,21,42,93,2,3,1,baseline.csv,20260425_204331
20151006-01,2015-10-06,2015,10,6,Tue,5,9,15,30,44,103,2,3,1,baseline.csv,20260425_204331
20151006-02,2015-10-06,2015,10,6,Tue,18,20,23,27,36,124,3,2,1,baseline.csv,20260425_204331
20151007-01,2015-10-07,2015,10,7,Wed,2,3,5,13,31,54,1,4,2,baseline.csv,20260425_204331
20151007-02,2015-10-07,2015,10,7,Wed,6,7,15,27,37,92,1,4,2,baseline.csv,20260425_204331
20151008-01,2015-10-08,2015,10,8,Thu,12,18,19,29,33,111,2,3,2,baseline.csv,20260425_204331
20151008-02,2015-10-08,2015,10,8,Thu,13,21,36,44,45,159,2,3,2,baseline.csv,20260425_204331
20151009-01,2015-10-09,2015,10,9,Fri,8,22,27,41,44,142,3,2,1,baseline.csv,20260425_204331
20151009-02,2015-10-09,2015,10,9,Fri,4,5,6,9,32,56,3,2,3,baseline.csv,20260425_204331
20151010-01,2015-10-10,2015,10,10,Sat,4,19,33,37,45,138,1,4,1,baseline.csv,20260425_204331
20151010-02,2015-10-10,2015,10,10,Sat,20,32,37,38,40,167,4,1,2,baseline.csv,20260425_204331
20151011-01,2015-10-11,2015,10,11,Sun,2,6,11,19,30,68,3,2,1,baseline.csv,20260425_204331
20151011-02,2015-10-11,2015,10,11,Sun,5,11,18,25,41,100,1,4,1,baseline.csv,20260425_204331
20151012-01,2015-10-12,2015,10,12,Mon,17,26,34,39,45,161,2,3,1,baseline.csv,20260425_204331
20151012-02,2015-10-12,2015,10,12,Mon,10,16,25,26,30,107,4,1,2,baseline.csv,20260425_204331
20151013-01,2015-10-13,2015,10,13,Tue,3,11,19,20,23,76,1,4,2,baseline.csv,20260425_204331
20151013-02,2015-10-13,2015,10,13,Tue,11,15,37,38,44,145,2,3,2,baseline.csv,20260425_204331
20151014-01,2015-10-14,2015,10,14,Wed,8,12,21,28,33,102,3,2,1,baseline.csv,20260425_204331
20151014-02,2015-10-14,2015,10,14,Wed,7,15,16,17,45,100,1,4,3,baseline.csv,20260425_204331
20151015-01,2015-10-15,2015,10,15,Thu,5,7,13,27,35,87,0,5,1,baseline.csv,20260425_204331
20151015-02,2015-10-15,2015,10,15,Thu,9,18,19,26,27,99,2,3,2,baseline.csv,20260425_204331
20151016-01,2015-10-16,2015,10,16,Fri,11,14,21,25,27,98,1,4,1,baseline.csv,20260425_204331
20151016-02,2015-10-16,2015,10,16,Fri,12,15,17,32,39,115,2,3,1,baseline.csv,20260425_204331
20151017-01,2015-10-17,2015,10,17,Sat,5,7,8,29,38,87,2,3,2,baseline.csv,20260425_204331
20151017-02,2015-10-17,2015,10,17,Sat,5,22,25,36,39,127,2,3,1,baseline.csv,20260425_204331
20151018-01,2015-10-18,2015,10,18,Sun,1,15,20,26,32,94,3,2,1,baseline.csv,20260425_204331
20151018-02,2015-10-18,2015,10,18,Sun,6,27,28,31,37,129,2,3,2,baseline.csv,20260425_204331
20151019-01,2015-10-19,2015,10,19,Mon,1,5,11,27,43,87,0,5,1,baseline.csv,20260425_204331
20151019-02,2015-10-19,2015,10,19,Mon,11,18,24,28,43,124,3,2,1,baseline.csv,20260425_204331
20151020-01,2015-10-20,2015,10,20,Tue,4,9,17,21,28,79,2,3,1,baseline.csv,20260425_204331
20151020-02,2015-10-20,2015,10,20,Tue,6,11,21,35,37,110,1,4,1,baseline.csv,20260425_204331
20151021-01,2015-10-21,2015,10,21,Wed,1,2,12,24,26,65,4,1,2,baseline.csv,20260425_204331
20151021-02,2015-10-21,2015,10,21,Wed,2,8,9,10,22,51,4,1,3,baseline.csv,20260425_204331
20151022-01,2015-10-22,2015,10,22,Thu,2,6,19,26,29,82,3,2,1,baseline.csv,20260425_204331
20151022-02,2015-10-22,2015,10,22,Thu,17,29,31,34,36,147,2,3,1,baseline.csv,20260425_204331
20151023-01,2015-10-23,2015,10,23,Fri,8,19,30,37,40,134,3,2,1,baseline.csv,20260425_204331
20151023-02,2015-10-23,2015,10,23,Fri,3,14,27,29,33,106,1,4,1,baseline.csv,20260425_204331
20151024-01,2015-10-24,2015,10,24,Sat,1,2,17,33,42,95,2,3,2,baseline.csv,20260425_204331
20151024-02,2015-10-24,2015,10,24,Sat,23,26,28,34,44,155,4,1,1,baseline.csv,20260425_204331
20151025-01,2015-10-25,2015,10,25,Sun,3,5,9,13,41,71,0,5,1,baseline.csv,20260425_204331
20151025-02,2015-10-25,2015,10,25,Sun,15,23,27,33,42,140,1,4,1,baseline.csv,20260425_204331
20151026-01,2015-10-26,2015,10,26,Mon,4,11,16,24,38,93,4,1,1,baseline.csv,20260425_204331
20151026-02,2015-10-26,2015,10,26,Mon,7,9,13,39,42,110,1,4,1,baseline.csv,20260425_204331
20151027-01,2015-10-27,2015,10,27,Tue,6,10,16,33,44,109,4,1,1,baseline.csv,20260425_204331
20151027-02,2015-10-27,2015,10,27,Tue,5,17,23,31,45,121,0,5,1,baseline.csv,20260425_204331
20151028-01,2015-10-28,2015,10,28,Wed,9,37,40,43,45,174,1,4,1,baseline.csv,20260425_204331
20151028-02,2015-10-28,2015,10,28,Wed,6,10,23,28,37,104,3,2,1,baseline.csv,20260425_204331
20151029-01,2015-10-29,2015,10,29,Thu,8,20,22,23,39,112,3,2,2,baseline.csv,20260425_204331
20151029-02,2015-10-29,2015,10,29,Thu,2,25,29,31,44,131,2,3,1,baseline.csv,20260425_204331
20151030-01,2015-10-30,2015,10,30,Fri,28,37,38,41,42,186,3,2,2,baseline.csv,20260425_204331
20151030-02,2015-10-30,2015,10,30,Fri,5,7,23,25,26,86,1,4,2,baseline.csv,20260425_204331
20151031-01,2015-10-31,2015,10,31,Sat,4,5,13,17,39,78,1,4,2,baseline.csv,20260425_204331
20151031-02,2015-10-31,2015,10,31,Sat,5,7,16,44,45,117,2,3,2,baseline.csv,20260425_204331
20151101-01,2015-11-01,2015,11,1,Sun,3,12,13,19,30,77,2,3,2,baseline.csv,20260425_204331
20151101-02,2015-11-01,2015,11,1,Sun,6,10,12,22,28,78,5,0,1,baseline.csv,20260425_204331
20151102-01,2015-11-02,2015,11,2,Mon,15,27,33,35,44,154,1,4,1,baseline.csv,20260425_204331
20151102-02,2015-11-02,2015,11,2,Mon,16,22,34,40,44,156,5,0,1,baseline.csv,20260425_204331
20151103-01,2015-11-03,2015,11,3,Tue,13,26,31,42,45,157,2,3,1,baseline.csv,20260425_204331
20151103-02,2015-11-03,2015,11,3,Tue,2,4,7,17,25,55,2,3,1,baseline.csv,20260425_204331
20151104-01,2015-11-04,2015,11,4,Wed,10,11,14,16,45,96,3,2,2,baseline.csv,20260425_204331
20151104-02,2015-11-04,2015,11,4,Wed,9,10,27,28,39,113,2,3,2,baseline.csv,20260425_204331
20151105-01,2015-11-05,2015,11,5,Thu,1,6,18,27,35,87,2,3,1,baseline.csv,20260425_204331
20151105-02,2015-11-05,2015,11,5,Thu,7,12,20,31,36,106,3,2,1,baseline.csv,20260425_204331
20151106-01,2015-11-06,2015,11,6,Fri,17,24,30,37,38,146,3,2,2,baseline.csv,20260425_204331
20151106-02,2015-11-06,2015,11,6,Fri,15,20,26,28,35,124,3,2,1,baseline.csv,20260425_204331
20151107-01,2015-11-07,2015,11,7,Sat,4,7,20,34,41,106,3,2,1,baseline.csv,20260425_204331
20151107-02,2015-11-07,2015,11,7,Sat,1,11,16,20,41,89,2,3,1,baseline.csv,20260425_204331
20151108-01,2015-11-08,2015,11,8,Sun,1,3,30,38,43,115,2,3,1,baseline.csv,20260425_204331
20151108-02,2015-11-08,2015,11,8,Sun,3,26,29,30,45,133,2,3,2,baseline.csv,20260425_204331
20151109-01,2015-11-09,2015,11,9,Mon,8,13,27,40,45,133,2,3,1,baseline.csv,20260425_204331
20151109-02,2015-11-09,2015,11,9,Mon,19,20,31,32,36,138,3,2,2,baseline.csv,20260425_204331
20151110-01,2015-11-10,2015,11,10,Tue,11,23,25,41,43,143,0,5,1,baseline.csv,20260425_204331
20151110-02,2015-11-10,2015,11,10,Tue,4,22,31,40,45,142,3,2,1,baseline.csv,20260425_204331
20151111-01,2015-11-11,2015,11,11,Wed,1,2,11,17,20,51,2,3,2,baseline.csv,20260425_204331
20151111-02,2015-11-11,2015,11,11,Wed,1,24,25,26,32,108,3,2,3,baseline.csv,20260425_204331
20151112-01,2015-11-12,2015,11,12,Thu,6,24,30,39,44,143,4,1,1,baseline.csv,20260425_204331
20151112-02,2015-11-12,2015,11,12,Thu,1,6,9,15,44,75,2,3,1,baseline.csv,20260425_204331
20151113-01,2015-11-13,2015,11,13,Fri,17,32,34,39,41,163,2,3,1,baseline.csv,20260425_204331
20151113-02,2015-11-13,2015,11,13,Fri,19,22,24,28,42,135,4,1,1,baseline.csv,20260425_204331
20151114-01,2015-11-14,2015,11,14,Sat,5,6,19,30,41,101,2,3,2,baseline.csv,20260425_204331
20151114-02,2015-11-14,2015,11,14,Sat,2,12,34,36,41,125,4,1,1,baseline.csv,20260425_204331
20151115-01,2015-11-15,2015,11,15,Sun,1,9,23,36,43,112,1,4,1,baseline.csv,20260425_204331
20151115-02,2015-11-15,2015,11,15,Sun,24,30,33,39,43,169,2,3,1,baseline.csv,20260425_204331
20151116-01,2015-11-16,2015,11,16,Mon,11,18,33,35,38,135,2,3,1,baseline.csv,20260425_204331
20151116-02,2015-11-16,2015,11,16,Mon,11,19,21,41,44,136,1,4,1,baseline.csv,20260425_204331
20151117-01,2015-11-17,2015,11,17,Tue,3,25,26,28,37,119,2,3,2,baseline.csv,20260425_204331
20151117-02,2015-11-17,2015,11,17,Tue,7,11,21,33,43,115,0,5,1,baseline.csv,20260425_204331
20151118-01,2015-11-18,2015,11,18,Wed,9,17,19,29,38,112,1,4,1,baseline.csv,20260425_204331
20151118-02,2015-11-18,2015,11,18,Wed,3,6,19,21,32,81,2,3,1,baseline.csv,20260425_204331
20151119-01,2015-11-19,2015,11,19,Thu,10,17,29,33,39,128,1,4,1,baseline.csv,20260425_204331
20151119-02,2015-11-19,2015,11,19,Thu,2,32,39,40,45,158,3,2,2,baseline.csv,20260425_204331
20151120-01,2015-11-20,2015,11,20,Fri,8,13,23,33,45,122,1,4,1,baseline.csv,20260425_204331
20151120-02,2015-11-20,2015,11,20,Fri,19,25,28,38,44,154,3,2,1,baseline.csv,20260425_204331
20151121-01,2015-11-21,2015,11,21,Sat,5,8,20,25,39,97,2,3,1,baseline.csv,20260425_204331
20151121-02,2015-11-21,2015,11,21,Sat,1,13,17,25,41,97,0,5,1,baseline.csv,20260425_204331
20151122-01,2015-11-22,2015,11,22,Sun,10,14,17,23,42,106,3,2,1,baseline.csv,20260425_204331
20151122-02,2015-11-22,2015,11,22,Sun,4,8,26,27,43,108,3,2,2,baseline.csv,20260425_204331
20151123-01,2015-11-23,2015,11,23,Mon,5,7,8,16,29,65,2,3,2,baseline.csv,20260425_204331
20151123-02,2015-11-23,2015,11,23,Mon,4,7,16,28,36,91,4,1,1,baseline.csv,20260425_204331
20151124-01,2015-11-24,2015,11,24,Tue,1,2,6,25,27,61,2,3,2,baseline.csv,20260425_204331
20151124-02,2015-11-24,2015,11,24,Tue,2,5,20,30,35,92,3,2,1,baseline.csv,20260425_204331
20151125-01,2015-11-25,2015,11,25,Wed,3,8,13,15,24,63,2,3,1,baseline.csv,20260425_204331
20151125-02,2015-11-25,2015,11,25,Wed,2,22,26,28,44,122,5,0,1,baseline.csv,20260425_204331
20151126-01,2015-11-26,2015,11,26,Thu,32,38,39,44,45,198,3,2,2,baseline.csv,20260425_204331
20151126-02,2015-11-26,2015,11,26,Thu,7,16,27,37,43,130,1,4,1,baseline.csv,20260425_204331
20151127-01,2015-11-27,2015,11,27,Fri,2,4,28,36,45,115,4,1,1,baseline.csv,20260425_204331
20151127-02,2015-11-27,2015,11,27,Fri,5,9,19,22,27,82,1,4,1,baseline.csv,20260425_204331
20151128-01,2015-11-28,2015,11,28,Sat,8,19,20,25,28,100,3,2,2,baseline.csv,20260425_204331
20151128-02,2015-11-28,2015,11,28,Sat,16,17,38,40,44,155,4,1,2,baseline.csv,20260425_204331
20151129-01,2015-11-29,2015,11,29,Sun,3,11,20,26,38,98,3,2,1,baseline.csv,20260425_204331
20151129-02,2015-11-29,2015,11,29,Sun,1,3,11,14,42,71,2,3,1,baseline.csv,20260425_204331
20151130-01,2015-11-30,2015,11,30,Mon,1,3,9,23,30,66,1,4,1,baseline.csv,20260425_204331
20151130-02,2015-11-30,2015,11,30,Mon,6,7,26,27,31,97,2,3,2,baseline.csv,20260425_204331
20151201-01,2015-12-01,2015,12,1,Tue,10,12,14,33,41,110,3,2,1,baseline.csv,20260425_204331
20151201-02,2015-12-01,2015,12,1,Tue,3,5,7,42,43,100,1,4,2,baseline.csv,20260425_204331
20151202-01,2015-12-02,2015,12,2,Wed,13,16,27,38,45,139,2,3,1,baseline.csv,20260425_204331
20151202-02,2015-12-02,2015,12,2,Wed,7,15,16,31,33,102,1,4,2,baseline.csv,20260425_204331
20151203-01,2015-12-03,2015,12,3,Thu,1,11,17,26,28,83,2,3,1,baseline.csv,20260425_204331
20151203-02,2015-12-03,2015,12,3,Thu,10,27,36,39,41,153,2,3,1,baseline.csv,20260425_204331
20151204-01,2015-12-04,2015,12,4,Fri,10,12,19,33,40,114,3,2,1,baseline.csv,20260425_204331
20151204-02,2015-12-04,2015,12,4,Fri,4,15,17,25,44,105,2,3,1,baseline.csv,20260425_204331
20151205-01,2015-12-05,2015,12,5,Sat,13,16,28,33,42,132,3,2,1,baseline.csv,20260425_204331
20151205-02,2015-12-05,2015,12,5,Sat,3,5,9,18,35,70,1,4,1,baseline.csv,20260425_204331
20151206-01,2015-12-06,2015,12,6,Sun,13,18,36,38,41,146,3,2,1,baseline.csv,20260425_204331
20151206-02,2015-12-06,2015,12,6,Sun,13,23,25,29,39,129,0,5,1,baseline.csv,20260425_204331
20151207-01,2015-12-07,2015,12,7,Mon,3,4,23,33,41,104,1,4,2,baseline.csv,20260425_204331
20151207-02,2015-12-07,2015,12,7,Mon,2,10,23,25,34,94,3,2,1,baseline.csv,20260425_204331
20151208-01,2015-12-08,2015,12,8,Tue,7,10,29,34,42,122,3,2,1,baseline.csv,20260425_204331
20151208-02,2015-12-08,2015,12,8,Tue,3,27,30,43,45,148,1,4,1,baseline.csv,20260425_204331
20151209-01,2015-12-09,2015,12,9,Wed,4,23,35,40,43,145,2,3,1,baseline.csv,20260425_204331
20151209-02,2015-12-09,2015,12,9,Wed,6,25,27,36,38,132,3,2,1,baseline.csv,20260425_204331
20151210-01,2015-12-10,2015,12,10,Thu,14,15,16,20,23,88,3,2,3,baseline.csv,20260425_204331
20151210-02,2015-12-10,2015,12,10,Thu,2,3,18,37,40,100,3,2,2,baseline.csv,20260425_204331
20151211-01,2015-12-11,2015,12,11,Fri,14,18,22,28,44,126,5,0,1,baseline.csv,20260425_204331
20151211-02,2015-12-11,2015,12,11,Fri,1,7,10,14,34,66,3,2,1,baseline.csv,20260425_204331
20151212-01,2015-12-12,2015,12,12,Sat,7,9,21,26,28,91,2,3,1,baseline.csv,20260425_204331
20151212-02,2015-12-12,2015,12,12,Sat,3,12,17,19,30,81,2,3,1,baseline.csv,20260425_204331
20151213-01,2015-12-13,2015,12,13,Sun,8,15,20,21,35,99,2,3,2,baseline.csv,20260425_204331
20151213-02,2015-12-13,2015,12,13,Sun,23,32,33,39,43,170,1,4,2,baseline.csv,20260425_204331
20151214-01,2015-12-14,2015,12,14,Mon,2,3,34,38,44,121,4,1,2,baseline.csv,20260425_204331
20151214-02,2015-12-14,2015,12,14,Mon,15,25,35,37,40,152,1,4,1,baseline.csv,20260425_204331
20151215-01,2015-12-15,2015,12,15,Tue,11,17,21,37,44,130,1,4,1,baseline.csv,20260425_204331
20151215-02,2015-12-15,2015,12,15,Tue,3,7,18,20,24,72,3,2,1,baseline.csv,20260425_204331
20151216-01,2015-12-16,2015,12,16,Wed,1,24,30,33,42,130,3,2,1,baseline.csv,20260425_204331
20151216-02,2015-12-16,2015,12,16,Wed,5,7,25,31,32,100,1,4,2,baseline.csv,20260425_204331
20151217-01,2015-12-17,2015,12,17,Thu,1,23,28,38,42,132,3,2,1,baseline.csv,20260425_204331
20151217-02,2015-12-17,2015,12,17,Thu,9,10,14,18,26,77,4,1,2,baseline.csv,20260425_204331
20151218-01,2015-12-18,2015,12,18,Fri,6,17,18,30,38,109,4,1,2,baseline.csv,20260425_204331
20151218-02,2015-12-18,2015,12,18,Fri,1,7,16,21,45,90,1,4,1,baseline.csv,20260425_204331
20151219-01,2015-12-19,2015,12,19,Sat,9,10,13,25,26,83,2,3,2,baseline.csv,20260425_204331
20151219-02,2015-12-19,2015,12,19,Sat,3,9,15,31,44,102,1,4,1,baseline.csv,20260425_204331
20151220-01,2015-12-20,2015,12,20,Sun,4,23,26,28,43,124,3,2,1,baseline.csv,20260425_204331
20151220-02,2015-12-20,2015,12,20,Sun,5,6,15,22,24,72,3,2,2,baseline.csv,20260425_204331
20151221-01,2015-12-21,2015,12,21,Mon,1,3,9,29,45,87,0,5,1,baseline.csv,20260425_204331
20151221-02,2015-12-21,2015,12,21,Mon,14,22,24,36,39,135,4,1,1,baseline.csv,20260425_204331
20151222-01,2015-12-22,2015,12,22,Tue,3,7,25,34,35,104,1,4,2,baseline.csv,20260425_204331
20151222-02,2015-12-22,2015,12,22,Tue,11,16,33,40,41,141,2,3,2,baseline.csv,20260425_204331
20151223-01,2015-12-23,2015,12,23,Wed,4,5,12,24,34,79,4,1,2,baseline.csv,20260425_204331
20151223-02,2015-12-23,2015,12,23,Wed,7,8,21,28,44,108,3,2,2,baseline.csv,20260425_204331
20151224-01,2015-12-24,2015,12,24,Thu,9,20,21,23,34,107,2,3,2,baseline.csv,20260425_204331
20151224-02,2015-12-24,2015,12,24,Thu,16,22,23,24,31,116,3,2,3,baseline.csv,20260425_204331
20151225-01,2015-12-25,2015,12,25,Fri,6,13,30,33,43,125,2,3,1,baseline.csv,20260425_204331
20151225-02,2015-12-25,2015,12,25,Fri,14,30,32,38,45,159,4,1,1,baseline.csv,20260425_204331
20151226-01,2015-12-26,2015,12,26,Sat,4,9,18,29,39,99,2,3,1,baseline.csv,20260425_204331
20151226-02,2015-12-26,2015,12,26,Sat,3,6,13,19,22,63,2,3,1,baseline.csv,20260425_204331
20151227-01,2015-12-27,2015,12,27,Sun,13,16,34,40,45,148,3,2,1,baseline.csv,20260425_204331
20151227-02,2015-12-27,2015,12,27,Sun,5,22,29,38,43,137,2,3,1,baseline.csv,20260425_204331
20151228-01,2015-12-28,2015,12,28,Mon,1,4,5,21,31,62,1,4,2,baseline.csv,20260425_204331
20151228-02,2015-12-28,2015,12,28,Mon,1,3,28,40,44,116,3,2,1,baseline.csv,20260425_204331
20151229-01,2015-12-29,2015,12,29,Tue,21,24,30,31,39,145,2,3,2,baseline.csv,20260425_204331
20151229-02,2015-12-29,2015,12,29,Tue,7,25,34,40,44,150,3,2,1,baseline.csv,20260425_204331
20151230-01,2015-12-30,2015,12,30,Wed,7,21,34,35,42,139,2,3,2,baseline.csv,20260425_204331
20151230-02,2015-12-30,2015,12,30,Wed,4,16,21,22,23,86,3,2,3,baseline.csv,20260425_204331
20151231-01,2015-12-31,2015,12,31,Thu,1,5,20,24,39,89,2,3,1,baseline.csv,20260425_204331
20151231-02,2015-12-31,2015,12,31,Thu,15,27,29,38,41,150,1,4,1,baseline.csv,20260425_204331
20160101-01,2016-01-01,2016,1,1,Fri,16,25,36,41,44,162,3,2,1,baseline.csv,20260425_204331
20160101-02,2016-01-01,2016,1,1,Fri,2,15,16,31,43,107,2,3,2,baseline.csv,20260425_204331
20160102-01,2016-01-02,2016,1,2,Sat,4,13,19,21,34,91,2,3,1,baseline.csv,20260425_204331
20160102-02,2016-01-02,2016,1,2,Sat,6,9,28,29,34,106,3,2,2,baseline.csv,20260425_204331
20160103-01,2016-01-03,2016,1,3,Sun,1,9,26,36,42,114,3,2,1,baseline.csv,20260425_204331
20160103-02,2016-01-03,2016,1,3,Sun,7,16,34,38,39,134,3,2,2,baseline.csv,20260425_204331
20160104-01,2016-01-04,2016,1,4,Mon,8,12,17,18,34,89,4,1,2,baseline.csv,20260425_204331
20160104-02,2016-01-04,2016,1,4,Mon,1,12,22,26,42,103,4,1,1,baseline.csv,20260425_204331
20160105-01,2016-01-05,2016,1,5,Tue,9,11,25,28,32,105,2,3,1,baseline.csv,20260425_204331
20160105-02,2016-01-05,2016,1,5,Tue,6,13,33,38,41,131,2,3,1,baseline.csv,20260425_204331
20160106-01,2016-01-06,2016,1,6,Wed,15,25,33,39,40,152,1,4,2,baseline.csv,20260425_204331
20160106-02,2016-01-06,2016,1,6,Wed,6,13,23,28,44,114,3,2,1,baseline.csv,20260425_204331
20160107-01,2016-01-07,2016,1,7,Thu,16,26,28,32,36,138,5,0,1,baseline.csv,20260425_204331
20160107-02,2016-01-07,2016,1,7,Thu,1,19,31,40,41,132,1,4,2,baseline.csv,20260425_204331
20160108-01,2016-01-08,2016,1,8,Fri,10,25,33,34,36,138,3,2,2,baseline.csv,20260425_204331
20160108-02,2016-01-08,2016,1,8,Fri,14,16,21,28,29,108,3,2,2,baseline.csv,20260425_204331
20160109-01,2016-01-09,2016,1,9,Sat,2,20,26,28,43,119,4,1,1,baseline.csv,20260425_204331
20160109-02,2016-01-09,2016,1,9,Sat,6,8,16,29,39,98,3,2,1,baseline.csv,20260425_204331
20160110-01,2016-01-10,2016,1,10,Sun,9,14,24,36,45,128,3,2,1,baseline.csv,20260425_204331
20160110-02,2016-01-10,2016,1,10,Sun,18,36,39,42,45,180,3,2,1,baseline.csv,20260425_204331
20160111-01,2016-01-11,2016,1,11,Mon,7,25,33,36,37,138,1,4,2,baseline.csv,20260425_204331
20160111-02,2016-01-11,2016,1,11,Mon,2,17,19,31,40,109,2,3,1,baseline.csv,20260425_204331
20160112-01,2016-01-12,2016,1,12,Tue,3,14,20,33,41,111,2,3,1,baseline.csv,20260425_204331
20160112-02,2016-01-12,2016,1,12,Tue,15,19,25,34,40,133,2,3,1,baseline.csv,20260425_204331
20160113-01,2016-01-13,2016,1,13,Wed,8,26,28,39,44,145,4,1,1,baseline.csv,20260425_204331
20160113-02,2016-01-13,2016,1,13,Wed,1,11,23,24,39,98,1,4,2,baseline.csv,20260425_204331
20160114-01,2016-01-14,2016,1,14,Thu,2,8,29,33,41,113,2,3,1,baseline.csv,20260425_204331
20160114-02,2016-01-14,2016,1,14,Thu,1,15,19,27,41,103,0,5,1,baseline.csv,20260425_204331
20160115-01,2016-01-15,2016,1,15,Fri,30,36,37,39,42,184,3,2,2,baseline.csv,20260425_204331
20160115-02,2016-01-15,2016,1,15,Fri,6,17,23,36,42,124,3,2,1,baseline.csv,20260425_204331
20160116-01,2016-01-16,2016,1,16,Sat,3,7,29,30,38,107,2,3,2,baseline.csv,20260425_204331
20160116-02,2016-01-16,2016,1,16,Sat,13,14,31,32,36,126,3,2,2,baseline.csv,20260425_204331
20160117-01,2016-01-17,2016,1,17,Sun,10,14,18,19,36,97,4,1,2,baseline.csv,20260425_204331
20160117-02,2016-01-17,2016,1,17,Sun,12,32,34,37,40,155,4,1,1,baseline.csv,20260425_204331
20160118-01,2016-01-18,2016,1,18,Mon,8,16,35,37,38,134,3,2,2,baseline.csv,20260425_204331
20160118-02,2016-01-18,2016,1,18,Mon,31,35,41,43,44,194,1,4,2,baseline.csv,20260425_204331
20160119-01,2016-01-19,2016,1,19,Tue,3,15,20,31,44,113,2,3,1,baseline.csv,20260425_204331
20160119-02,2016-01-19,2016,1,19,Tue,3,4,5,12,24,48,3,2,3,baseline.csv,20260425_204331
20160120-01,2016-01-20,2016,1,20,Wed,6,8,21,22,27,84,3,2,2,baseline.csv,20260425_204331
20160120-02,2016-01-20,2016,1,20,Wed,4,11,17,31,39,102,1,4,1,baseline.csv,20260425_204331
20160121-01,2016-01-21,2016,1,21,Thu,14,22,25,34,35,130,3,2,2,baseline.csv,20260425_204331
20160121-02,2016-01-21,2016,1,21,Thu,19,28,29,32,38,146,3,2,2,baseline.csv,20260425_204331
20160122-01,2016-01-22,2016,1,22,Fri,4,7,30,36,40,117,4,1,1,baseline.csv,20260425_204331
20160122-02,2016-01-22,2016,1,22,Fri,3,7,12,15,29,66,1,4,1,baseline.csv,20260425_204331
20160123-01,2016-01-23,2016,1,23,Sat,2,12,26,33,45,118,3,2,1,baseline.csv,20260425_204331
20160123-02,2016-01-23,2016,1,23,Sat,4,10,30,38,39,121,4,1,2,baseline.csv,20260425_204331
20160124-01,2016-01-24,2016,1,24,Sun,14,19,33,38,39,143,2,3,2,baseline.csv,20260425_204331
20160124-02,2016-01-24,2016,1,24,Sun,2,8,23,27,45,105,2,3,1,baseline.csv,20260425_204331
20160125-01,2016-01-25,2016,1,25,Mon,22,23,25,26,35,131,2,3,2,baseline.csv,20260425_204331
20160125-02,2016-01-25,2016,1,25,Mon,3,7,9,17,39,75,0,5,1,baseline.csv,20260425_204331
20160126-01,2016-01-26,2016,1,26,Tue,4,32,34,36,39,145,4,1,1,baseline.csv,20260425_204331
20160126-02,2016-01-26,2016,1,26,Tue,7,12,20,23,26,88,3,2,1,baseline.csv,20260425_204331
20160127-01,2016-01-27,2016,1,27,Wed,20,25,28,38,43,154,3,2,1,baseline.csv,20260425_204331
20160127-02,2016-01-27,2016,1,27,Wed,11,17,25,29,34,116,1,4,1,baseline.csv,20260425_204331
20160128-01,2016-01-28,2016,1,28,Thu,2,13,19,31,45,110,1,4,1,baseline.csv,20260425_204331
20160128-02,2016-01-28,2016,1,28,Thu,10,21,26,36,45,138,3,2,1,baseline.csv,20260425_204331
20160129-01,2016-01-29,2016,1,29,Fri,6,27,33,34,35,135,2,3,3,baseline.csv,20260425_204331
20160129-02,2016-01-29,2016,1,29,Fri,3,4,7,10,16,40,3,2,2,baseline.csv,20260425_204331
20160130-01,2016-01-30,2016,1,30,Sat,8,13,25,34,44,124,3,2,1,baseline.csv,20260425_204331
20160130-02,2016-01-30,2016,1,30,Sat,12,14,21,39,43,129,2,3,1,baseline.csv,20260425_204331
20160131-01,2016-01-31,2016,1,31,Sun,9,17,18,20,38,102,3,2,2,baseline.csv,20260425_204331
20160131-02,2016-01-31,2016,1,31,Sun,10,19,25,26,28,108,3,2,2,baseline.csv,20260425_204331
20160201-01,2016-02-01,2016,2,1,Mon,2,9,25,29,41,106,1,4,1,baseline.csv,20260425_204331
20160201-02,2016-02-01,2016,2,1,Mon,1,5,6,10,37,59,2,3,2,baseline.csv,20260425_204331
20160202-01,2016-02-02,2016,2,2,Tue,8,9,11,19,21,68,1,4,2,baseline.csv,20260425_204331
20160202-02,2016-02-02,2016,2,2,Tue,2,11,15,18,31,77,2,3,1,baseline.csv,20260425_204331
20160203-01,2016-02-03,2016,2,3,Wed,5,17,18,20,37,97,2,3,2,baseline.csv,20260425_204331
20160203-02,2016-02-03,2016,2,3,Wed,2,18,19,27,43,109,2,3,2,baseline.csv,20260425_204331
20160204-01,2016-02-04,2016,2,4,Thu,12,23,25,34,35,129,2,3,2,baseline.csv,20260425_204331
20160204-02,2016-02-04,2016,2,4,Thu,3,13,26,30,39,111,2,3,1,baseline.csv,20260425_204331
20160205-01,2016-02-05,2016,2,5,Fri,5,14,20,24,35,98,3,2,1,baseline.csv,20260425_204331
20160205-02,2016-02-05,2016,2,5,Fri,6,13,15,28,44,106,3,2,1,baseline.csv,20260425_204331
20160206-01,2016-02-06,2016,2,6,Sat,2,14,29,39,41,125,2,3,1,baseline.csv,20260425_204331
20160206-02,2016-02-06,2016,2,6,Sat,11,26,28,38,45,148,3,2,1,baseline.csv,20260425_204331
20160207-01,2016-02-07,2016,2,7,Sun,8,23,34,38,42,145,4,1,1,baseline.csv,20260425_204331
20160207-02,2016-02-07,2016,2,7,Sun,3,9,12,25,31,80,1,4,1,baseline.csv,20260425_204331
20160208-01,2016-02-08,2016,2,8,Mon,9,13,15,19,33,89,0,5,1,baseline.csv,20260425_204331
20160208-02,2016-02-08,2016,2,8,Mon,1,15,17,21,30,84,1,4,1,baseline.csv,20260425_204331
20160209-01,2016-02-09,2016,2,9,Tue,7,20,30,37,43,137,2,3,1,baseline.csv,20260425_204331
20160209-02,2016-02-09,2016,2,9,Tue,2,6,12,23,25,68,3,2,1,baseline.csv,20260425_204331
20160210-01,2016-02-10,2016,2,10,Wed,15,17,21,30,38,121,2,3,1,baseline.csv,20260425_204331
20160210-02,2016-02-10,2016,2,10,Wed,7,13,14,21,22,77,2,3,2,baseline.csv,20260425_204331
20160211-01,2016-02-11,2016,2,11,Thu,7,14,24,35,40,120,3,2,1,baseline.csv,20260425_204331
20160211-02,2016-02-11,2016,2,11,Thu,5,7,10,19,37,78,1,4,1,baseline.csv,20260425_204331
20160212-01,2016-02-12,2016,2,12,Fri,13,24,28,31,37,133,2,3,1,baseline.csv,20260425_204331
20160212-02,2016-02-12,2016,2,12,Fri,17,25,30,32,34,138,3,2,1,baseline.csv,20260425_204331
20160213-01,2016-02-13,2016,2,13,Sat,14,21,23,25,39,122,1,4,1,baseline.csv,20260425_204331
20160213-02,2016-02-13,2016,2,13,Sat,8,16,29,40,44,137,4,1,1,baseline.csv,20260425_204331
20160214-01,2016-02-14,2016,2,14,Sun,3,17,24,33,40,117,2,3,1,baseline.csv,20260425_204331
20160214-02,2016-02-14,2016,2,14,Sun,4,8,16,35,43,106,3,2,1,baseline.csv,20260425_204331
20160215-01,2016-02-15,2016,2,15,Mon,4,11,16,29,33,93,2,3,1,baseline.csv,20260425_204331
20160215-02,2016-02-15,2016,2,15,Mon,3,8,9,20,30,70,3,2,2,baseline.csv,20260425_204331
20160216-01,2016-02-16,2016,2,16,Tue,6,15,32,36,40,129,4,1,1,baseline.csv,20260425_204331
20160216-02,2016-02-16,2016,2,16,Tue,2,11,27,44,45,129,2,3,2,baseline.csv,20260425_204331
20160217-01,2016-02-17,2016,2,17,Wed,18,20,24,26,30,118,5,0,1,baseline.csv,20260425_204331
20160217-02,2016-02-17,2016,2,17,Wed,2,10,26,27,36,101,4,1,2,baseline.csv,20260425_204331
20160218-01,2016-02-18,2016,2,18,Thu,5,12,15,19,33,84,1,4,1,baseline.csv,20260425_204331
20160218-02,2016-02-18,2016,2,18,Thu,2,9,14,24,40,89,4,1,1,baseline.csv,20260425_204331
20160219-01,2016-02-19,2016,2,19,Fri,7,20,22,26,44,119,4,1,1,baseline.csv,20260425_204331
20160219-02,2016-02-19,2016,2,19,Fri,14,25,32,38,45,154,3,2,1,baseline.csv,20260425_204331
20160220-01,2016-02-20,2016,2,20,Sat,5,10,14,20,22,71,4,1,1,baseline.csv,20260425_204331
20160220-02,2016-02-20,2016,2,20,Sat,4,14,18,22,38,96,5,0,1,baseline.csv,20260425_204331
20160221-01,2016-02-21,2016,2,21,Sun,23,32,35,36,44,170,3,2,2,baseline.csv,20260425_204331
20160221-02,2016-02-21,2016,2,21,Sun,3,18,27,28,37,113,2,3,2,baseline.csv,20260425_204331
20160222-01,2016-02-22,2016,2,22,Mon,4,5,12,25,43,89,2,3,2,baseline.csv,20260425_204331
20160222-02,2016-02-22,2016,2,22,Mon,1,12,25,32,33,103,2,3,2,baseline.csv,20260425_204331
20160223-01,2016-02-23,2016,2,23,Tue,10,11,12,14,26,73,4,1,3,baseline.csv,20260425_204331
20160223-02,2016-02-23,2016,2,23,Tue,2,15,27,29,37,110,1,4,1,baseline.csv,20260425_204331
20160224-01,2016-02-24,2016,2,24,Wed,1,10,36,42,43,132,3,2,2,baseline.csv,20260425_204331
20160224-02,2016-02-24,2016,2,24,Wed,24,25,37,40,45,171,2,3,2,baseline.csv,20260425_204331
20160225-01,2016-02-25,2016,2,25,Thu,1,18,34,37,40,130,3,2,1,baseline.csv,20260425_204331
20160225-02,2016-02-25,2016,2,25,Thu,16,30,35,38,40,159,4,1,1,baseline.csv,20260425_204331
20160226-01,2016-02-26,2016,2,26,Fri,2,9,24,31,45,111,2,3,1,baseline.csv,20260425_204331
20160226-02,2016-02-26,2016,2,26,Fri,1,13,20,34,40,108,3,2,1,baseline.csv,20260425_204331
20160227-01,2016-02-27,2016,2,27,Sat,15,19,26,35,40,135,2,3,1,baseline.csv,20260425_204331
20160227-02,2016-02-27,2016,2,27,Sat,11,16,19,22,37,105,2,3,1,baseline.csv,20260425_204331
20160228-01,2016-02-28,2016,2,28,Sun,6,14,16,17,38,91,4,1,2,baseline.csv,20260425_204331
20160228-02,2016-02-28,2016,2,28,Sun,3,9,15,27,40,94,1,4,1,baseline.csv,20260425_204331
20160229-01,2016-02-29,2016,2,29,Mon,1,2,20,25,33,81,2,3,2,baseline.csv,20260425_204331
20160229-02,2016-02-29,2016,2,29,Mon,20,29,31,34,36,150,3,2,1,baseline.csv,20260425_204331
20160301-01,2016-03-01,2016,3,1,Tue,16,29,30,38,40,153,4,1,2,baseline.csv,20260425_204331
20160301-02,2016-03-01,2016,3,1,Tue,6,19,20,22,39,106,3,2,2,baseline.csv,20260425_204331
20160302-01,2016-03-02,2016,3,2,Wed,5,14,16,17,29,81,2,3,2,baseline.csv,20260425_204331
20160302-02,2016-03-02,2016,3,2,Wed,2,8,13,25,29,77,2,3,1,baseline.csv,20260425_204331
20160303-01,2016-03-03,2016,3,3,Thu,6,8,9,10,33,66,3,2,3,baseline.csv,20260425_204331
20160303-02,2016-03-03,2016,3,3,Thu,5,6,11,15,36,73,2,3,2,baseline.csv,20260425_204331
20160304-01,2016-03-04,2016,3,4,Fri,7,20,38,41,42,148,3,2,2,baseline.csv,20260425_204331
20160304-02,2016-03-04,2016,3,4,Fri,7,9,12,19,26,73,2,3,1,baseline.csv,20260425_204331
20160305-01,2016-03-05,2016,3,5,Sat,1,9,11,14,25,60,1,4,1,baseline.csv,20260425_204331
20160305-02,2016-03-05,2016,3,5,Sat,1,3,9,40,41,94,1,4,2,baseline.csv,20260425_204331
20160306-01,2016-03-06,2016,3,6,Sun,10,32,35,38,44,159,4,1,1,baseline.csv,20260425_204331
20160306-02,2016-03-06,2016,3,6,Sun,5,15,36,38,44,138,3,2,1,baseline.csv,20260425_204331
20160307-01,2016-03-07,2016,3,7,Mon,1,15,20,31,37,104,1,4,1,baseline.csv,20260425_204331
20160307-02,2016-03-07,2016,3,7,Mon,8,11,19,31,44,113,2,3,1,baseline.csv,20260425_204331
20160308-01,2016-03-08,2016,3,8,Tue,8,12,14,23,43,100,3,2,1,baseline.csv,20260425_204331
20160308-02,2016-03-08,2016,3,8,Tue,13,16,22,23,28,102,3,2,2,baseline.csv,20260425_204331
20160309-01,2016-03-09,2016,3,9,Wed,1,2,12,23,37,75,2,3,2,baseline.csv,20260425_204331
20160309-02,2016-03-09,2016,3,9,Wed,10,18,24,36,45,133,4,1,1,baseline.csv,20260425_204331
20160310-01,2016-03-10,2016,3,10,Thu,4,6,24,34,39,107,4,1,1,baseline.csv,20260425_204331
20160310-02,2016-03-10,2016,3,10,Thu,2,5,10,27,45,89,2,3,1,baseline.csv,20260425_204331
20160311-01,2016-03-11,2016,3,11,Fri,1,28,39,43,45,156,1,4,1,baseline.csv,20260425_204331
20160311-02,2016-03-11,2016,3,11,Fri,3,4,10,17,20,54,3,2,2,baseline.csv,20260425_204331
20160312-01,2016-03-12,2016,3,12,Sat,1,19,25,29,38,112,1,4,1,baseline.csv,20260425_204331
20160312-02,2016-03-12,2016,3,12,Sat,5,7,20,31,35,98,1,4,1,baseline.csv,20260425_204331
20160313-01,2016-03-13,2016,3,13,Sun,2,16,37,44,45,144,3,2,2,baseline.csv,20260425_204331
20160313-02,2016-03-13,2016,3,13,Sun,2,9,10,16,31,68,3,2,2,baseline.csv,20260425_204331
20160314-01,2016-03-14,2016,3,14,Mon,9,11,26,27,31,104,1,4,2,baseline.csv,20260425_204331
20160314-02,2016-03-14,2016,3,14,Mon,7,10,16,19,23,75,2,3,1,baseline.csv,20260425_204331
20160315-01,2016-03-15,2016,3,15,Tue,4,20,35,36,43,138,3,2,2,baseline.csv,20260425_204331
20160315-02,2016-03-15,2016,3,15,Tue,1,6,25,29,37,98,1,4,1,baseline.csv,20260425_204331
20160316-01,2016-03-16,2016,3,16,Wed,9,14,21,30,41,115,2,3,1,baseline.csv,20260425_204331
20160316-02,2016-03-16,2016,3,16,Wed,4,16,17,35,39,111,2,3,2,baseline.csv,20260425_204331
20160317-01,2016-03-17,2016,3,17,Thu,1,4,13,26,33,77,2,3,1,baseline.csv,20260425_204331
20160317-02,2016-03-17,2016,3,17,Thu,2,13,21,23,40,99,2,3,1,baseline.csv,20260425_204331
20160318-01,2016-03-18,2016,3,18,Fri,13,21,33,39,45,151,0,5,1,baseline.csv,20260425_204331
20160318-02,2016-03-18,2016,3,18,Fri,8,11,12,26,28,85,4,1,2,baseline.csv,20260425_204331
20160319-01,2016-03-19,2016,3,19,Sat,17,24,30,41,45,157,2,3,1,baseline.csv,20260425_204331
20160319-02,2016-03-19,2016,3,19,Sat,1,14,30,39,42,126,3,2,1,baseline.csv,20260425_204331
20160320-01,2016-03-20,2016,3,20,Sun,9,10,20,22,26,87,4,1,2,baseline.csv,20260425_204331
20160320-02,2016-03-20,2016,3,20,Sun,1,2,7,16,36,62,3,2,2,baseline.csv,20260425_204331
20160321-01,2016-03-21,2016,3,21,Mon,23,27,30,34,41,155,2,3,1,baseline.csv,20260425_204331
20160321-02,2016-03-21,2016,3,21,Mon,7,11,14,29,39,100,1,4,1,baseline.csv,20260425_204331
20160322-01,2016-03-22,2016,3,22,Tue,4,15,16,23,40,98,3,2,2,baseline.csv,20260425_204331
20160322-02,2016-03-22,2016,3,22,Tue,15,21,31,35,42,144,1,4,1,baseline.csv,20260425_204331
20160323-01,2016-03-23,2016,3,23,Wed,3,6,14,16,39,78,3,2,1,baseline.csv,20260425_204331
20160323-02,2016-03-23,2016,3,23,Wed,10,16,20,22,30,98,5,0,1,baseline.csv,20260425_204331
20160324-01,2016-03-24,2016,3,24,Thu,2,11,20,27,44,104,3,2,1,baseline.csv,20260425_204331
20160324-02,2016-03-24,2016,3,24,Thu,7,13,23,27,32,102,1,4,1,baseline.csv,20260425_204331
20160325-01,2016-03-25,2016,3,25,Fri,8,25,32,39,44,148,3,2,1,baseline.csv,20260425_204331
20160325-02,2016-03-25,2016,3,25,Fri,2,24,27,29,31,113,2,3,1,baseline.csv,20260425_204331
20160326-01,2016-03-26,2016,3,26,Sat,1,21,31,35,39,127,0,5,1,baseline.csv,20260425_204331
20160326-02,2016-03-26,2016,3,26,Sat,17,22,30,36,43,148,3,2,1,baseline.csv,20260425_204331
20160327-01,2016-03-27,2016,3,27,Sun,14,24,36,37,42,153,4,1,2,baseline.csv,20260425_204331
20160327-02,2016-03-27,2016,3,27,Sun,2,31,37,38,40,148,3,2,2,baseline.csv,20260425_204331
20160328-01,2016-03-28,2016,3,28,Mon,9,21,37,39,44,150,1,4,1,baseline.csv,20260425_204331
20160328-02,2016-03-28,2016,3,28,Mon,6,13,21,23,33,96,1,4,1,baseline.csv,20260425_204331
20160329-01,2016-03-29,2016,3,29,Tue,4,27,37,40,45,153,2,3,1,baseline.csv,20260425_204331
20160329-02,2016-03-29,2016,3,29,Tue,13,22,32,34,40,141,4,1,1,baseline.csv,20260425_204331
20160330-01,2016-03-30,2016,3,30,Wed,4,9,10,30,40,93,4,1,2,baseline.csv,20260425_204331
20160330-02,2016-03-30,2016,3,30,Wed,14,22,23,43,44,146,3,2,2,baseline.csv,20260425_204331
20160331-01,2016-03-31,2016,3,31,Thu,16,31,32,34,43,156,3,2,2,baseline.csv,20260425_204331
20160331-02,2016-03-31,2016,3,31,Thu,2,4,6,10,15,37,4,1,1,baseline.csv,20260425_204331
20160401-01,2016-04-01,2016,4,1,Fri,1,17,19,22,34,93,2,3,1,baseline.csv,20260425_204331
20160401-02,2016-04-01,2016,4,1,Fri,10,11,12,26,29,88,3,2,3,baseline.csv,20260425_204331
20160402-01,2016-04-02,2016,4,2,Sat,9,21,30,33,36,129,2,3,1,baseline.csv,20260425_204331
20160402-02,2016-04-02,2016,4,2,Sat,7,20,38,40,44,149,4,1,1,baseline.csv,20260425_204331
20160403-01,2016-04-03,2016,4,3,Sun,9,16,22,40,42,129,4,1,1,baseline.csv,20260425_204331
20160403-02,2016-04-03,2016,4,3,Sun,22,25,35,40,42,164,3,2,1,baseline.csv,20260425_204331
20160404-01,2016-04-04,2016,4,4,Mon,7,9,11,14,26,67,2,3,1,baseline.csv,20260425_204331
20160404-02,2016-04-04,2016,4,4,Mon,8,24,27,34,42,135,4,1,1,baseline.csv,20260425_204331
20160405-01,2016-04-05,2016,4,5,Tue,1,9,14,15,17,56,1,4,2,baseline.csv,20260425_204331
20160405-02,2016-04-05,2016,4,5,Tue,6,9,30,34,38,117,4,1,1,baseline.csv,20260425_204331
20160406-01,2016-04-06,2016,4,6,Wed,1,5,9,17,19,51,0,5,1,baseline.csv,20260425_204331
20160406-02,2016-04-06,2016,4,6,Wed,4,9,17,18,39,87,2,3,2,baseline.csv,20260425_204331
20160407-01,2016-04-07,2016,4,7,Thu,1,11,15,18,36,81,2,3,1,baseline.csv,20260425_204331
20160407-02,2016-04-07,2016,4,7,Thu,18,19,22,34,38,131,4,1,2,baseline.csv,20260425_204331
20160408-01,2016-04-08,2016,4,8,Fri,7,8,9,25,30,79,2,3,3,baseline.csv,20260425_204331
20160408-02,2016-04-08,2016,4,8,Fri,17,18,27,32,40,134,3,2,2,baseline.csv,20260425_204331
20160409-01,2016-04-09,2016,4,9,Sat,6,10,13,17,44,90,3,2,1,baseline.csv,20260425_204331
20160409-02,2016-04-09,2016,4,9,Sat,7,10,17,27,36,97,2,3,1,baseline.csv,20260425_204331
20160410-01,2016-04-10,2016,4,10,Sun,12,24,30,38,39,143,4,1,2,baseline.csv,20260425_204331
20160410-02,2016-04-10,2016,4,10,Sun,1,18,22,31,35,107,2,3,1,baseline.csv,20260425_204331
20160411-01,2016-04-11,2016,4,11,Mon,13,18,23,27,30,111,2,3,1,baseline.csv,20260425_204331
20160411-02,2016-04-11,2016,4,11,Mon,8,15,18,19,44,104,3,2,2,baseline.csv,20260425_204331
20160412-01,2016-04-12,2016,4,12,Tue,4,22,31,34,36,127,4,1,1,baseline.csv,20260425_204331
20160412-02,2016-04-12,2016,4,12,Tue,10,13,15,21,24,83,2,3,1,baseline.csv,20260425_204331
20160413-01,2016-04-13,2016,4,13,Wed,8,16,25,35,43,127,2,3,1,baseline.csv,20260425_204331
20160413-02,2016-04-13,2016,4,13,Wed,18,19,21,24,39,121,2,3,2,baseline.csv,20260425_204331
20160414-01,2016-04-14,2016,4,14,Thu,4,19,31,36,43,133,2,3,1,baseline.csv,20260425_204331
20160414-02,2016-04-14,2016,4,14,Thu,5,16,27,34,42,124,3,2,1,baseline.csv,20260425_204331
20160415-01,2016-04-15,2016,4,15,Fri,22,24,26,29,45,146,3,2,1,baseline.csv,20260425_204331
20160415-02,2016-04-15,2016,4,15,Fri,4,7,29,40,44,124,3,2,1,baseline.csv,20260425_204331
20160416-01,2016-04-16,2016,4,16,Sat,6,12,13,15,37,83,2,3,2,baseline.csv,20260425_204331
20160416-02,2016-04-16,2016,4,16,Sat,3,11,17,20,31,82,1,4,1,baseline.csv,20260425_204331
20160417-01,2016-04-17,2016,4,17,Sun,3,25,38,39,41,146,1,4,2,baseline.csv,20260425_204331
20160417-02,2016-04-17,2016,4,17,Sun,8,19,24,26,36,113,4,1,1,baseline.csv,20260425_204331
20160418-01,2016-04-18,2016,4,18,Mon,1,18,21,31,37,108,1,4,1,baseline.csv,20260425_204331
20160418-02,2016-04-18,2016,4,18,Mon,1,12,27,35,40,115,2,3,1,baseline.csv,20260425_204331
20160419-01,2016-04-19,2016,4,19,Tue,1,4,18,20,36,79,4,1,1,baseline.csv,20260425_204331
20160419-02,2016-04-19,2016,4,19,Tue,13,22,25,27,30,117,2,3,1,baseline.csv,20260425_204331
20160420-01,2016-04-20,2016,4,20,Wed,2,24,30,39,42,137,4,1,1,baseline.csv,20260425_204331
20160420-02,2016-04-20,2016,4,20,Wed,22,23,25,29,34,133,2,3,2,baseline.csv,20260425_204331
20160421-01,2016-04-21,2016,4,21,Thu,8,20,22,27,29,106,3,2,1,baseline.csv,20260425_204331
20160421-02,2016-04-21,2016,4,21,Thu,3,6,33,37,38,117,2,3,2,baseline.csv,20260425_204331
20160422-01,2016-04-22,2016,4,22,Fri,6,12,17,20,38,93,4,1,1,baseline.csv,20260425_204331
20160422-02,2016-04-22,2016,4,22,Fri,4,8,19,21,36,88,3,2,1,baseline.csv,20260425_204331
20160423-01,2016-04-23,2016,4,23,Sat,5,9,17,27,43,101,0,5,1,baseline.csv,20260425_204331
20160423-02,2016-04-23,2016,4,23,Sat,11,14,16,29,36,106,3,2,1,baseline.csv,20260425_204331
20160424-01,2016-04-24,2016,4,24,Sun,25,34,37,43,44,183,2,3,2,baseline.csv,20260425_204331
20160424-02,2016-04-24,2016,4,24,Sun,4,6,7,22,41,80,3,2,2,baseline.csv,20260425_204331
20160425-01,2016-04-25,2016,4,25,Mon,1,6,13,18,35,73,2,3,1,baseline.csv,20260425_204331
20160425-02,2016-04-25,2016,4,25,Mon,4,7,16,36,38,101,4,1,1,baseline.csv,20260425_204331
20160426-01,2016-04-26,2016,4,26,Tue,12,14,23,34,41,124,3,2,1,baseline.csv,20260425_204331
20160426-02,2016-04-26,2016,4,26,Tue,2,13,18,23,36,92,3,2,1,baseline.csv,20260425_204331
20160427-01,2016-04-27,2016,4,27,Wed,3,27,32,37,42,141,2,3,1,baseline.csv,20260425_204331
20160427-02,2016-04-27,2016,4,27,Wed,15,22,29,32,36,134,3,2,1,baseline.csv,20260425_204331
20160428-01,2016-04-28,2016,4,28,Thu,11,14,32,40,45,142,3,2,1,baseline.csv,20260425_204331
20160428-02,2016-04-28,2016,4,28,Thu,1,3,7,24,45,80,1,4,1,baseline.csv,20260425_204331
20160429-01,2016-04-29,2016,4,29,Fri,13,17,22,24,42,118,3,2,1,baseline.csv,20260425_204331
20160429-02,2016-04-29,2016,4,29,Fri,28,29,37,42,44,180,3,2,2,baseline.csv,20260425_204331
20160430-01,2016-04-30,2016,4,30,Sat,1,4,7,13,16,41,2,3,1,baseline.csv,20260425_204331
20160430-02,2016-04-30,2016,4,30,Sat,6,20,27,35,43,131,2,3,1,baseline.csv,20260425_204331
20160501-01,2016-05-01,2016,5,1,Sun,13,29,31,41,42,156,1,4,2,baseline.csv,20260425_204331
20160501-02,2016-05-01,2016,5,1,Sun,7,32,40,41,44,164,3,2,2,baseline.csv,20260425_204331
20160502-01,2016-05-02,2016,5,2,Mon,3,26,35,40,41,145,2,3,2,baseline.csv,20260425_204331
20160502-02,2016-05-02,2016,5,2,Mon,9,27,39,42,43,160,1,4,2,baseline.csv,20260425_204331
20160503-01,2016-05-03,2016,5,3,Tue,1,3,4,17,18,43,2,3,2,baseline.csv,20260425_204331
20160503-02,2016-05-03,2016,5,3,Tue,12,13,19,21,36,101,2,3,2,baseline.csv,20260425_204331
20160504-01,2016-05-04,2016,5,4,Wed,9,11,17,23,33,93,0,5,1,baseline.csv,20260425_204331
20160504-02,2016-05-04,2016,5,4,Wed,14,33,34,35,42,158,3,2,3,baseline.csv,20260425_204331
20160505-01,2016-05-05,2016,5,5,Thu,17,18,21,23,40,119,2,3,2,baseline.csv,20260425_204331
20160505-02,2016-05-05,2016,5,5,Thu,10,13,17,20,32,92,3,2,1,baseline.csv,20260425_204331
20160506-01,2016-05-06,2016,5,6,Fri,6,33,34,38,43,154,3,2,2,baseline.csv,20260425_204331
20160506-02,2016-05-06,2016,5,6,Fri,4,5,15,40,45,109,2,3,2,baseline.csv,20260425_204331
20160507-01,2016-05-07,2016,5,7,Sat,9,22,25,33,37,126,1,4,1,baseline.csv,20260425_204331
20160507-02,2016-05-07,2016,5,7,Sat,4,10,30,32,45,121,4,1,1,baseline.csv,20260425_204331
20160508-01,2016-05-08,2016,5,8,Sun,5,12,22,33,34,106,3,2,2,baseline.csv,20260425_204331
20160508-02,2016-05-08,2016,5,8,Sun,11,13,34,38,40,136,3,2,1,baseline.csv,20260425_204331
20160509-01,2016-05-09,2016,5,9,Mon,14,15,22,23,31,105,2,3,2,baseline.csv,20260425_204331
20160509-02,2016-05-09,2016,5,9,Mon,8,17,33,38,39,135,2,3,2,baseline.csv,20260425_204331
20160510-01,2016-05-10,2016,5,10,Tue,6,8,12,30,31,87,4,1,2,baseline.csv,20260425_204331
20160510-02,2016-05-10,2016,5,10,Tue,3,6,26,30,41,106,3,2,1,baseline.csv,20260425_204331
20160511-01,2016-05-11,2016,5,11,Wed,15,31,40,42,44,172,3,2,1,baseline.csv,20260425_204331
20160511-02,2016-05-11,2016,5,11,Wed,12,16,17,20,22,87,4,1,2,baseline.csv,20260425_204331
20160512-01,2016-05-12,2016,5,12,Thu,7,16,32,43,45,143,2,3,1,baseline.csv,20260425_204331
20160512-02,2016-05-12,2016,5,12,Thu,27,29,31,35,40,162,1,4,1,baseline.csv,20260425_204331
20160513-01,2016-05-13,2016,5,13,Fri,8,19,27,41,43,138,1,4,1,baseline.csv,20260425_204331
20160513-02,2016-05-13,2016,5,13,Fri,5,6,9,26,35,81,2,3,2,baseline.csv,20260425_204331
20160514-01,2016-05-14,2016,5,14,Sat,1,5,9,16,40,71,2,3,1,baseline.csv,20260425_204331
20160514-02,2016-05-14,2016,5,14,Sat,2,7,16,24,25,74,3,2,2,baseline.csv,20260425_204331
20160515-01,2016-05-15,2016,5,15,Sun,2,24,27,39,42,134,3,2,1,baseline.csv,20260425_204331
20160515-02,2016-05-15,2016,5,15,Sun,18,22,26,29,33,128,3,2,1,baseline.csv,20260425_204331
20160516-01,2016-05-16,2016,5,16,Mon,6,16,23,36,41,122,3,2,1,baseline.csv,20260425_204331
20160516-02,2016-05-16,2016,5,16,Mon,11,22,30,33,43,139,2,3,1,baseline.csv,20260425_204331
20160517-01,2016-05-17,2016,5,17,Tue,1,21,35,38,43,138,1,4,1,baseline.csv,20260425_204331
20160517-02,2016-05-17,2016,5,17,Tue,4,9,16,18,45,92,3,2,1,baseline.csv,20260425_204331
20160518-01,2016-05-18,2016,5,18,Wed,1,3,20,39,41,104,1,4,1,baseline.csv,20260425_204331
20160518-02,2016-05-18,2016,5,18,Wed,6,9,26,32,43,116,3,2,1,baseline.csv,20260425_204331
20160519-01,2016-05-19,2016,5,19,Thu,8,12,26,27,42,115,4,1,2,baseline.csv,20260425_204331
20160519-02,2016-05-19,2016,5,19,Thu,10,24,26,36,44,140,5,0,1,baseline.csv,20260425_204331
20160520-01,2016-05-20,2016,5,20,Fri,2,30,31,35,38,136,3,2,2,baseline.csv,20260425_204331
20160520-02,2016-05-20,2016,5,20,Fri,3,6,26,29,32,96,3,2,1,baseline.csv,20260425_204331
20160521-01,2016-05-21,2016,5,21,Sat,12,15,18,34,38,117,4,1,1,baseline.csv,20260425_204331
20160521-02,2016-05-21,2016,5,21,Sat,5,8,29,32,39,113,2,3,1,baseline.csv,20260425_204331
20160522-01,2016-05-22,2016,5,22,Sun,1,11,38,39,42,131,2,3,2,baseline.csv,20260425_204331
20160522-02,2016-05-22,2016,5,22,Sun,12,14,17,39,42,124,3,2,1,baseline.csv,20260425_204331
20160523-01,2016-05-23,2016,5,23,Mon,7,13,33,36,38,127,2,3,1,baseline.csv,20260425_204331
20160523-02,2016-05-23,2016,5,23,Mon,2,6,18,33,37,96,3,2,1,baseline.csv,20260425_204331
20160524-01,2016-05-24,2016,5,24,Tue,5,8,17,23,37,90,1,4,1,baseline.csv,20260425_204331
20160524-02,2016-05-24,2016,5,24,Tue,2,3,6,13,19,43,2,3,2,baseline.csv,20260425_204331
20160525-01,2016-05-25,2016,5,25,Wed,12,21,32,40,44,149,4,1,1,baseline.csv,20260425_204331
20160525-02,2016-05-25,2016,5,25,Wed,9,27,31,36,41,144,1,4,1,baseline.csv,20260425_204331
20160526-01,2016-05-26,2016,5,26,Thu,12,18,22,30,38,120,5,0,1,baseline.csv,20260425_204331
20160526-02,2016-05-26,2016,5,26,Thu,11,12,14,18,45,100,3,2,2,baseline.csv,20260425_204331
20160527-01,2016-05-27,2016,5,27,Fri,19,22,28,31,35,135,2,3,1,baseline.csv,20260425_204331
20160527-02,2016-05-27,2016,5,27,Fri,9,10,15,19,41,94,1,4,2,baseline.csv,20260425_204331
20160528-01,2016-05-28,2016,5,28,Sat,6,14,21,29,43,113,2,3,1,baseline.csv,20260425_204331
20160528-02,2016-05-28,2016,5,28,Sat,7,24,27,30,38,126,3,2,1,baseline.csv,20260425_204331
20160529-01,2016-05-29,2016,5,29,Sun,4,14,30,36,42,126,5,0,1,baseline.csv,20260425_204331
20160529-02,2016-05-29,2016,5,29,Sun,3,18,21,23,27,92,1,4,1,baseline.csv,20260425_204331
20160530-01,2016-05-30,2016,5,30,Mon,8,10,28,32,39,117,4,1,1,baseline.csv,20260425_204331
20160530-02,2016-05-30,2016,5,30,Mon,13,32,34,35,41,155,2,3,2,baseline.csv,20260425_204331
20160531-01,2016-05-31,2016,5,31,Tue,2,17,18,36,43,116,3,2,2,baseline.csv,20260425_204331
20160531-02,2016-05-31,2016,5,31,Tue,4,14,18,23,35,94,3,2,1,baseline.csv,20260425_204331
20160601-01,2016-06-01,2016,6,1,Wed,12,22,28,29,35,126,3,2,2,baseline.csv,20260425_204331
20160601-02,2016-06-01,2016,6,1,Wed,17,18,24,28,29,116,3,2,2,baseline.csv,20260425_204331
20160602-01,2016-06-02,2016,6,2,Thu,2,6,20,28,32,88,5,0,1,baseline.csv,20260425_204331
20160602-02,2016-06-02,2016,6,2,Thu,17,21,26,33,37,134,1,4,1,baseline.csv,20260425_204331
20160603-01,2016-06-03,2016,6,3,Fri,13,14,25,36,42,130,3,2,2,baseline.csv,20260425_204331
20160603-02,2016-06-03,2016,6,3,Fri,9,11,14,41,43,118,1,4,1,baseline.csv,20260425_204331
20160604-01,2016-06-04,2016,6,4,Sat,20,21,24,38,43,146,3,2,2,baseline.csv,20260425_204331
20160604-02,2016-06-04,2016,6,4,Sat,10,22,28,40,44,144,5,0,1,baseline.csv,20260425_204331
20160605-01,2016-06-05,2016,6,5,Sun,5,9,16,24,37,91,2,3,1,baseline.csv,20260425_204331
20160605-02,2016-06-05,2016,6,5,Sun,11,14,18,34,45,122,3,2,1,baseline.csv,20260425_204331
20160606-01,2016-06-06,2016,6,6,Mon,5,22,32,35,37,131,2,3,1,baseline.csv,20260425_204331
20160606-02,2016-06-06,2016,6,6,Mon,16,27,41,43,44,171,2,3,2,baseline.csv,20260425_204331
20160607-01,2016-06-07,2016,6,7,Tue,1,6,12,14,25,58,3,2,1,baseline.csv,20260425_204331
20160607-02,2016-06-07,2016,6,7,Tue,7,12,16,19,41,95,2,3,1,baseline.csv,20260425_204331
20160608-01,2016-06-08,2016,6,8,Wed,1,3,6,18,22,50,3,2,1,baseline.csv,20260425_204331
20160608-02,2016-06-08,2016,6,8,Wed,16,22,23,33,43,137,2,3,2,baseline.csv,20260425_204331
20160609-01,2016-06-09,2016,6,9,Thu,1,18,23,25,44,111,2,3,1,baseline.csv,20260425_204331
20160609-02,2016-06-09,2016,6,9,Thu,14,26,27,28,34,129,4,1,3,baseline.csv,20260425_204331
20160610-01,2016-06-10,2016,6,10,Fri,5,23,27,32,34,121,2,3,1,baseline.csv,20260425_204331
20160610-02,2016-06-10,2016,6,10,Fri,17,19,20,27,32,115,2,3,2,baseline.csv,20260425_204331
20160611-01,2016-06-11,2016,6,11,Sat,19,21,38,39,41,158,1,4,2,baseline.csv,20260425_204331
20160611-02,2016-06-11,2016,6,11,Sat,5,18,28,32,42,125,4,1,1,baseline.csv,20260425_204331
20160612-01,2016-06-12,2016,6,12,Sun,1,25,32,34,42,134,3,2,1,baseline.csv,20260425_204331
20160612-02,2016-06-12,2016,6,12,Sun,3,5,20,28,41,97,2,3,1,baseline.csv,20260425_204331
20160613-01,2016-06-13,2016,6,13,Mon,4,8,11,40,44,107,4,1,1,baseline.csv,20260425_204331
20160613-02,2016-06-13,2016,6,13,Mon,5,12,15,20,42,94,3,2,1,baseline.csv,20260425_204331
20160614-01,2016-06-14,2016,6,14,Tue,2,24,25,28,30,109,4,1,2,baseline.csv,20260425_204331
20160614-02,2016-06-14,2016,6,14,Tue,11,28,30,33,44,146,3,2,1,baseline.csv,20260425_204331
20160615-01,2016-06-15,2016,6,15,Wed,1,11,12,23,24,71,2,3,2,baseline.csv,20260425_204331
20160615-02,2016-06-15,2016,6,15,Wed,17,24,34,43,44,162,3,2,2,baseline.csv,20260425_204331
20160616-01,2016-06-16,2016,6,16,Thu,6,7,20,22,39,94,3,2,2,baseline.csv,20260425_204331
20160616-02,2016-06-16,2016,6,16,Thu,14,17,26,32,41,130,3,2,1,baseline.csv,20260425_204331
20160617-01,2016-06-17,2016,6,17,Fri,1,11,14,15,39,80,1,4,2,baseline.csv,20260425_204331
20160617-02,2016-06-17,2016,6,17,Fri,7,12,20,32,37,108,3,2,1,baseline.csv,20260425_204331
20160618-01,2016-06-18,2016,6,18,Sat,29,35,40,42,43,189,2,3,2,baseline.csv,20260425_204331
20160618-02,2016-06-18,2016,6,18,Sat,17,24,32,33,40,146,3,2,2,baseline.csv,20260425_204331
20160619-01,2016-06-19,2016,6,19,Sun,2,14,22,30,38,106,5,0,1,baseline.csv,20260425_204331
20160619-02,2016-06-19,2016,6,19,Sun,1,4,5,14,44,68,3,2,2,baseline.csv,20260425_204331
20160620-01,2016-06-20,2016,6,20,Mon,15,16,24,31,42,128,3,2,2,baseline.csv,20260425_204331
20160620-02,2016-06-20,2016,6,20,Mon,3,9,14,22,33,81,2,3,1,baseline.csv,20260425_204331
20160621-01,2016-06-21,2016,6,21,Tue,38,42,43,44,45,212,3,2,4,baseline.csv,20260425_204331
20160621-02,2016-06-21,2016,6,21,Tue,3,7,16,26,27,79,2,3,2,baseline.csv,20260425_204331
20160622-01,2016-06-22,2016,6,22,Wed,4,12,22,23,29,90,3,2,2,baseline.csv,20260425_204331
20160622-02,2016-06-22,2016,6,22,Wed,13,23,30,34,40,140,3,2,1,baseline.csv,20260425_204331
20160623-01,2016-06-23,2016,6,23,Thu,2,19,20,27,34,102,3,2,2,baseline.csv,20260425_204331
20160623-02,2016-06-23,2016,6,23,Thu,7,30,34,39,45,155,2,3,1,baseline.csv,20260425_204331
20160624-01,2016-06-24,2016,6,24,Fri,17,23,27,32,45,144,1,4,1,baseline.csv,20260425_204331
20160624-02,2016-06-24,2016,6,24,Fri,17,20,23,31,42,133,2,3,1,baseline.csv,20260425_204331
20160625-01,2016-06-25,2016,6,25,Sat,5,16,17,21,36,95,2,3,2,baseline.csv,20260425_204331
20160625-02,2016-06-25,2016,6,25,Sat,4,7,16,27,38,92,3,2,1,baseline.csv,20260425_204331
20160626-01,2016-06-26,2016,6,26,Sun,1,9,12,18,43,83,2,3,1,baseline.csv,20260425_204331
20160626-02,2016-06-26,2016,6,26,Sun,12,13,32,33,44,134,3,2,2,baseline.csv,20260425_204331
20160627-01,2016-06-27,2016,6,27,Mon,14,15,18,27,42,116,3,2,2,baseline.csv,20260425_204331
20160627-02,2016-06-27,2016,6,27,Mon,11,20,21,27,45,124,1,4,2,baseline.csv,20260425_204331
20160628-01,2016-06-28,2016,6,28,Tue,2,10,12,34,38,96,5,0,1,baseline.csv,20260425_204331
20160628-02,2016-06-28,2016,6,28,Tue,3,4,29,36,38,110,3,2,2,baseline.csv,20260425_204331
20160629-01,2016-06-29,2016,6,29,Wed,11,15,21,23,41,111,0,5,1,baseline.csv,20260425_204331
20160629-02,2016-06-29,2016,6,29,Wed,3,10,11,14,37,75,2,3,2,baseline.csv,20260425_204331
20160630-01,2016-06-30,2016,6,30,Thu,11,14,16,42,44,127,4,1,1,baseline.csv,20260425_204331
20160630-02,2016-06-30,2016,6,30,Thu,15,18,25,31,34,123,2,3,1,baseline.csv,20260425_204331
20160701-01,2016-07-01,2016,7,1,Fri,6,30,31,39,40,146,3,2,2,baseline.csv,20260425_204331
20160701-02,2016-07-01,2016,7,1,Fri,1,22,27,33,42,125,2,3,1,baseline.csv,20260425_204331
20160702-01,2016-07-02,2016,7,2,Sat,7,31,34,37,45,154,1,4,1,baseline.csv,20260425_204331
20160702-02,2016-07-02,2016,7,2,Sat,20,23,33,35,36,147,2,3,2,baseline.csv,20260425_204331
20160703-01,2016-07-03,2016,7,3,Sun,3,6,21,22,44,96,3,2,2,baseline.csv,20260425_204331
20160703-02,2016-07-03,2016,7,3,Sun,13,15,30,39,44,141,2,3,1,baseline.csv,20260425_204331
20160704-01,2016-07-04,2016,7,4,Mon,3,5,11,17,21,57,0,5,1,baseline.csv,20260425_204331
20160704-02,2016-07-04,2016,7,4,Mon,6,11,22,35,37,111,2,3,1,baseline.csv,20260425_204331
20160705-01,2016-07-05,2016,7,5,Tue,8,15,27,38,45,133,2,3,1,baseline.csv,20260425_204331
20160705-02,2016-07-05,2016,7,5,Tue,1,17,25,26,44,113,2,3,2,baseline.csv,20260425_204331
20160706-01,2016-07-06,2016,7,6,Wed,22,28,34,41,45,170,3,2,1,baseline.csv,20260425_204331
20160706-02,2016-07-06,2016,7,6,Wed,5,8,22,23,28,86,3,2,2,baseline.csv,20260425_204331
20160707-01,2016-07-07,2016,7,7,Thu,12,15,21,22,23,93,2,3,3,baseline.csv,20260425_204331
20160707-02,2016-07-07,2016,7,7,Thu,3,13,17,20,35,88,1,4,1,baseline.csv,20260425_204331
20160708-01,2016-07-08,2016,7,8,Fri,1,8,11,23,39,82,1,4,1,baseline.csv,20260425_204331
20160708-02,2016-07-08,2016,7,8,Fri,5,8,15,29,40,97,2,3,1,baseline.csv,20260425_204331
20160709-01,2016-07-09,2016,7,9,Sat,19,24,27,33,42,145,2,3,1,baseline.csv,20260425_204331
20160709-02,2016-07-09,2016,7,9,Sat,1,7,11,32,39,90,1,4,1,baseline.csv,20260425_204331
20160710-01,2016-07-10,2016,7,10,Sun,10,13,32,38,43,136,3,2,1,baseline.csv,20260425_204331
20160710-02,2016-07-10,2016,7,10,Sun,15,19,22,26,29,111,2,3,1,baseline.csv,20260425_204331
20160711-01,2016-07-11,2016,7,11,Mon,1,11,37,38,45,132,1,4,2,baseline.csv,20260425_204331
20160711-02,2016-07-11,2016,7,11,Mon,1,10,11,16,34,72,3,2,2,baseline.csv,20260425_204331
20160712-01,2016-07-12,2016,7,12,Tue,10,23,24,33,37,127,2,3,2,baseline.csv,20260425_204331
20160712-02,2016-07-12,2016,7,12,Tue,17,33,38,39,41,168,1,4,2,baseline.csv,20260425_204331
20160713-01,2016-07-13,2016,7,13,Wed,9,26,29,31,38,133,2,3,1,baseline.csv,20260425_204331
20160713-02,2016-07-13,2016,7,13,Wed,5,10,11,33,41,100,1,4,2,baseline.csv,20260425_204331
20160714-01,2016-07-14,2016,7,14,Thu,3,16,22,24,33,98,3,2,1,baseline.csv,20260425_204331
20160714-02,2016-07-14,2016,7,14,Thu,19,23,29,31,38,140,1,4,1,baseline.csv,20260425_204331
20160715-01,2016-07-15,2016,7,15,Fri,24,28,29,30,36,147,4,1,3,baseline.csv,20260425_204331
20160715-02,2016-07-15,2016,7,15,Fri,2,7,21,29,37,96,1,4,1,baseline.csv,20260425_204331
20160716-01,2016-07-16,2016,7,16,Sat,4,10,13,17,44,88,3,2,1,baseline.csv,20260425_204331
20160716-02,2016-07-16,2016,7,16,Sat,5,12,17,38,45,117,2,3,1,baseline.csv,20260425_204331
20160717-01,2016-07-17,2016,7,17,Sun,10,20,26,42,44,142,5,0,1,baseline.csv,20260425_204331
20160717-02,2016-07-17,2016,7,17,Sun,19,25,28,31,39,142,1,4,1,baseline.csv,20260425_204331
20160718-01,2016-07-18,2016,7,18,Mon,4,8,16,19,39,86,3,2,1,baseline.csv,20260425_204331
20160718-02,2016-07-18,2016,7,18,Mon,9,11,17,31,41,109,0,5,1,baseline.csv,20260425_204331
20160719-01,2016-07-19,2016,7,19,Tue,1,2,12,17,43,75,2,3,2,baseline.csv,20260425_204331
20160719-02,2016-07-19,2016,7,19,Tue,3,7,16,18,25,69,2,3,1,baseline.csv,20260425_204331
20160720-01,2016-07-20,2016,7,20,Wed,3,13,17,24,33,90,1,4,1,baseline.csv,20260425_204331
20160720-02,2016-07-20,2016,7,20,Wed,1,5,13,16,35,70,1,4,1,baseline.csv,20260425_204331
20160721-01,2016-07-21,2016,7,21,Thu,2,6,17,18,22,65,4,1,2,baseline.csv,20260425_204331
20160721-02,2016-07-21,2016,7,21,Thu,12,14,17,22,26,91,4,1,1,baseline.csv,20260425_204331
20160722-01,2016-07-22,2016,7,22,Fri,12,17,19,22,24,94,3,2,1,baseline.csv,20260425_204331
20160722-02,2016-07-22,2016,7,22,Fri,19,21,29,31,43,143,0,5,1,baseline.csv,20260425_204331
20160723-01,2016-07-23,2016,7,23,Sat,2,7,9,37,45,100,1,4,1,baseline.csv,20260425_204331
20160723-02,2016-07-23,2016,7,23,Sat,2,3,5,24,26,60,3,2,2,baseline.csv,20260425_204331
20160724-01,2016-07-24,2016,7,24,Sun,15,27,32,36,44,154,3,2,1,baseline.csv,20260425_204331
20160724-02,2016-07-24,2016,7,24,Sun,2,13,17,34,42,108,3,2,1,baseline.csv,20260425_204331
20160725-01,2016-07-25,2016,7,25,Mon,2,20,31,38,41,132,3,2,1,baseline.csv,20260425_204331
20160725-02,2016-07-25,2016,7,25,Mon,3,5,14,38,43,103,2,3,1,baseline.csv,20260425_204331
20160726-01,2016-07-26,2016,7,26,Tue,13,19,26,28,33,119,2,3,1,baseline.csv,20260425_204331
20160726-02,2016-07-26,2016,7,26,Tue,4,26,35,38,41,144,3,2,1,baseline.csv,20260425_204331
20160727-01,2016-07-27,2016,7,27,Wed,1,19,22,38,41,121,2,3,1,baseline.csv,20260425_204331
20160727-02,2016-07-27,2016,7,27,Wed,4,12,25,35,37,113,2,3,1,baseline.csv,20260425_204331
20160728-01,2016-07-28,2016,7,28,Thu,1,15,16,18,43,93,2,3,2,baseline.csv,20260425_204331
20160728-02,2016-07-28,2016,7,28,Thu,4,19,23,41,45,132,1,4,1,baseline.csv,20260425_204331
20160729-01,2016-07-29,2016,7,29,Fri,16,24,33,38,44,155,4,1,1,baseline.csv,20260425_204331
20160729-02,2016-07-29,2016,7,29,Fri,5,6,8,35,39,93,2,3,2,baseline.csv,20260425_204331
20160730-01,2016-07-30,2016,7,30,Sat,1,2,20,24,45,92,3,2,2,baseline.csv,20260425_204331
20160730-02,2016-07-30,2016,7,30,Sat,7,14,18,20,39,98,3,2,1,baseline.csv,20260425_204331
20160731-01,2016-07-31,2016,7,31,Sun,5,20,21,26,27,99,2,3,2,baseline.csv,20260425_204331
20160731-02,2016-07-31,2016,7,31,Sun,6,9,31,35,43,124,1,4,1,baseline.csv,20260425_204331
20160801-01,2016-08-01,2016,8,1,Mon,4,6,16,19,38,83,4,1,1,baseline.csv,20260425_204331
20160801-02,2016-08-01,2016,8,1,Mon,5,12,14,17,26,74,3,2,1,baseline.csv,20260425_204331
20160802-01,2016-08-02,2016,8,2,Tue,7,9,21,32,39,108,1,4,1,baseline.csv,20260425_204331
20160802-02,2016-08-02,2016,8,2,Tue,1,2,19,24,43,89,2,3,2,baseline.csv,20260425_204331
20160803-01,2016-08-03,2016,8,3,Wed,4,20,25,29,35,113,2,3,1,baseline.csv,20260425_204331
20160803-02,2016-08-03,2016,8,3,Wed,8,9,19,33,34,103,2,3,2,baseline.csv,20260425_204331
20160804-01,2016-08-04,2016,8,4,Thu,10,20,32,35,45,142,3,2,1,baseline.csv,20260425_204331
20160804-02,2016-08-04,2016,8,4,Thu,8,9,25,28,37,107,2,3,2,baseline.csv,20260425_204331
20160805-01,2016-08-05,2016,8,5,Fri,3,7,8,43,45,106,1,4,2,baseline.csv,20260425_204331
20160805-02,2016-08-05,2016,8,5,Fri,12,21,33,36,44,146,3,2,1,baseline.csv,20260425_204331
20160806-01,2016-08-06,2016,8,6,Sat,11,19,21,30,38,119,2,3,1,baseline.csv,20260425_204331
20160806-02,2016-08-06,2016,8,6,Sat,7,17,18,21,44,107,2,3,2,baseline.csv,20260425_204331
20160807-01,2016-08-07,2016,8,7,Sun,16,24,33,34,45,152,3,2,2,baseline.csv,20260425_204331
20160807-02,2016-08-07,2016,8,7,Sun,11,12,15,33,34,105,2,3,2,baseline.csv,20260425_204331
20160808-01,2016-08-08,2016,8,8,Mon,15,18,19,25,26,103,2,3,2,baseline.csv,20260425_204331
20160808-02,2016-08-08,2016,8,8,Mon,14,19,27,35,45,140,1,4,1,baseline.csv,20260425_204331
20160809-01,2016-08-09,2016,8,9,Tue,11,17,27,31,41,127,0,5,1,baseline.csv,20260425_204331
20160809-02,2016-08-09,2016,8,9,Tue,9,13,25,30,38,115,2,3,1,baseline.csv,20260425_204331
20160810-01,2016-08-10,2016,8,10,Wed,2,14,26,38,44,124,5,0,1,baseline.csv,20260425_204331
20160810-02,2016-08-10,2016,8,10,Wed,5,9,12,25,43,94,1,4,1,baseline.csv,20260425_204331
20160811-01,2016-08-11,2016,8,11,Thu,14,18,31,38,42,143,4,1,1,baseline.csv,20260425_204331
20160811-02,2016-08-11,2016,8,11,Thu,5,21,25,27,29,107,0,5,1,baseline.csv,20260425_204331
20160812-01,2016-08-12,2016,8,12,Fri,6,23,25,34,43,131,2,3,1,baseline.csv,20260425_204331
20160812-02,2016-08-12,2016,8,12,Fri,2,16,21,30,34,103,4,1,1,baseline.csv,20260425_204331
20160813-01,2016-08-13,2016,8,13,Sat,15,19,27,28,36,125,2,3,2,baseline.csv,20260425_204331
20160813-02,2016-08-13,2016,8,13,Sat,13,14,15,17,45,104,1,4,3,baseline.csv,20260425_204331
20160814-01,2016-08-14,2016,8,14,Sun,3,5,9,17,31,65,0,5,1,baseline.csv,20260425_204331
20160814-02,2016-08-14,2016,8,14,Sun,4,8,9,22,43,86,3,2,2,baseline.csv,20260425_204331
20160815-01,2016-08-15,2016,8,15,Mon,4,6,12,14,43,79,4,1,1,baseline.csv,20260425_204331
20160815-02,2016-08-15,2016,8,15,Mon,11,13,28,32,44,128,3,2,1,baseline.csv,20260425_204331
20160816-01,2016-08-16,2016,8,16,Tue,7,11,24,25,26,93,2,3,3,baseline.csv,20260425_204331
20160816-02,2016-08-16,2016,8,16,Tue,2,4,5,7,14,32,3,2,2,baseline.csv,20260425_204331
20160817-01,2016-08-17,2016,8,17,Wed,1,7,21,24,45,98,1,4,1,baseline.csv,20260425_204331
20160817-02,2016-08-17,2016,8,17,Wed,2,22,27,36,37,124,3,2,2,baseline.csv,20260425_204331
20160818-01,2016-08-18,2016,8,18,Thu,2,21,26,37,39,125,2,3,1,baseline.csv,20260425_204331
20160818-02,2016-08-18,2016,8,18,Thu,1,2,10,26,35,74,3,2,2,baseline.csv,20260425_204331
20160819-01,2016-08-19,2016,8,19,Fri,6,8,17,22,26,79,4,1,1,baseline.csv,20260425_204331
20160819-02,2016-08-19,2016,8,19,Fri,22,26,33,39,43,163,2,3,1,baseline.csv,20260425_204331
20160820-01,2016-08-20,2016,8,20,Sat,15,22,25,26,27,115,2,3,3,baseline.csv,20260425_204331
20160820-02,2016-08-20,2016,8,20,Sat,17,23,28,29,38,135,2,3,2,baseline.csv,20260425_204331
20160821-01,2016-08-21,2016,8,21,Sun,7,24,27,33,45,136,1,4,1,baseline.csv,20260425_204331
20160821-02,2016-08-21,2016,8,21,Sun,14,21,28,34,40,137,4,1,1,baseline.csv,20260425_204331
20160822-01,2016-08-22,2016,8,22,Mon,10,14,15,21,32,92,3,2,2,baseline.csv,20260425_204331
20160822-02,2016-08-22,2016,8,22,Mon,4,8,33,36,39,120,3,2,1,baseline.csv,20260425_204331
20160823-01,2016-08-23,2016,8,23,Tue,4,9,21,27,29,90,1,4,1,baseline.csv,20260425_204331
20160823-02,2016-08-23,2016,8,23,Tue,29,30,32,35,42,168,3,2,2,baseline.csv,20260425_204331
20160824-01,2016-08-24,2016,8,24,Wed,5,7,24,34,37,107,2,3,1,baseline.csv,20260425_204331
20160824-02,2016-08-24,2016,8,24,Wed,6,20,28,39,43,136,3,2,1,baseline.csv,20260425_204331
20160825-01,2016-08-25,2016,8,25,Thu,4,9,39,43,44,139,2,3,2,baseline.csv,20260425_204331
20160825-02,2016-08-25,2016,8,25,Thu,2,8,10,13,42,75,4,1,1,baseline.csv,20260425_204331
20160826-01,2016-08-26,2016,8,26,Fri,3,15,21,29,38,106,1,4,1,baseline.csv,20260425_204331
20160826-02,2016-08-26,2016,8,26,Fri,1,11,12,25,30,79,2,3,2,baseline.csv,20260425_204331
20160827-01,2016-08-27,2016,8,27,Sat,11,13,21,24,27,96,1,4,1,baseline.csv,20260425_204331
20160827-02,2016-08-27,2016,8,27,Sat,13,22,23,36,39,133,2,3,2,baseline.csv,20260425_204331
20160828-01,2016-08-28,2016,8,28,Sun,22,26,33,43,44,168,3,2,2,baseline.csv,20260425_204331
20160828-02,2016-08-28,2016,8,28,Sun,5,18,24,28,41,116,3,2,1,baseline.csv,20260425_204331
20160829-01,2016-08-29,2016,8,29,Mon,8,24,27,32,40,131,4,1,1,baseline.csv,20260425_204331
20160829-02,2016-08-29,2016,8,29,Mon,2,3,12,29,41,87,2,3,2,baseline.csv,20260425_204331
20160830-01,2016-08-30,2016,8,30,Tue,11,14,16,32,38,111,4,1,1,baseline.csv,20260425_204331
20160830-02,2016-08-30,2016,8,30,Tue,2,14,20,32,39,107,4,1,1,baseline.csv,20260425_204331
20160831-01,2016-08-31,2016,8,31,Wed,5,24,26,34,36,125,4,1,1,baseline.csv,20260425_204331
20160831-02,2016-08-31,2016,8,31,Wed,2,14,22,36,42,116,5,0,1,baseline.csv,20260425_204331
20160901-01,2016-09-01,2016,9,1,Thu,1,16,23,24,35,99,2,3,2,baseline.csv,20260425_204331
20160901-02,2016-09-01,2016,9,1,Thu,3,21,28,30,31,113,2,3,2,baseline.csv,20260425_204331
20160902-01,2016-09-02,2016,9,2,Fri,8,12,19,21,26,86,3,2,1,baseline.csv,20260425_204331
20160902-02,2016-09-02,2016,9,2,Fri,2,8,13,24,37,84,3,2,1,baseline.csv,20260425_204331
20160903-01,2016-09-03,2016,9,3,Sat,16,22,26,31,39,134,3,2,1,baseline.csv,20260425_204331
20160903-02,2016-09-03,2016,9,3,Sat,10,13,19,24,35,101,2,3,1,baseline.csv,20260425_204331
20160904-01,2016-09-04,2016,9,4,Sun,16,21,30,32,37,136,3,2,1,baseline.csv,20260425_204331
20160904-02,2016-09-04,2016,9,4,Sun,1,5,11,21,32,70,1,4,1,baseline.csv,20260425_204331
20160905-01,2016-09-05,2016,9,5,Mon,7,9,22,24,30,92,3,2,1,baseline.csv,20260425_204331
20160905-02,2016-09-05,2016,9,5,Mon,2,11,19,22,45,99,2,3,1,baseline.csv,20260425_204331
20160906-01,2016-09-06,2016,9,6,Tue,4,18,26,35,37,120,3,2,1,baseline.csv,20260425_204331
20160906-02,2016-09-06,2016,9,6,Tue,24,25,28,41,44,162,3,2,2,baseline.csv,20260425_204331
20160907-01,2016-09-07,2016,9,7,Wed,13,29,40,42,44,168,3,2,1,baseline.csv,20260425_204331
20160907-02,2016-09-07,2016,9,7,Wed,16,17,22,29,38,122,3,2,2,baseline.csv,20260425_204331
20160908-01,2016-09-08,2016,9,8,Thu,4,7,14,19,43,87,2,3,1,baseline.csv,20260425_204331
20160908-02,2016-09-08,2016,9,8,Thu,7,22,27,32,44,132,3,2,1,baseline.csv,20260425_204331
20160909-01,2016-09-09,2016,9,9,Fri,19,28,31,36,40,154,3,2,1,baseline.csv,20260425_204331
20160909-02,2016-09-09,2016,9,9,Fri,8,16,34,38,45,141,4,1,1,baseline.csv,20260425_204331
20160910-01,2016-09-10,2016,9,10,Sat,7,8,22,25,44,106,3,2,2,baseline.csv,20260425_204331
20160910-02,2016-09-10,2016,9,10,Sat,11,22,25,27,31,116,1,4,1,baseline.csv,20260425_204331
20160911-01,2016-09-11,2016,9,11,Sun,2,8,17,18,34,79,4,1,2,baseline.csv,20260425_204331
20160911-02,2016-09-11,2016,9,11,Sun,2,10,21,30,34,97,4,1,1,baseline.csv,20260425_204331
20160912-01,2016-09-12,2016,9,12,Mon,2,5,21,28,32,88,3,2,1,baseline.csv,20260425_204331
20160912-02,2016-09-12,2016,9,12,Mon,9,15,30,32,44,130,3,2,1,baseline.csv,20260425_204331
20160913-01,2016-09-13,2016,9,13,Tue,6,10,22,24,27,89,4,1,1,baseline.csv,20260425_204331
20160913-02,2016-09-13,2016,9,13,Tue,15,30,34,40,41,160,3,2,2,baseline.csv,20260425_204331
20160914-01,2016-09-14,2016,9,14,Wed,9,21,26,43,45,144,1,4,1,baseline.csv,20260425_204331
20160914-02,2016-09-14,2016,9,14,Wed,10,13,17,19,21,80,1,4,1,baseline.csv,20260425_204331
20160915-01,2016-09-15,2016,9,15,Thu,18,26,32,33,36,145,4,1,2,baseline.csv,20260425_204331
20160915-02,2016-09-15,2016,9,15,Thu,3,4,7,38,42,94,3,2,2,baseline.csv,20260425_204331
20160916-01,2016-09-16,2016,9,16,Fri,6,15,29,35,45,130,1,4,1,baseline.csv,20260425_204331
20160916-02,2016-09-16,2016,9,16,Fri,19,31,39,41,44,174,1,4,1,baseline.csv,20260425_204331
20160917-01,2016-09-17,2016,9,17,Sat,7,10,19,42,45,123,2,3,1,baseline.csv,20260425_204331
20160917-02,2016-09-17,2016,9,17,Sat,10,17,20,24,40,111,4,1,1,baseline.csv,20260425_204331
20160918-01,2016-09-18,2016,9,18,Sun,12,17,36,40,42,147,4,1,1,baseline.csv,20260425_204331
20160918-02,2016-09-18,2016,9,18,Sun,30,33,40,41,45,189,2,3,2,baseline.csv,20260425_204331
20160919-01,2016-09-19,2016,9,19,Mon,2,22,23,25,30,102,3,2,2,baseline.csv,20260425_204331
20160919-02,2016-09-19,2016,9,19,Mon,5,10,35,37,41,128,1,4,1,baseline.csv,20260425_204331
20160920-01,2016-09-20,2016,9,20,Tue,4,19,26,28,44,121,4,1,1,baseline.csv,20260425_204331
20160920-02,2016-09-20,2016,9,20,Tue,4,18,31,34,38,125,4,1,1,baseline.csv,20260425_204331
20160921-01,2016-09-21,2016,9,21,Wed,7,9,30,33,45,124,1,4,1,baseline.csv,20260425_204331
20160921-02,2016-09-21,2016,9,21,Wed,2,8,10,19,22,61,4,1,1,baseline.csv,20260425_204331
20160922-01,2016-09-22,2016,9,22,Thu,2,4,10,26,37,79,4,1,1,baseline.csv,20260425_204331
20160922-02,2016-09-22,2016,9,22,Thu,13,14,18,29,43,117,2,3,2,baseline.csv,20260425_204331
20160923-01,2016-09-23,2016,9,23,Fri,14,31,38,42,44,169,4,1,1,baseline.csv,20260425_204331
20160923-02,2016-09-23,2016,9,23,Fri,15,22,25,26,32,120,3,2,2,baseline.csv,20260425_204331
20160924-01,2016-09-24,2016,9,24,Sat,4,10,20,34,39,107,4,1,1,baseline.csv,20260425_204331
20160924-02,2016-09-24,2016,9,24,Sat,11,28,31,34,36,140,3,2,1,baseline.csv,20260425_204331
20160925-01,2016-09-25,2016,9,25,Sun,7,9,17,23,37,93,0,5,1,baseline.csv,20260425_204331
20160925-02,2016-09-25,2016,9,25,Sun,11,13,25,27,37,113,0,5,1,baseline.csv,20260425_204331
20160926-01,2016-09-26,2016,9,26,Mon,9,12,21,26,41,109,2,3,1,baseline.csv,20260425_204331
20160926-02,2016-09-26,2016,9,26,Mon,3,18,28,41,43,133,2,3,1,baseline.csv,20260425_204331
20160927-01,2016-09-27,2016,9,27,Tue,1,9,18,26,33,87,2,3,1,baseline.csv,20260425_204331
20160927-02,2016-09-27,2016,9,27,Tue,6,9,11,24,40,90,3,2,1,baseline.csv,20260425_204331
20160928-01,2016-09-28,2016,9,28,Wed,8,19,25,29,30,111,2,3,2,baseline.csv,20260425_204331
20160928-02,2016-09-28,2016,9,28,Wed,3,6,21,27,31,88,1,4,1,baseline.csv,20260425_204331
20160929-01,2016-09-29,2016,9,29,Thu,14,19,24,25,40,122,3,2,2,baseline.csv,20260425_204331
20160929-02,2016-09-29,2016,9,29,Thu,5,10,22,30,34,101,4,1,1,baseline.csv,20260425_204331
20160930-01,2016-09-30,2016,9,30,Fri,2,6,18,20,32,78,5,0,1,baseline.csv,20260425_204331
20160930-02,2016-09-30,2016,9,30,Fri,1,4,5,30,33,73,2,3,2,baseline.csv,20260425_204331
20161001-01,2016-10-01,2016,10,1,Sat,7,13,19,23,38,100,1,4,1,baseline.csv,20260425_204331
20161001-02,2016-10-01,2016,10,1,Sat,3,4,6,22,25,60,3,2,2,baseline.csv,20260425_204331
20161002-01,2016-10-02,2016,10,2,Sun,18,32,34,40,42,166,5,0,1,baseline.csv,20260425_204331
20161002-02,2016-10-02,2016,10,2,Sun,16,25,31,33,45,150,1,4,1,baseline.csv,20260425_204331
20161003-01,2016-10-03,2016,10,3,Mon,6,8,27,28,45,114,3,2,2,baseline.csv,20260425_204331
20161003-02,2016-10-03,2016,10,3,Mon,8,19,35,36,45,143,2,3,2,baseline.csv,20260425_204331
20161004-01,2016-10-04,2016,10,4,Tue,7,17,22,23,32,101,2,3,2,baseline.csv,20260425_204331
20161004-02,2016-10-04,2016,10,4,Tue,6,12,13,25,39,95,2,3,2,baseline.csv,20260425_204331
20161005-01,2016-10-05,2016,10,5,Wed,17,26,31,34,35,143,2,3,2,baseline.csv,20260425_204331
20161005-02,2016-10-05,2016,10,5,Wed,4,9,16,26,30,85,4,1,1,baseline.csv,20260425_204331
20161006-01,2016-10-06,2016,10,6,Thu,6,7,34,37,42,126,3,2,2,baseline.csv,20260425_204331
20161006-02,2016-10-06,2016,10,6,Thu,9,16,21,23,42,111,2,3,1,baseline.csv,20260425_204331
20161007-01,2016-10-07,2016,10,7,Fri,1,4,26,40,43,114,3,2,1,baseline.csv,20260425_204331
20161007-02,2016-10-07,2016,10,7,Fri,7,26,27,31,33,124,1,4,2,baseline.csv,20260425_204331
20161008-01,2016-10-08,2016,10,8,Sat,3,5,10,26,45,89,2,3,1,baseline.csv,20260425_204331
20161008-02,2016-10-08,2016,10,8,Sat,8,9,25,31,36,109,2,3,2,baseline.csv,20260425_204331
20161009-01,2016-10-09,2016,10,9,Sun,10,13,15,43,45,126,1,4,1,baseline.csv,20260425_204331
20161009-02,2016-10-09,2016,10,9,Sun,11,12,27,30,41,121,2,3,2,baseline.csv,20260425_204331
20161010-01,2016-10-10,2016,10,10,Mon,7,11,14,24,27,83,2,3,1,baseline.csv,20260425_204331
20161010-02,2016-10-10,2016,10,10,Mon,1,21,27,30,31,110,1,4,2,baseline.csv,20260425_204331
20161011-01,2016-10-11,2016,10,11,Tue,14,17,32,33,39,135,2,3,2,baseline.csv,20260425_204331
20161011-02,2016-10-11,2016,10,11,Tue,4,14,19,38,44,119,4,1,1,baseline.csv,20260425_204331
20161012-01,2016-10-12,2016,10,12,Wed,11,17,22,44,45,139,2,3,2,baseline.csv,20260425_204331
20161012-02,2016-10-12,2016,10,12,Wed,14,18,22,28,36,118,5,0,1,baseline.csv,20260425_204331
20161013-01,2016-10-13,2016,10,13,Thu,22,23,27,35,40,147,2,3,2,baseline.csv,20260425_204331
20161013-02,2016-10-13,2016,10,13,Thu,8,9,14,25,40,96,3,2,2,baseline.csv,20260425_204331
20161014-01,2016-10-14,2016,10,14,Fri,9,18,22,29,34,112,3,2,1,baseline.csv,20260425_204331
20161014-02,2016-10-14,2016,10,14,Fri,5,22,24,27,39,117,2,3,1,baseline.csv,20260425_204331
20161015-01,2016-10-15,2016,10,15,Sat,12,17,20,38,39,126,3,2,2,baseline.csv,20260425_204331
20161015-02,2016-10-15,2016,10,15,Sat,1,15,16,17,32,81,2,3,3,baseline.csv,20260425_204331
20161016-01,2016-10-16,2016,10,16,Sun,11,20,23,29,41,124,1,4,1,baseline.csv,20260425_204331
20161016-02,2016-10-16,2016,10,16,Sun,1,10,30,41,42,124,3,2,2,baseline.csv,20260425_204331
20161017-01,2016-10-17,2016,10,17,Mon,7,11,14,35,39,106,1,4,1,baseline.csv,20260425_204331
20161017-02,2016-10-17,2016,10,17,Mon,12,13,16,22,32,95,4,1,2,baseline.csv,20260425_204331
20161018-01,2016-10-18,2016,10,18,Tue,15,33,36,38,45,167,2,3,1,baseline.csv,20260425_204331
20161018-02,2016-10-18,2016,10,18,Tue,16,17,30,39,41,143,2,3,2,baseline.csv,20260425_204331
20161019-01,2016-10-19,2016,10,19,Wed,11,18,32,34,45,140,3,2,1,baseline.csv,20260425_204331
20161019-02,2016-10-19,2016,10,19,Wed,6,7,24,29,45,111,2,3,2,baseline.csv,20260425_204331
20161020-01,2016-10-20,2016,10,20,Thu,8,13,15,21,38,95,2,3,1,baseline.csv,20260425_204331
20161020-02,2016-10-20,2016,10,20,Thu,15,19,26,33,34,127,2,3,2,baseline.csv,20260425_204331
20161021-01,2016-10-21,2016,10,21,Fri,6,13,19,24,25,87,2,3,2,baseline.csv,20260425_204331
20161021-02,2016-10-21,2016,10,21,Fri,5,24,25,36,45,135,2,3,2,baseline.csv,20260425_204331
20161022-01,2016-10-22,2016,10,22,Sat,5,10,36,37,41,129,2,3,2,baseline.csv,20260425_204331
20161022-02,2016-10-22,2016,10,22,Sat,1,13,24,26,40,104,3,2,1,baseline.csv,20260425_204331
20161023-01,2016-10-23,2016,10,23,Sun,5,6,9,26,35,81,2,3,2,baseline.csv,20260425_204331
20161023-02,2016-10-23,2016,10,23,Sun,2,5,12,15,38,72,3,2,1,baseline.csv,20260425_204331
20161024-01,2016-10-24,2016,10,24,Mon,5,9,27,34,43,118,1,4,1,baseline.csv,20260425_204331
20161024-02,2016-10-24,2016,10,24,Mon,13,31,33,34,44,155,2,3,2,baseline.csv,20260425_204331
20161025-01,2016-10-25,2016,10,25,Tue,16,23,27,35,37,138,1,4,1,baseline.csv,20260425_204331
20161025-02,2016-10-25,2016,10,25,Tue,1,3,20,32,35,91,2,3,1,baseline.csv,20260425_204331
20161026-01,2016-10-26,2016,10,26,Wed,9,13,29,33,42,126,1,4,1,baseline.csv,20260425_204331
20161026-02,2016-10-26,2016,10,26,Wed,3,9,14,25,37,88,1,4,1,baseline.csv,20260425_204331
20161027-01,2016-10-27,2016,10,27,Thu,9,21,22,37,44,133,2,3,2,baseline.csv,20260425_204331
20161027-02,2016-10-27,2016,10,27,Thu,2,4,8,21,37,72,3,2,1,baseline.csv,20260425_204331
20161028-01,2016-10-28,2016,10,28,Fri,1,5,7,29,35,77,0,5,1,baseline.csv,20260425_204331
20161028-02,2016-10-28,2016,10,28,Fri,8,13,31,41,42,135,2,3,2,baseline.csv,20260425_204331
20161029-01,2016-10-29,2016,10,29,Sat,13,14,34,40,45,146,3,2,2,baseline.csv,20260425_204331
20161029-02,2016-10-29,2016,10,29,Sat,2,4,13,16,36,71,4,1,1,baseline.csv,20260425_204331
20161030-01,2016-10-30,2016,10,30,Sun,3,8,10,13,42,76,3,2,1,baseline.csv,20260425_204331
20161030-02,2016-10-30,2016,10,30,Sun,15,16,28,38,42,139,4,1,2,baseline.csv,20260425_204331
20161031-01,2016-10-31,2016,10,31,Mon,10,13,19,40,42,124,3,2,1,baseline.csv,20260425_204331
20161031-02,2016-10-31,2016,10,31,Mon,3,21,25,32,45,126,1,4,1,baseline.csv,20260425_204331
20161101-01,2016-11-01,2016,11,1,Tue,9,23,24,36,37,129,2,3,2,baseline.csv,20260425_204331
20161101-02,2016-11-01,2016,11,1,Tue,1,13,22,23,33,92,1,4,2,baseline.csv,20260425_204331
20161102-01,2016-11-02,2016,11,2,Wed,6,36,37,41,45,165,2,3,2,baseline.csv,20260425_204331
20161102-02,2016-11-02,2016,11,2,Wed,1,22,25,31,42,121,2,3,1,baseline.csv,20260425_204331
20161103-01,2016-11-03,2016,11,3,Thu,13,16,23,35,37,124,1,4,1,baseline.csv,20260425_204331
20161103-02,2016-11-03,2016,11,3,Thu,16,24,31,35,41,147,2,3,1,baseline.csv,20260425_204331
20161104-01,2016-11-04,2016,11,4,Fri,4,5,14,18,23,64,3,2,2,baseline.csv,20260425_204331
20161104-02,2016-11-04,2016,11,4,Fri,4,6,13,21,32,76,3,2,1,baseline.csv,20260425_204331
20161105-01,2016-11-05,2016,11,5,Sat,1,5,26,36,41,109,2,3,1,baseline.csv,20260425_204331
20161105-02,2016-11-05,2016,11,5,Sat,30,32,34,38,42,176,5,0,1,baseline.csv,20260425_204331
20161106-01,2016-11-06,2016,11,6,Sun,1,6,18,34,45,104,3,2,1,baseline.csv,20260425_204331
20161106-02,2016-11-06,2016,11,6,Sun,14,20,25,27,44,130,3,2,1,baseline.csv,20260425_204331
20161107-01,2016-11-07,2016,11,7,Mon,2,26,27,31,35,121,2,3,2,baseline.csv,20260425_204331
20161107-02,2016-11-07,2016,11,7,Mon,4,7,18,33,43,105,2,3,1,baseline.csv,20260425_204331
20161108-01,2016-11-08,2016,11,8,Tue,17,28,35,39,42,161,2,3,1,baseline.csv,20260425_204331
20161108-02,2016-11-08,2016,11,8,Tue,23,30,36,37,39,165,2,3,2,baseline.csv,20260425_204331
20161109-01,2016-11-09,2016,11,9,Wed,5,14,15,30,32,96,3,2,2,baseline.csv,20260425_204331
20161109-02,2016-11-09,2016,11,9,Wed,23,26,28,32,33,142,3,2,2,baseline.csv,20260425_204331
20161110-01,2016-11-10,2016,11,10,Thu,2,9,21,25,30,87,2,3,1,baseline.csv,20260425_204331
20161110-02,2016-11-10,2016,11,10,Thu,6,10,20,24,38,98,5,0,1,baseline.csv,20260425_204331
20161111-01,2016-11-11,2016,11,11,Fri,7,22,29,33,43,134,1,4,1,baseline.csv,20260425_204331
20161111-02,2016-11-11,2016,11,11,Fri,3,6,31,33,43,116,1,4,1,baseline.csv,20260425_204331
20161112-01,2016-11-12,2016,11,12,Sat,4,9,12,15,30,70,3,2,1,baseline.csv,20260425_204331
20161112-02,2016-11-12,2016,11,12,Sat,1,13,15,40,41,110,1,4,2,baseline.csv,20260425_204331
20161113-01,2016-11-13,2016,11,13,Sun,5,11,29,43,45,133,0,5,1,baseline.csv,20260425_204331
20161113-02,2016-11-13,2016,11,13,Sun,19,23,26,30,31,129,2,3,2,baseline.csv,20260425_204331
20161114-01,2016-11-14,2016,11,14,Mon,14,17,26,34,40,131,4,1,1,baseline.csv,20260425_204331
20161114-02,2016-11-14,2016,11,14,Mon,2,20,21,37,44,124,3,2,2,baseline.csv,20260425_204331
20161115-01,2016-11-15,2016,11,15,Tue,10,23,36,41,45,155,2,3,1,baseline.csv,20260425_204331
20161115-02,2016-11-15,2016,11,15,Tue,8,16,26,31,34,115,4,1,1,baseline.csv,20260425_204331
20161116-01,2016-11-16,2016,11,16,Wed,6,8,11,38,44,107,4,1,1,baseline.csv,20260425_204331
20161116-02,2016-11-16,2016,11,16,Wed,23,26,30,36,37,152,3,2,2,baseline.csv,20260425_204331
20161117-01,2016-11-17,2016,11,17,Thu,7,9,23,35,42,116,1,4,1,baseline.csv,20260425_204331
20161117-02,2016-11-17,2016,11,17,Thu,4,8,32,33,35,112,3,2,2,baseline.csv,20260425_204331
20161118-01,2016-11-18,2016,11,18,Fri,13,18,28,33,35,127,2,3,1,baseline.csv,20260425_204331
20161118-02,2016-11-18,2016,11,18,Fri,20,30,32,37,44,163,4,1,1,baseline.csv,20260425_204331
20161119-01,2016-11-19,2016,11,19,Sat,16,17,18,25,36,112,3,2,3,baseline.csv,20260425_204331
20161119-02,2016-11-19,2016,11,19,Sat,2,3,31,32,42,110,3,2,2,baseline.csv,20260425_204331
20161120-01,2016-11-20,2016,11,20,Sun,17,20,21,26,30,114,3,2,2,baseline.csv,20260425_204331
20161120-02,2016-11-20,2016,11,20,Sun,6,10,20,24,39,99,4,1,1,baseline.csv,20260425_204331
20161121-01,2016-11-21,2016,11,21,Mon,21,23,27,31,32,134,1,4,2,baseline.csv,20260425_204331
20161121-02,2016-11-21,2016,11,21,Mon,6,9,15,20,31,81,2,3,1,baseline.csv,20260425_204331
20161122-01,2016-11-22,2016,11,22,Tue,2,8,12,35,36,93,4,1,2,baseline.csv,20260425_204331
20161122-02,2016-11-22,2016,11,22,Tue,12,13,22,24,27,98,3,2,2,baseline.csv,20260425_204331
20161123-01,2016-11-23,2016,11,23,Wed,4,6,8,12,18,48,5,0,1,baseline.csv,20260425_204331
20161123-02,2016-11-23,2016,11,23,Wed,1,10,17,24,42,94,3,2,1,baseline.csv,20260425_204331
20161124-01,2016-11-24,2016,11,24,Thu,6,28,30,43,45,152,3,2,1,baseline.csv,20260425_204331
20161124-02,2016-11-24,2016,11,24,Thu,7,23,31,42,43,146,1,4,2,baseline.csv,20260425_204331
20161125-01,2016-11-25,2016,11,25,Fri,2,8,14,25,45,94,3,2,1,baseline.csv,20260425_204331
20161125-02,2016-11-25,2016,11,25,Fri,3,22,28,31,43,127,2,3,1,baseline.csv,20260425_204331
20161126-01,2016-11-26,2016,11,26,Sat,11,19,22,29,31,112,1,4,1,baseline.csv,20260425_204331
20161126-02,2016-11-26,2016,11,26,Sat,26,30,40,43,44,183,4,1,2,baseline.csv,20260425_204331
20161127-01,2016-11-27,2016,11,27,Sun,5,6,7,11,21,50,1,4,3,baseline.csv,20260425_204331
20161127-02,2016-11-27,2016,11,27,Sun,1,8,17,24,43,93,2,3,1,baseline.csv,20260425_204331
20161128-01,2016-11-28,2016,11,28,Mon,26,29,31,35,37,158,1,4,1,baseline.csv,20260425_204331
20161128-02,2016-11-28,2016,11,28,Mon,1,4,17,20,28,70,3,2,1,baseline.csv,20260425_204331
20161129-01,2016-11-29,2016,11,29,Tue,20,23,33,42,45,163,2,3,1,baseline.csv,20260425_204331
20161129-02,2016-11-29,2016,11,29,Tue,1,3,19,25,30,78,1,4,1,baseline.csv,20260425_204331
20161130-01,2016-11-30,2016,11,30,Wed,9,18,20,23,44,114,3,2,1,baseline.csv,20260425_204331
20161130-02,2016-11-30,2016,11,30,Wed,27,32,42,44,45,190,3,2,2,baseline.csv,20260425_204331
20161201-01,2016-12-01,2016,12,1,Thu,11,12,32,34,42,131,4,1,2,baseline.csv,20260425_204331
20161201-02,2016-12-01,2016,12,1,Thu,11,13,27,31,35,117,0,5,1,baseline.csv,20260425_204331
20161202-01,2016-12-02,2016,12,2,Fri,20,21,30,31,41,143,2,3,2,baseline.csv,20260425_204331
20161202-02,2016-12-02,2016,12,2,Fri,1,6,8,17,25,57,2,3,1,baseline.csv,20260425_204331
20161203-01,2016-12-03,2016,12,3,Sat,11,14,25,32,45,127,2,3,1,baseline.csv,20260425_204331
20161203-02,2016-12-03,2016,12,3,Sat,5,11,19,20,30,85,2,3,2,baseline.csv,20260425_204331
20161204-01,2016-12-04,2016,12,4,Sun,17,27,34,35,36,149,2,3,3,baseline.csv,20260425_204331
20161204-02,2016-12-04,2016,12,4,Sun,12,16,18,33,34,113,4,1,2,baseline.csv,20260425_204331
20161205-01,2016-12-05,2016,12,5,Mon,1,13,15,22,33,84,1,4,1,baseline.csv,20260425_204331
20161205-02,2016-12-05,2016,12,5,Mon,3,13,17,35,36,104,1,4,2,baseline.csv,20260425_204331
20161206-01,2016-12-06,2016,12,6,Tue,14,24,25,36,38,137,4,1,2,baseline.csv,20260425_204331
20161206-02,2016-12-06,2016,12,6,Tue,27,28,31,34,41,161,2,3,2,baseline.csv,20260425_204331
20161207-01,2016-12-07,2016,12,7,Wed,6,14,15,24,39,98,3,2,2,baseline.csv,20260425_204331
20161207-02,2016-12-07,2016,12,7,Wed,8,25,31,32,40,136,3,2,2,baseline.csv,20260425_204331
20161208-01,2016-12-08,2016,12,8,Thu,9,22,34,40,41,146,3,2,2,baseline.csv,20260425_204331
20161208-02,2016-12-08,2016,12,8,Thu,2,3,6,22,42,75,4,1,2,baseline.csv,20260425_204331
20161209-01,2016-12-09,2016,12,9,Fri,2,21,36,37,43,139,2,3,2,baseline.csv,20260425_204331
20161209-02,2016-12-09,2016,12,9,Fri,6,17,23,35,45,126,1,4,1,baseline.csv,20260425_204331
20161210-01,2016-12-10,2016,12,10,Sat,15,17,20,23,27,102,1,4,1,baseline.csv,20260425_204331
20161210-02,2016-12-10,2016,12,10,Sat,3,7,15,32,43,100,1,4,1,baseline.csv,20260425_204331
20161211-01,2016-12-11,2016,12,11,Sun,6,7,25,33,41,112,1,4,2,baseline.csv,20260425_204331
20161211-02,2016-12-11,2016,12,11,Sun,11,14,30,34,36,125,4,1,1,baseline.csv,20260425_204331
20161212-01,2016-12-12,2016,12,12,Mon,6,22,26,36,37,127,4,1,2,baseline.csv,20260425_204331
20161212-02,2016-12-12,2016,12,12,Mon,1,12,21,24,32,90,3,2,1,baseline.csv,20260425_204331
20161213-01,2016-12-13,2016,12,13,Tue,5,8,9,12,18,52,3,2,2,baseline.csv,20260425_204331
20161213-02,2016-12-13,2016,12,13,Tue,12,16,33,42,43,146,3,2,2,baseline.csv,20260425_204331
20161214-01,2016-12-14,2016,12,14,Wed,1,13,21,31,39,105,0,5,1,baseline.csv,20260425_204331
20161214-02,2016-12-14,2016,12,14,Wed,4,8,17,18,34,81,4,1,2,baseline.csv,20260425_204331
20161215-01,2016-12-15,2016,12,15,Thu,19,28,38,42,43,170,3,2,2,baseline.csv,20260425_204331
20161215-02,2016-12-15,2016,12,15,Thu,31,32,36,40,43,182,3,2,2,baseline.csv,20260425_204331
20161216-01,2016-12-16,2016,12,16,Fri,3,19,30,38,40,130,3,2,1,baseline.csv,20260425_204331
20161216-02,2016-12-16,2016,12,16,Fri,3,8,10,33,44,98,3,2,1,baseline.csv,20260425_204331
20161217-01,2016-12-17,2016,12,17,Sat,9,10,25,36,40,120,3,2,2,baseline.csv,20260425_204331
20161217-02,2016-12-17,2016,12,17,Sat,3,5,13,31,39,91,0,5,1,baseline.csv,20260425_204331
20161218-01,2016-12-18,2016,12,18,Sun,16,20,39,40,43,158,3,2,2,baseline.csv,20260425_204331
20161218-02,2016-12-18,2016,12,18,Sun,25,28,36,39,41,169,2,3,1,baseline.csv,20260425_204331
20161219-01,2016-12-19,2016,12,19,Mon,11,19,21,28,44,123,2,3,1,baseline.csv,20260425_204331
20161219-02,2016-12-19,2016,12,19,Mon,3,10,19,21,38,91,2,3,1,baseline.csv,20260425_204331
20161220-01,2016-12-20,2016,12,20,Tue,7,23,27,28,38,123,2,3,2,baseline.csv,20260425_204331
20161220-02,2016-12-20,2016,12,20,Tue,11,17,23,34,43,128,1,4,1,baseline.csv,20260425_204331
20161221-01,2016-12-21,2016,12,21,Wed,22,32,33,36,38,161,4,1,2,baseline.csv,20260425_204331
20161221-02,2016-12-21,2016,12,21,Wed,1,12,21,35,39,108,1,4,1,baseline.csv,20260425_204331
20161222-01,2016-12-22,2016,12,22,Thu,5,22,31,33,43,134,1,4,1,baseline.csv,20260425_204331
20161222-02,2016-12-22,2016,12,22,Thu,10,18,26,30,41,125,4,1,1,baseline.csv,20260425_204331
20161223-01,2016-12-23,2016,12,23,Fri,16,18,22,36,38,130,5,0,1,baseline.csv,20260425_204331
20161223-02,2016-12-23,2016,12,23,Fri,7,14,16,19,38,94,3,2,1,baseline.csv,20260425_204331
20161224-01,2016-12-24,2016,12,24,Sat,2,20,24,34,35,115,4,1,2,baseline.csv,20260425_204331
20161224-02,2016-12-24,2016,12,24,Sat,5,11,20,37,44,117,2,3,1,baseline.csv,20260425_204331
20161225-01,2016-12-25,2016,12,25,Sun,8,19,20,29,38,114,3,2,2,baseline.csv,20260425_204331
20161225-02,2016-12-25,2016,12,25,Sun,8,10,15,16,17,66,3,2,3,baseline.csv,20260425_204331
20161226-01,2016-12-26,2016,12,26,Mon,6,17,24,29,33,109,2,3,1,baseline.csv,20260425_204331
20161226-02,2016-12-26,2016,12,26,Mon,10,18,19,24,41,112,3,2,2,baseline.csv,20260425_204331
20161227-01,2016-12-27,2016,12,27,Tue,21,26,39,41,42,169,2,3,2,baseline.csv,20260425_204331
20161227-02,2016-12-27,2016,12,27,Tue,2,3,8,28,38,79,4,1,2,baseline.csv,20260425_204331
20161228-01,2016-12-28,2016,12,28,Wed,7,18,19,31,42,117,2,3,2,baseline.csv,20260425_204331
20161228-02,2016-12-28,2016,12,28,Wed,17,20,21,32,34,124,3,2,2,baseline.csv,20260425_204331
20161229-01,2016-12-29,2016,12,29,Thu,1,16,36,37,44,134,3,2,2,baseline.csv,20260425_204331
20161229-02,2016-12-29,2016,12,29,Thu,10,20,32,37,43,142,3,2,1,baseline.csv,20260425_204331
20161230-01,2016-12-30,2016,12,30,Fri,6,15,17,36,37,111,2,3,2,baseline.csv,20260425_204331
20161230-02,2016-12-30,2016,12,30,Fri,1,12,15,38,44,110,3,2,1,baseline.csv,20260425_204331
20161231-01,2016-12-31,2016,12,31,Sat,15,16,28,40,41,140,3,2,2,baseline.csv,20260425_204331
20161231-02,2016-12-31,2016,12,31,Sat,12,13,41,43,44,153,2,3,2,baseline.csv,20260425_204331
20170101-01,2017-01-01,2017,1,1,Sun,30,32,33,38,43,176,3,2,2,baseline.csv,20260425_204331
20170101-02,2017-01-01,2017,1,1,Sun,2,11,23,30,34,100,3,2,1,baseline.csv,20260425_204331
20170102-01,2017-01-02,2017,1,2,Mon,27,28,32,43,44,174,3,2,2,baseline.csv,20260425_204331
20170102-02,2017-01-02,2017,1,2,Mon,7,12,19,43,45,126,1,4,1,baseline.csv,20260425_204331
20170103-01,2017-01-03,2017,1,3,Tue,15,22,41,43,44,165,2,3,2,baseline.csv,20260425_204331
20170103-02,2017-01-03,2017,1,3,Tue,2,5,29,42,43,121,2,3,2,baseline.csv,20260425_204331
20170104-01,2017-01-04,2017,1,4,Wed,13,29,35,36,42,155,2,3,2,baseline.csv,20260425_204331
20170104-02,2017-01-04,2017,1,4,Wed,6,12,25,28,34,105,4,1,1,baseline.csv,20260425_204331
20170105-01,2017-01-05,2017,1,5,Thu,15,19,22,33,35,124,1,4,1,baseline.csv,20260425_204331
20170105-02,2017-01-05,2017,1,5,Thu,13,14,32,36,43,138,3,2,2,baseline.csv,20260425_204331
20170106-01,2017-01-06,2017,1,6,Fri,20,25,27,38,45,155,2,3,1,baseline.csv,20260425_204331
20170106-02,2017-01-06,2017,1,6,Fri,4,10,25,29,30,98,3,2,2,baseline.csv,20260425_204331
20170107-01,2017-01-07,2017,1,7,Sat,10,17,28,31,35,121,2,3,1,baseline.csv,20260425_204331
20170107-02,2017-01-07,2017,1,7,Sat,20,23,25,35,44,147,2,3,1,baseline.csv,20260425_204331
20170108-01,2017-01-08,2017,1,8,Sun,2,26,40,43,44,155,4,1,2,baseline.csv,20260425_204331
20170108-02,2017-01-08,2017,1,8,Sun,2,15,20,32,45,114,3,2,1,baseline.csv,20260425_204331
20170109-01,2017-01-09,2017,1,9,Mon,1,6,23,40,44,114,3,2,1,baseline.csv,20260425_204331
20170109-02,2017-01-09,2017,1,9,Mon,6,16,22,37,45,126,3,2,1,baseline.csv,20260425_204331
20170110-01,2017-01-10,2017,1,10,Tue,3,4,8,16,38,69,4,1,2,baseline.csv,20260425_204331
20170110-02,2017-01-10,2017,1,10,Tue,2,23,42,43,44,154,3,2,3,baseline.csv,20260425_204331
20170111-01,2017-01-11,2017,1,11,Wed,11,15,18,34,40,118,3,2,1,baseline.csv,20260425_204331
20170111-02,2017-01-11,2017,1,11,Wed,23,27,28,29,33,140,1,4,3,baseline.csv,20260425_204331
20170112-01,2017-01-12,2017,1,12,Thu,8,33,34,35,36,146,3,2,4,baseline.csv,20260425_204331
20170112-02,2017-01-12,2017,1,12,Thu,1,17,20,35,40,113,2,3,1,baseline.csv,20260425_204331
20170113-01,2017-01-13,2017,1,13,Fri,4,8,9,13,45,79,2,3,2,baseline.csv,20260425_204331
20170113-02,2017-01-13,2017,1,13,Fri,7,17,24,35,42,125,2,3,1,baseline.csv,20260425_204331
20170114-01,2017-01-14,2017,1,14,Sat,3,7,13,37,45,105,0,5,1,baseline.csv,20260425_204331
20170114-02,2017-01-14,2017,1,14,Sat,5,7,18,39,40,109,2,3,2,baseline.csv,20260425_204331
20170115-01,2017-01-15,2017,1,15,Sun,5,12,15,25,31,88,1,4,1,baseline.csv,20260425_204331
20170115-02,2017-01-15,2017,1,15,Sun,1,17,18,25,27,88,1,4,2,baseline.csv,20260425_204331
20170116-01,2017-01-16,2017,1,16,Mon,3,8,9,23,44,87,2,3,2,baseline.csv,20260425_204331
20170116-02,2017-01-16,2017,1,16,Mon,2,9,13,30,45,99,2,3,1,baseline.csv,20260425_204331
20170117-01,2017-01-17,2017,1,17,Tue,2,28,32,34,36,132,5,0,1,baseline.csv,20260425_204331
20170117-02,2017-01-17,2017,1,17,Tue,2,24,27,34,40,127,4,1,1,baseline.csv,20260425_204331
20170118-01,2017-01-18,2017,1,18,Wed,15,17,29,36,39,136,1,4,1,baseline.csv,20260425_204331
20170118-02,2017-01-18,2017,1,18,Wed,4,11,14,24,25,78,3,2,2,baseline.csv,20260425_204331
20170119-01,2017-01-19,2017,1,19,Thu,10,21,25,31,41,128,1,4,1,baseline.csv,20260425_204331
20170119-02,2017-01-19,2017,1,19,Thu,1,17,23,24,31,96,1,4,2,baseline.csv,20260425_204331
20170120-01,2017-01-20,2017,1,20,Fri,5,8,13,20,23,69,2,3,1,baseline.csv,20260425_204331
20170120-02,2017-01-20,2017,1,20,Fri,3,29,30,34,40,136,3,2,2,baseline.csv,20260425_204331
20170121-01,2017-01-21,2017,1,21,Sat,8,17,18,21,22,86,3,2,2,baseline.csv,20260425_204331
20170121-02,2017-01-21,2017,1,21,Sat,2,28,34,44,45,153,4,1,2,baseline.csv,20260425_204331
20170122-01,2017-01-22,2017,1,22,Sun,12,14,17,32,45,120,3,2,1,baseline.csv,20260425_204331
20170122-02,2017-01-22,2017,1,22,Sun,8,24,35,37,43,147,2,3,1,baseline.csv,20260425_204331
20170123-01,2017-01-23,2017,1,23,Mon,3,4,7,10,36,60,3,2,2,baseline.csv,20260425_204331
20170123-02,2017-01-23,2017,1,23,Mon,10,20,27,30,38,125,4,1,1,baseline.csv,20260425_204331
20170124-01,2017-01-24,2017,1,24,Tue,2,11,22,38,42,115,4,1,1,baseline.csv,20260425_204331
20170124-02,2017-01-24,2017,1,24,Tue,10,16,36,38,41,141,4,1,1,baseline.csv,20260425_204331
20170125-01,2017-01-25,2017,1,25,Wed,9,11,18,27,42,107,2,3,1,baseline.csv,20260425_204331
20170125-02,2017-01-25,2017,1,25,Wed,5,10,14,26,44,99,4,1,1,baseline.csv,20260425_204331
20170126-01,2017-01-26,2017,1,26,Thu,24,29,31,39,43,166,1,4,1,baseline.csv,20260425_204331
20170126-02,2017-01-26,2017,1,26,Thu,14,17,18,27,33,109,2,3,2,baseline.csv,20260425_204331
20170127-01,2017-01-27,2017,1,27,Fri,10,12,19,33,43,117,2,3,1,baseline.csv,20260425_204331
20170127-02,2017-01-27,2017,1,27,Fri,8,20,25,37,44,134,3,2,1,baseline.csv,20260425_204331
20170128-01,2017-01-28,2017,1,28,Sat,11,21,30,36,42,140,3,2,1,baseline.csv,20260425_204331
20170128-02,2017-01-28,2017,1,28,Sat,7,14,30,35,36,122,3,2,2,baseline.csv,20260425_204331
20170129-01,2017-01-29,2017,1,29,Sun,1,11,17,19,28,76,1,4,1,baseline.csv,20260425_204331
20170129-02,2017-01-29,2017,1,29,Sun,9,12,13,16,20,70,3,2,2,baseline.csv,20260425_204331
20170130-01,2017-01-30,2017,1,30,Mon,10,25,32,39,41,147,2,3,1,baseline.csv,20260425_204331
20170130-02,2017-01-30,2017,1,30,Mon,5,12,13,21,43,94,1,4,2,baseline.csv,20260425_204331
20170131-01,2017-01-31,2017,1,31,Tue,8,28,35,44,45,160,3,2,2,baseline.csv,20260425_204331
20170131-02,2017-01-31,2017,1,31,Tue,10,13,20,35,37,115,2,3,1,baseline.csv,20260425_204331
20170201-01,2017-02-01,2017,2,1,Wed,6,14,19,20,30,89,4,1,2,baseline.csv,20260425_204331
20170201-02,2017-02-01,2017,2,1,Wed,7,10,19,31,39,106,1,4,1,baseline.csv,20260425_204331
20170202-01,2017-02-02,2017,2,2,Thu,10,16,18,19,30,93,4,1,2,baseline.csv,20260425_204331
20170202-02,2017-02-02,2017,2,2,Thu,12,13,21,37,39,122,1,4,2,baseline.csv,20260425_204331
20170203-01,2017-02-03,2017,2,3,Fri,11,24,26,28,37,126,3,2,1,baseline.csv,20260425_204331
20170203-02,2017-02-03,2017,2,3,Fri,1,11,17,23,44,96,1,4,1,baseline.csv,20260425_204331
20170204-01,2017-02-04,2017,2,4,Sat,3,10,14,30,36,93,4,1,1,baseline.csv,20260425_204331
20170204-02,2017-02-04,2017,2,4,Sat,11,13,22,25,38,109,2,3,1,baseline.csv,20260425_204331
20170205-01,2017-02-05,2017,2,5,Sun,1,18,33,34,45,131,2,3,2,baseline.csv,20260425_204331
20170205-02,2017-02-05,2017,2,5,Sun,3,11,14,16,33,77,2,3,1,baseline.csv,20260425_204331
20170206-01,2017-02-06,2017,2,6,Mon,14,23,28,36,44,145,4,1,1,baseline.csv,20260425_204331
20170206-02,2017-02-06,2017,2,6,Mon,2,13,17,24,39,95,2,3,1,baseline.csv,20260425_204331
20170207-01,2017-02-07,2017,2,7,Tue,13,14,23,40,43,133,2,3,2,baseline.csv,20260425_204331
20170207-02,2017-02-07,2017,2,7,Tue,1,8,18,27,40,94,3,2,1,baseline.csv,20260425_204331
20170208-01,2017-02-08,2017,2,8,Wed,1,2,9,15,17,44,1,4,2,baseline.csv,20260425_204331
20170208-02,2017-02-08,2017,2,8,Wed,7,13,33,36,45,134,1,4,1,baseline.csv,20260425_204331
20170209-01,2017-02-09,2017,2,9,Thu,4,16,33,35,40,128,3,2,1,baseline.csv,20260425_204331
20170209-02,2017-02-09,2017,2,9,Thu,6,14,19,20,44,103,4,1,2,baseline.csv,20260425_204331
20170210-01,2017-02-10,2017,2,10,Fri,6,13,20,35,41,115,2,3,1,baseline.csv,20260425_204331
20170210-02,2017-02-10,2017,2,10,Fri,2,4,11,27,33,77,2,3,1,baseline.csv,20260425_204331
20170211-01,2017-02-11,2017,2,11,Sat,3,4,5,13,19,44,1,4,3,baseline.csv,20260425_204331
20170211-02,2017-02-11,2017,2,11,Sat,1,26,27,30,35,119,2,3,2,baseline.csv,20260425_204331
20170212-01,2017-02-12,2017,2,12,Sun,8,18,25,28,35,114,3,2,1,baseline.csv,20260425_204331
20170212-02,2017-02-12,2017,2,12,Sun,5,6,29,33,35,108,1,4,2,baseline.csv,20260425_204331
20170213-01,2017-02-13,2017,2,13,Mon,5,28,29,31,41,134,1,4,2,baseline.csv,20260425_204331
20170213-02,2017-02-13,2017,2,13,Mon,1,3,22,37,38,101,2,3,2,baseline.csv,20260425_204331
20170214-01,2017-02-14,2017,2,14,Tue,5,9,18,37,43,112,1,4,1,baseline.csv,20260425_204331
20170214-02,2017-02-14,2017,2,14,Tue,15,21,24,29,33,122,1,4,1,baseline.csv,20260425_204331
20170215-01,2017-02-15,2017,2,15,Wed,1,11,14,24,26,76,3,2,1,baseline.csv,20260425_204331
20170215-02,2017-02-15,2017,2,15,Wed,4,20,26,29,45,124,3,2,1,baseline.csv,20260425_204331
20170216-01,2017-02-16,2017,2,16,Thu,12,19,28,30,45,134,3,2,1,baseline.csv,20260425_204331
20170216-02,2017-02-16,2017,2,16,Thu,1,5,14,21,23,64,1,4,1,baseline.csv,20260425_204331
20170217-01,2017-02-17,2017,2,17,Fri,2,16,19,24,36,97,4,1,1,baseline.csv,20260425_204331
20170217-02,2017-02-17,2017,2,17,Fri,1,19,20,34,42,116,3,2,2,baseline.csv,20260425_204331
20170218-01,2017-02-18,2017,2,18,Sat,6,11,19,22,31,89,2,3,1,baseline.csv,20260425_204331
20170218-02,2017-02-18,2017,2,18,Sat,10,13,16,26,35,100,3,2,1,baseline.csv,20260425_204331
20170219-01,2017-02-19,2017,2,19,Sun,7,20,32,37,38,134,3,2,2,baseline.csv,20260425_204331
20170219-02,2017-02-19,2017,2,19,Sun,1,12,18,22,23,76,3,2,2,baseline.csv,20260425_204331
20170220-01,2017-02-20,2017,2,20,Mon,7,8,18,43,45,121,2,3,2,baseline.csv,20260425_204331
20170220-02,2017-02-20,2017,2,20,Mon,3,15,25,27,45,115,0,5,1,baseline.csv,20260425_204331
20170221-01,2017-02-21,2017,2,21,Tue,4,8,13,22,33,80,3,2,1,baseline.csv,20260425_204331
20170221-02,2017-02-21,2017,2,21,Tue,13,24,27,28,38,130,3,2,2,baseline.csv,20260425_204331
20170222-01,2017-02-22,2017,2,22,Wed,2,21,30,39,40,132,3,2,2,baseline.csv,20260425_204331
20170222-02,2017-02-22,2017,2,22,Wed,11,14,20,37,44,126,3,2,1,baseline.csv,20260425_204331
20170223-01,2017-02-23,2017,2,23,Thu,18,23,27,34,36,138,3,2,1,baseline.csv,20260425_204331
20170223-02,2017-02-23,2017,2,23,Thu,3,4,16,21,34,78,3,2,2,baseline.csv,20260425_204331
20170224-01,2017-02-24,2017,2,24,Fri,1,11,30,39,41,122,1,4,1,baseline.csv,20260425_204331
20170224-02,2017-02-24,2017,2,24,Fri,5,31,34,39,41,150,1,4,1,baseline.csv,20260425_204331
20170225-01,2017-02-25,2017,2,25,Sat,21,27,33,34,42,157,2,3,2,baseline.csv,20260425_204331
20170225-02,2017-02-25,2017,2,25,Sat,6,17,25,40,42,130,3,2,1,baseline.csv,20260425_204331
20170226-01,2017-02-26,2017,2,26,Sun,11,23,31,34,39,138,1,4,1,baseline.csv,20260425_204331
20170226-02,2017-02-26,2017,2,26,Sun,10,19,23,29,37,118,1,4,1,baseline.csv,20260425_204331
20170227-01,2017-02-27,2017,2,27,Mon,1,10,14,26,29,80,3,2,1,baseline.csv,20260425_204331
20170227-02,2017-02-27,2017,2,27,Mon,4,22,30,32,38,126,5,0,1,baseline.csv,20260425_204331
20170228-01,2017-02-28,2017,2,28,Tue,16,23,27,31,37,134,1,4,1,baseline.csv,20260425_204331
20170228-02,2017-02-28,2017,2,28,Tue,5,14,17,24,31,91,2,3,1,baseline.csv,20260425_204331
20170301-01,2017-03-01,2017,3,1,Wed,10,14,16,20,21,81,4,1,2,baseline.csv,20260425_204331
20170301-02,2017-03-01,2017,3,1,Wed,22,24,33,42,44,165,4,1,1,baseline.csv,20260425_204331
20170302-01,2017-03-02,2017,3,2,Thu,9,21,22,23,35,110,1,4,3,baseline.csv,20260425_204331
20170302-02,2017-03-02,2017,3,2,Thu,1,11,14,17,35,78,1,4,1,baseline.csv,20260425_204331
20170303-01,2017-03-03,2017,3,3,Fri,1,6,13,14,21,55,2,3,2,baseline.csv,20260425_204331
20170303-02,2017-03-03,2017,3,3,Fri,8,13,17,18,41,97,2,3,2,baseline.csv,20260425_204331
20170304-01,2017-03-04,2017,3,4,Sat,16,21,23,28,41,129,2,3,1,baseline.csv,20260425_204331
20170304-02,2017-03-04,2017,3,4,Sat,16,30,33,38,45,162,3,2,1,baseline.csv,20260425_204331
20170305-01,2017-03-05,2017,3,5,Sun,2,12,16,35,39,104,3,2,1,baseline.csv,20260425_204331
20170305-02,2017-03-05,2017,3,5,Sun,13,35,37,38,41,164,1,4,2,baseline.csv,20260425_204331
20170306-01,2017-03-06,2017,3,6,Mon,14,15,16,20,32,97,4,1,3,baseline.csv,20260425_204331
20170306-02,2017-03-06,2017,3,6,Mon,10,24,26,34,44,138,5,0,1,baseline.csv,20260425_204331
20170307-01,2017-03-07,2017,3,7,Tue,5,24,30,36,39,134,3,2,1,baseline.csv,20260425_204331
20170307-02,2017-03-07,2017,3,7,Tue,1,5,8,40,42,96,3,2,1,baseline.csv,20260425_204331
20170308-01,2017-03-08,2017,3,8,Wed,1,6,12,14,21,54,3,2,1,baseline.csv,20260425_204331
20170308-02,2017-03-08,2017,3,8,Wed,11,15,25,33,35,119,0,5,1,baseline.csv,20260425_204331
20170309-01,2017-03-09,2017,3,9,Thu,2,18,35,42,43,140,3,2,2,baseline.csv,20260425_204331
20170309-02,2017-03-09,2017,3,9,Thu,1,9,17,34,37,98,1,4,1,baseline.csv,20260425_204331
20170310-01,2017-03-10,2017,3,10,Fri,7,14,40,41,45,147,2,3,2,baseline.csv,20260425_204331
20170310-02,2017-03-10,2017,3,10,Fri,1,24,30,41,43,139,2,3,1,baseline.csv,20260425_204331
20170311-01,2017-03-11,2017,3,11,Sat,5,13,18,33,45,114,1,4,1,baseline.csv,20260425_204331
20170311-02,2017-03-11,2017,3,11,Sat,2,20,29,36,38,125,4,1,1,baseline.csv,20260425_204331
20170312-01,2017-03-12,2017,3,12,Sun,7,10,14,23,34,88,3,2,1,baseline.csv,20260425_204331
20170312-02,2017-03-12,2017,3,12,Sun,9,16,19,26,36,106,3,2,1,baseline.csv,20260425_204331
20170313-01,2017-03-13,2017,3,13,Mon,6,8,11,21,22,68,3,2,2,baseline.csv,20260425_204331
20170313-02,2017-03-13,2017,3,13,Mon,19,20,30,34,41,144,3,2,2,baseline.csv,20260425_204331
20170314-01,2017-03-14,2017,3,14,Tue,9,10,16,27,41,103,2,3,2,baseline.csv,20260425_204331
20170314-02,2017-03-14,2017,3,14,Tue,4,15,18,24,45,106,3,2,1,baseline.csv,20260425_204331
20170315-01,2017-03-15,2017,3,15,Wed,2,4,8,15,33,62,3,2,1,baseline.csv,20260425_204331
20170315-02,2017-03-15,2017,3,15,Wed,14,18,20,23,40,115,4,1,1,baseline.csv,20260425_204331
20170316-01,2017-03-16,2017,3,16,Thu,11,28,30,37,38,144,3,2,2,baseline.csv,20260425_204331
20170316-02,2017-03-16,2017,3,16,Thu,10,27,35,37,45,154,1,4,1,baseline.csv,20260425_204331
20170317-01,2017-03-17,2017,3,17,Fri,1,14,20,36,44,115,4,1,1,baseline.csv,20260425_204331
20170317-02,2017-03-17,2017,3,17,Fri,2,7,15,20,40,84,3,2,1,baseline.csv,20260425_204331
20170318-01,2017-03-18,2017,3,18,Sat,12,15,33,41,45,146,1,4,1,baseline.csv,20260425_204331
20170318-02,2017-03-18,2017,3,18,Sat,1,13,29,40,45,128,1,4,1,baseline.csv,20260425_204331
20170319-01,2017-03-19,2017,3,19,Sun,8,15,39,40,45,147,2,3,2,baseline.csv,20260425_204331
20170319-02,2017-03-19,2017,3,19,Sun,9,36,39,42,45,171,2,3,1,baseline.csv,20260425_204331
20170320-01,2017-03-20,2017,3,20,Mon,8,20,24,26,45,123,4,1,1,baseline.csv,20260425_204331
20170320-02,2017-03-20,2017,3,20,Mon,9,24,26,28,45,132,3,2,1,baseline.csv,20260425_204331
20170321-01,2017-03-21,2017,3,21,Tue,7,14,36,37,41,135,2,3,2,baseline.csv,20260425_204331
20170321-02,2017-03-21,2017,3,21,Tue,4,6,9,21,22,62,3,2,2,baseline.csv,20260425_204331
20170322-01,2017-03-22,2017,3,22,Wed,1,11,14,31,33,90,1,4,1,baseline.csv,20260425_204331
20170322-02,2017-03-22,2017,3,22,Wed,1,9,24,40,41,115,2,3,2,baseline.csv,20260425_204331
20170323-01,2017-03-23,2017,3,23,Thu,14,24,27,30,41,136,3,2,1,baseline.csv,20260425_204331
20170323-02,2017-03-23,2017,3,23,Thu,4,6,20,30,35,95,4,1,1,baseline.csv,20260425_204331
20170324-01,2017-03-24,2017,3,24,Fri,1,7,26,37,43,114,1,4,1,baseline.csv,20260425_204331
20170324-02,2017-03-24,2017,3,24,Fri,22,23,24,31,40,140,3,2,3,baseline.csv,20260425_204331
20170325-01,2017-03-25,2017,3,25,Sat,2,12,15,22,40,91,4,1,1,baseline.csv,20260425_204331
20170325-02,2017-03-25,2017,3,25,Sat,10,12,26,34,36,118,5,0,1,baseline.csv,20260425_204331
20170326-01,2017-03-26,2017,3,26,Sun,10,17,22,28,38,115,4,1,1,baseline.csv,20260425_204331
20170326-02,2017-03-26,2017,3,26,Sun,7,11,15,35,41,109,0,5,1,baseline.csv,20260425_204331
20170327-01,2017-03-27,2017,3,27,Mon,9,10,14,16,34,83,4,1,2,baseline.csv,20260425_204331
20170327-02,2017-03-27,2017,3,27,Mon,9,12,26,33,40,120,3,2,1,baseline.csv,20260425_204331
20170328-01,2017-03-28,2017,3,28,Tue,2,17,23,30,36,108,3,2,1,baseline.csv,20260425_204331
20170328-02,2017-03-28,2017,3,28,Tue,3,4,28,40,43,118,3,2,2,baseline.csv,20260425_204331
20170329-01,2017-03-29,2017,3,29,Wed,9,25,28,29,44,135,2,3,2,baseline.csv,20260425_204331
20170329-02,2017-03-29,2017,3,29,Wed,1,7,8,39,41,96,1,4,2,baseline.csv,20260425_204331
20170330-01,2017-03-30,2017,3,30,Thu,15,30,35,40,42,162,3,2,1,baseline.csv,20260425_204331
20170330-02,2017-03-30,2017,3,30,Thu,6,15,24,29,38,112,3,2,1,baseline.csv,20260425_204331
20170331-01,2017-03-31,2017,3,31,Fri,3,4,8,31,45,91,2,3,2,baseline.csv,20260425_204331
20170331-02,2017-03-31,2017,3,31,Fri,1,5,25,27,37,95,0,5,1,baseline.csv,20260425_204331
20170401-01,2017-04-01,2017,4,1,Sat,9,11,40,43,45,148,1,4,1,baseline.csv,20260425_204331
20170401-02,2017-04-01,2017,4,1,Sat,2,15,20,28,33,98,3,2,1,baseline.csv,20260425_204331
20170402-01,2017-04-02,2017,4,2,Sun,11,23,32,34,38,138,3,2,1,baseline.csv,20260425_204331
20170402-02,2017-04-02,2017,4,2,Sun,3,7,8,40,45,103,2,3,2,baseline.csv,20260425_204331
20170403-01,2017-04-03,2017,4,3,Mon,6,11,20,37,39,113,2,3,1,baseline.csv,20260425_204331
20170403-02,2017-04-03,2017,4,3,Mon,3,33,34,37,44,151,2,3,2,baseline.csv,20260425_204331
20170404-01,2017-04-04,2017,4,4,Tue,3,4,13,16,35,71,2,3,2,baseline.csv,20260425_204331
20170404-02,2017-04-04,2017,4,4,Tue,1,3,22,26,45,97,2,3,1,baseline.csv,20260425_204331
20170405-01,2017-04-05,2017,4,5,Wed,9,32,40,43,45,169,2,3,1,baseline.csv,20260425_204331
20170405-02,2017-04-05,2017,4,5,Wed,7,26,41,42,45,161,2,3,2,baseline.csv,20260425_204331
20170406-01,2017-04-06,2017,4,6,Thu,12,14,25,40,45,136,3,2,1,baseline.csv,20260425_204331
20170406-02,2017-04-06,2017,4,6,Thu,4,12,18,22,27,83,4,1,1,baseline.csv,20260425_204331
20170407-01,2017-04-07,2017,4,7,Fri,10,25,38,43,44,160,3,2,2,baseline.csv,20260425_204331
20170407-02,2017-04-07,2017,4,7,Fri,1,23,24,30,37,115,2,3,2,baseline.csv,20260425_204331
20170408-01,2017-04-08,2017,4,8,Sat,15,18,23,29,32,117,2,3,1,baseline.csv,20260425_204331
20170408-02,2017-04-08,2017,4,8,Sat,3,20,28,33,39,123,2,3,1,baseline.csv,20260425_204331
20170409-01,2017-04-09,2017,4,9,Sun,10,18,36,40,41,145,4,1,2,baseline.csv,20260425_204331
20170409-02,2017-04-09,2017,4,9,Sun,12,35,36,39,43,165,2,3,2,baseline.csv,20260425_204331
20170410-01,2017-04-10,2017,4,10,Mon,5,8,18,32,40,103,4,1,1,baseline.csv,20260425_204331
20170410-02,2017-04-10,2017,4,10,Mon,9,14,22,27,36,108,3,2,1,baseline.csv,20260425_204331
20170411-01,2017-04-11,2017,4,11,Tue,6,7,15,25,45,98,1,4,2,baseline.csv,20260425_204331
20170411-02,2017-04-11,2017,4,11,Tue,23,24,28,43,44,162,3,2,2,baseline.csv,20260425_204331
20170412-01,2017-04-12,2017,4,12,Wed,2,14,31,33,41,121,2,3,1,baseline.csv,20260425_204331
20170412-02,2017-04-12,2017,4,12,Wed,8,30,34,41,43,156,3,2,1,baseline.csv,20260425_204331
20170413-01,2017-04-13,2017,4,13,Thu,2,4,8,23,43,80,3,2,1,baseline.csv,20260425_204331
20170413-02,2017-04-13,2017,4,13,Thu,3,9,24,30,37,103,2,3,1,baseline.csv,20260425_204331
20170414-01,2017-04-14,2017,4,14,Fri,9,13,23,28,39,112,1,4,1,baseline.csv,20260425_204331
20170414-02,2017-04-14,2017,4,14,Fri,12,13,17,31,36,109,2,3,2,baseline.csv,20260425_204331
20170415-01,2017-04-15,2017,4,15,Sat,2,23,32,34,44,135,4,1,1,baseline.csv,20260425_204331
20170415-02,2017-04-15,2017,4,15,Sat,9,15,24,25,41,114,1,4,2,baseline.csv,20260425_204331
20170416-01,2017-04-16,2017,4,16,Sun,11,13,20,27,35,106,1,4,1,baseline.csv,20260425_204331
20170416-02,2017-04-16,2017,4,16,Sun,8,14,22,24,37,105,4,1,1,baseline.csv,20260425_204331
20170417-01,2017-04-17,2017,4,17,Mon,13,14,16,35,43,121,2,3,2,baseline.csv,20260425_204331
20170417-02,2017-04-17,2017,4,17,Mon,7,27,35,37,42,148,1,4,1,baseline.csv,20260425_204331
20170418-01,2017-04-18,2017,4,18,Tue,13,23,36,37,44,153,2,3,2,baseline.csv,20260425_204331
20170418-02,2017-04-18,2017,4,18,Tue,6,12,15,17,19,69,2,3,1,baseline.csv,20260425_204331
20170419-01,2017-04-19,2017,4,19,Wed,4,15,18,25,39,101,2,3,1,baseline.csv,20260425_204331
20170419-02,2017-04-19,2017,4,19,Wed,7,25,35,36,42,145,2,3,2,baseline.csv,20260425_204331
20170420-01,2017-04-20,2017,4,20,Thu,11,16,27,34,40,128,3,2,1,baseline.csv,20260425_204331
20170420-02,2017-04-20,2017,4,20,Thu,2,10,19,22,25,78,3,2,1,baseline.csv,20260425_204331
20170421-01,2017-04-21,2017,4,21,Fri,23,27,37,40,41,168,1,4,2,baseline.csv,20260425_204331
20170421-02,2017-04-21,2017,4,21,Fri,5,14,21,40,42,122,3,2,1,baseline.csv,20260425_204331
20170422-01,2017-04-22,2017,4,22,Sat,2,5,28,31,37,103,2,3,1,baseline.csv,20260425_204331
20170422-02,2017-04-22,2017,4,22,Sat,1,3,24,36,39,103,2,3,1,baseline.csv,20260425_204331
20170423-01,2017-04-23,2017,4,23,Sun,1,2,21,22,32,78,3,2,2,baseline.csv,20260425_204331
20170423-02,2017-04-23,2017,4,23,Sun,11,16,20,22,34,103,4,1,1,baseline.csv,20260425_204331
20170424-01,2017-04-24,2017,4,24,Mon,5,11,31,38,40,125,2,3,1,baseline.csv,20260425_204331
20170424-02,2017-04-24,2017,4,24,Mon,7,14,31,32,40,124,3,2,2,baseline.csv,20260425_204331
20170425-01,2017-04-25,2017,4,25,Tue,1,22,26,27,41,117,2,3,2,baseline.csv,20260425_204331
20170425-02,2017-04-25,2017,4,25,Tue,15,32,38,40,45,170,3,2,1,baseline.csv,20260425_204331
20170426-01,2017-04-26,2017,4,26,Wed,8,10,32,38,43,131,4,1,1,baseline.csv,20260425_204331
20170426-02,2017-04-26,2017,4,26,Wed,3,10,12,28,40,93,4,1,1,baseline.csv,20260425_204331
20170427-01,2017-04-27,2017,4,27,Thu,24,37,39,41,45,186,1,4,1,baseline.csv,20260425_204331
20170427-02,2017-04-27,2017,4,27,Thu,2,6,24,28,31,91,4,1,1,baseline.csv,20260425_204331
20170428-01,2017-04-28,2017,4,28,Fri,4,18,26,30,37,115,4,1,1,baseline.csv,20260425_204331
20170428-02,2017-04-28,2017,4,28,Fri,2,5,14,28,44,93,4,1,1,baseline.csv,20260425_204331
20170429-01,2017-04-29,2017,4,29,Sat,5,9,24,40,42,120,3,2,1,baseline.csv,20260425_204331
20170429-02,2017-04-29,2017,4,29,Sat,1,2,12,39,43,97,2,3,2,baseline.csv,20260425_204331
20170430-01,2017-04-30,2017,4,30,Sun,2,4,10,14,33,63,4,1,1,baseline.csv,20260425_204331
20170430-02,2017-04-30,2017,4,30,Sun,10,25,34,38,40,147,4,1,1,baseline.csv,20260425_204331
20170501-01,2017-05-01,2017,5,1,Mon,9,29,35,38,41,152,1,4,1,baseline.csv,20260425_204331
20170501-02,2017-05-01,2017,5,1,Mon,9,28,29,30,39,135,2,3,3,baseline.csv,20260425_204331
20170502-01,2017-05-02,2017,5,2,Tue,6,8,12,27,38,91,4,1,1,baseline.csv,20260425_204331
20170502-02,2017-05-02,2017,5,2,Tue,1,8,16,18,38,81,4,1,1,baseline.csv,20260425_204331
20170503-01,2017-05-03,2017,5,3,Wed,3,9,17,19,25,73,0,5,1,baseline.csv,20260425_204331
20170503-02,2017-05-03,2017,5,3,Wed,2,9,13,16,39,79,2,3,1,baseline.csv,20260425_204331
20170504-01,2017-05-04,2017,5,4,Thu,9,14,34,41,45,143,2,3,1,baseline.csv,20260425_204331
20170504-02,2017-05-04,2017,5,4,Thu,2,21,30,34,41,128,3,2,1,baseline.csv,20260425_204331
20170505-01,2017-05-05,2017,5,5,Fri,5,15,20,24,25,89,2,3,2,baseline.csv,20260425_204331
20170505-02,2017-05-05,2017,5,5,Fri,15,17,24,42,44,142,3,2,1,baseline.csv,20260425_204331
20170506-01,2017-05-06,2017,5,6,Sat,34,35,37,40,45,191,2,3,2,baseline.csv,20260425_204331
20170506-02,2017-05-06,2017,5,6,Sat,3,10,15,22,23,73,2,3,2,baseline.csv,20260425_204331
20170507-01,2017-05-07,2017,5,7,Sun,5,15,18,27,44,109,2,3,1,baseline.csv,20260425_204331
20170507-02,2017-05-07,2017,5,7,Sun,14,32,36,38,42,162,5,0,1,baseline.csv,20260425_204331
20170508-01,2017-05-08,2017,5,8,Mon,2,25,27,34,44,132,3,2,1,baseline.csv,20260425_204331
20170508-02,2017-05-08,2017,5,8,Mon,12,21,26,33,38,130,3,2,1,baseline.csv,20260425_204331
20170509-01,2017-05-09,2017,5,9,Tue,3,6,13,18,34,74,3,2,1,baseline.csv,20260425_204331
20170509-02,2017-05-09,2017,5,9,Tue,2,4,10,16,19,51,4,1,1,baseline.csv,20260425_204331
20170510-01,2017-05-10,2017,5,10,Wed,11,26,27,33,37,134,1,4,2,baseline.csv,20260425_204331
20170510-02,2017-05-10,2017,5,10,Wed,9,16,17,28,34,104,3,2,2,baseline.csv,20260425_204331
20170511-01,2017-05-11,2017,5,11,Thu,13,15,38,39,43,148,1,4,2,baseline.csv,20260425_204331
20170511-02,2017-05-11,2017,5,11,Thu,11,20,27,36,45,139,2,3,1,baseline.csv,20260425_204331
20170512-01,2017-05-12,2017,5,12,Fri,3,18,29,32,33,115,2,3,2,baseline.csv,20260425_204331
20170512-02,2017-05-12,2017,5,12,Fri,1,19,22,23,36,101,2,3,2,baseline.csv,20260425_204331
20170513-01,2017-05-13,2017,5,13,Sat,7,24,33,40,42,146,3,2,1,baseline.csv,20260425_204331
20170513-02,2017-05-13,2017,5,13,Sat,1,2,27,34,36,100,3,2,2,baseline.csv,20260425_204331
20170514-01,2017-05-14,2017,5,14,Sun,18,22,33,39,42,154,3,2,1,baseline.csv,20260425_204331
20170514-02,2017-05-14,2017,5,14,Sun,9,14,29,37,39,128,1,4,1,baseline.csv,20260425_204331
20170515-01,2017-05-15,2017,5,15,Mon,4,21,34,43,44,146,3,2,2,baseline.csv,20260425_204331
20170515-02,2017-05-15,2017,5,15,Mon,10,12,19,43,44,128,3,2,2,baseline.csv,20260425_204331
20170516-01,2017-05-16,2017,5,16,Tue,20,24,31,33,42,150,3,2,1,baseline.csv,20260425_204331
20170516-02,2017-05-16,2017,5,16,Tue,5,8,33,43,44,133,2,3,2,baseline.csv,20260425_204331
20170517-01,2017-05-17,2017,5,17,Wed,1,7,11,25,33,77,0,5,1,baseline.csv,20260425_204331
20170517-02,2017-05-17,2017,5,17,Wed,10,17,21,36,45,129,2,3,1,baseline.csv,20260425_204331
20170518-01,2017-05-18,2017,5,18,Thu,2,5,18,20,39,84,3,2,1,baseline.csv,20260425_204331
20170518-02,2017-05-18,2017,5,18,Thu,12,16,20,21,30,99,4,1,2,baseline.csv,20260425_204331
20170519-01,2017-05-19,2017,5,19,Fri,6,12,20,30,36,104,5,0,1,baseline.csv,20260425_204331
20170519-02,2017-05-19,2017,5,19,Fri,11,21,22,29,32,115,2,3,2,baseline.csv,20260425_204331
20170520-01,2017-05-20,2017,5,20,Sat,8,13,22,23,43,109,2,3,2,baseline.csv,20260425_204331
20170520-02,2017-05-20,2017,5,20,Sat,21,22,27,37,44,151,2,3,2,baseline.csv,20260425_204331
20170521-01,2017-05-21,2017,5,21,Sun,13,15,22,27,43,120,1,4,1,baseline.csv,20260425_204331
20170521-02,2017-05-21,2017,5,21,Sun,2,24,28,35,39,128,3,2,1,baseline.csv,20260425_204331
20170522-01,2017-05-22,2017,5,22,Mon,20,28,34,36,45,163,4,1,1,baseline.csv,20260425_204331
20170522-02,2017-05-22,2017,5,22,Mon,10,14,21,28,42,115,4,1,1,baseline.csv,20260425_204331
20170523-01,2017-05-23,2017,5,23,Tue,1,22,26,35,44,128,3,2,1,baseline.csv,20260425_204331
20170523-02,2017-05-23,2017,5,23,Tue,10,21,34,37,42,144,3,2,1,baseline.csv,20260425_204331
20170524-01,2017-05-24,2017,5,24,Wed,14,19,25,33,45,136,1,4,1,baseline.csv,20260425_204331
20170524-02,2017-05-24,2017,5,24,Wed,7,11,12,19,30,79,2,3,2,baseline.csv,20260425_204331
20170525-01,2017-05-25,2017,5,25,Thu,1,28,30,36,37,132,3,2,2,baseline.csv,20260425_204331
20170525-02,2017-05-25,2017,5,25,Thu,16,17,24,36,40,133,4,1,2,baseline.csv,20260425_204331
20170526-01,2017-05-26,2017,5,26,Fri,15,28,35,36,40,154,3,2,2,baseline.csv,20260425_204331
20170526-02,2017-05-26,2017,5,26,Fri,3,18,32,38,41,132,3,2,1,baseline.csv,20260425_204331
20170527-01,2017-05-27,2017,5,27,Sat,1,6,22,25,30,84,3,2,1,baseline.csv,20260425_204331
20170527-02,2017-05-27,2017,5,27,Sat,20,27,29,33,37,146,1,4,1,baseline.csv,20260425_204331
20170528-01,2017-05-28,2017,5,28,Sun,1,6,7,21,45,80,1,4,2,baseline.csv,20260425_204331
20170528-02,2017-05-28,2017,5,28,Sun,19,30,32,38,44,163,4,1,1,baseline.csv,20260425_204331
20170529-01,2017-05-29,2017,5,29,Mon,20,27,37,39,41,164,1,4,1,baseline.csv,20260425_204331
20170529-02,2017-05-29,2017,5,29,Mon,2,8,11,27,44,92,3,2,1,baseline.csv,20260425_204331
20170530-01,2017-05-30,2017,5,30,Tue,7,13,18,34,42,114,3,2,1,baseline.csv,20260425_204331
20170530-02,2017-05-30,2017,5,30,Tue,15,17,22,30,43,127,2,3,1,baseline.csv,20260425_204331
20170531-01,2017-05-31,2017,5,31,Wed,15,16,19,34,37,121,2,3,2,baseline.csv,20260425_204331
20170531-02,2017-05-31,2017,5,31,Wed,3,5,22,29,35,94,1,4,1,baseline.csv,20260425_204331
20170601-01,2017-06-01,2017,6,1,Thu,9,10,14,16,24,73,4,1,2,baseline.csv,20260425_204331
20170601-02,2017-06-01,2017,6,1,Thu,1,9,18,35,36,99,2,3,2,baseline.csv,20260425_204331
20170602-01,2017-06-02,2017,6,2,Fri,1,3,7,10,12,33,2,3,1,baseline.csv,20260425_204331
20170602-02,2017-06-02,2017,6,2,Fri,8,19,26,27,40,120,3,2,2,baseline.csv,20260425_204331
20170603-01,2017-06-03,2017,6,3,Sat,3,10,12,14,38,77,4,1,1,baseline.csv,20260425_204331
20170603-02,2017-06-03,2017,6,3,Sat,3,4,33,38,39,117,2,3,2,baseline.csv,20260425_204331
20170604-01,2017-06-04,2017,6,4,Sun,2,4,26,42,43,117,4,1,2,baseline.csv,20260425_204331
20170604-02,2017-06-04,2017,6,4,Sun,3,6,18,21,42,90,3,2,1,baseline.csv,20260425_204331
20170605-01,2017-06-05,2017,6,5,Mon,9,20,25,28,30,112,3,2,1,baseline.csv,20260425_204331
20170605-02,2017-06-05,2017,6,5,Mon,18,31,38,41,44,172,3,2,1,baseline.csv,20260425_204331
20170606-01,2017-06-06,2017,6,6,Tue,8,9,22,26,41,106,3,2,2,baseline.csv,20260425_204331
20170606-02,2017-06-06,2017,6,6,Tue,4,5,14,23,44,90,3,2,2,baseline.csv,20260425_204331
20170607-01,2017-06-07,2017,6,7,Wed,4,6,18,21,36,85,4,1,1,baseline.csv,20260425_204331
20170607-02,2017-06-07,2017,6,7,Wed,7,20,21,30,32,110,3,2,2,baseline.csv,20260425_204331
20170608-01,2017-06-08,2017,6,8,Thu,1,2,25,26,37,91,2,3,2,baseline.csv,20260425_204331
20170608-02,2017-06-08,2017,6,8,Thu,16,24,27,32,42,141,4,1,1,baseline.csv,20260425_204331
20170609-01,2017-06-09,2017,6,9,Fri,6,26,27,35,44,138,3,2,2,baseline.csv,20260425_204331
20170609-02,2017-06-09,2017,6,9,Fri,12,15,23,26,44,120,3,2,1,baseline.csv,20260425_204331
20170610-01,2017-06-10,2017,6,10,Sat,10,16,17,25,41,109,2,3,2,baseline.csv,20260425_204331
20170610-02,2017-06-10,2017,6,10,Sat,5,15,38,43,45,146,1,4,1,baseline.csv,20260425_204331
20170611-01,2017-06-11,2017,6,11,Sun,4,11,23,30,36,104,3,2,1,baseline.csv,20260425_204331
20170611-02,2017-06-11,2017,6,11,Sun,7,14,21,23,32,97,2,3,1,baseline.csv,20260425_204331
20170612-01,2017-06-12,2017,6,12,Mon,2,14,15,38,41,110,3,2,2,baseline.csv,20260425_204331
20170612-02,2017-06-12,2017,6,12,Mon,1,3,5,12,30,51,2,3,1,baseline.csv,20260425_204331
20170613-01,2017-06-13,2017,6,13,Tue,18,20,24,30,37,129,4,1,1,baseline.csv,20260425_204331
20170613-02,2017-06-13,2017,6,13,Tue,1,7,8,25,31,72,1,4,2,baseline.csv,20260425_204331
20170614-01,2017-06-14,2017,6,14,Wed,9,24,34,41,44,152,3,2,1,baseline.csv,20260425_204331
20170614-02,2017-06-14,2017,6,14,Wed,5,17,37,39,43,141,0,5,1,baseline.csv,20260425_204331
20170615-01,2017-06-15,2017,6,15,Thu,10,23,26,28,34,121,4,1,1,baseline.csv,20260425_204331
20170615-02,2017-06-15,2017,6,15,Thu,6,7,9,19,22,63,2,3,2,baseline.csv,20260425_204331
20170616-01,2017-06-16,2017,6,16,Fri,12,18,20,21,26,97,4,1,2,baseline.csv,20260425_204331
20170616-02,2017-06-16,2017,6,16,Fri,3,9,21,22,40,95,2,3,2,baseline.csv,20260425_204331
20170617-01,2017-06-17,2017,6,17,Sat,2,3,13,24,43,85,2,3,2,baseline.csv,20260425_204331
20170617-02,2017-06-17,2017,6,17,Sat,9,11,22,25,27,94,1,4,1,baseline.csv,20260425_204331
20170618-01,2017-06-18,2017,6,18,Sun,7,13,14,26,43,103,2,3,2,baseline.csv,20260425_204331
20170618-02,2017-06-18,2017,6,18,Sun,18,25,29,41,45,158,1,4,1,baseline.csv,20260425_204331
20170619-01,2017-06-19,2017,6,19,Mon,8,12,22,28,29,99,4,1,2,baseline.csv,20260425_204331
20170619-02,2017-06-19,2017,6,19,Mon,9,16,30,35,42,132,3,2,1,baseline.csv,20260425_204331
20170620-01,2017-06-20,2017,6,20,Tue,4,7,27,32,33,103,2,3,2,baseline.csv,20260425_204331
20170620-02,2017-06-20,2017,6,20,Tue,18,24,28,40,44,154,5,0,1,baseline.csv,20260425_204331
20170621-01,2017-06-21,2017,6,21,Wed,13,23,36,37,43,152,1,4,2,baseline.csv,20260425_204331
20170621-02,2017-06-21,2017,6,21,Wed,2,8,13,23,40,86,3,2,1,baseline.csv,20260425_204331
20170622-01,2017-06-22,2017,6,22,Thu,12,14,17,18,33,94,3,2,2,baseline.csv,20260425_204331
20170622-02,2017-06-22,2017,6,22,Thu,2,10,12,18,31,73,4,1,1,baseline.csv,20260425_204331
20170623-01,2017-06-23,2017,6,23,Fri,6,9,22,33,34,104,3,2,2,baseline.csv,20260425_204331
20170623-02,2017-06-23,2017,6,23,Fri,15,19,23,28,32,117,2,3,1,baseline.csv,20260425_204331
20170624-01,2017-06-24,2017,6,24,Sat,9,20,22,24,38,113,4,1,1,baseline.csv,20260425_204331
20170624-02,2017-06-24,2017,6,24,Sat,4,20,31,37,42,134,3,2,1,baseline.csv,20260425_204331
20170625-01,2017-06-25,2017,6,25,Sun,1,4,10,20,30,65,4,1,1,baseline.csv,20260425_204331
20170625-02,2017-06-25,2017,6,25,Sun,4,12,14,15,17,62,3,2,2,baseline.csv,20260425_204331
20170626-01,2017-06-26,2017,6,26,Mon,13,17,27,43,45,145,0,5,1,baseline.csv,20260425_204331
20170626-02,2017-06-26,2017,6,26,Mon,1,4,38,39,44,126,3,2,2,baseline.csv,20260425_204331
20170627-01,2017-06-27,2017,6,27,Tue,7,13,18,26,32,96,3,2,1,baseline.csv,20260425_204331
20170627-02,2017-06-27,2017,6,27,Tue,13,28,30,31,33,135,2,3,2,baseline.csv,20260425_204331
20170628-01,2017-06-28,2017,6,28,Wed,14,19,22,36,43,134,3,2,1,baseline.csv,20260425_204331
20170628-02,2017-06-28,2017,6,28,Wed,2,5,11,28,33,79,2,3,1,baseline.csv,20260425_204331
20170629-01,2017-06-29,2017,6,29,Thu,1,2,39,40,43,125,2,3,2,baseline.csv,20260425_204331
20170629-02,2017-06-29,2017,6,29,Thu,3,16,22,28,31,100,3,2,1,baseline.csv,20260425_204331
20170630-01,2017-06-30,2017,6,30,Fri,12,26,38,40,44,160,5,0,1,baseline.csv,20260425_204331
20170630-02,2017-06-30,2017,6,30,Fri,7,12,33,42,43,137,2,3,2,baseline.csv,20260425_204331
20170701-01,2017-07-01,2017,7,1,Sat,26,28,30,37,40,161,4,1,1,baseline.csv,20260425_204331
20170701-02,2017-07-01,2017,7,1,Sat,4,6,16,41,42,109,4,1,2,baseline.csv,20260425_204331
20170702-01,2017-07-02,2017,7,2,Sun,4,6,28,33,36,107,4,1,1,baseline.csv,20260425_204331
20170702-02,2017-07-02,2017,7,2,Sun,4,14,23,24,29,94,3,2,2,baseline.csv,20260425_204331
20170703-01,2017-07-03,2017,7,3,Mon,10,21,34,35,44,144,3,2,2,baseline.csv,20260425_204331
20170703-02,2017-07-03,2017,7,3,Mon,2,5,13,28,45,93,2,3,1,baseline.csv,20260425_204331
20170704-01,2017-07-04,2017,7,4,Tue,2,13,22,26,40,103,4,1,1,baseline.csv,20260425_204331
20170704-02,2017-07-04,2017,7,4,Tue,2,5,9,10,16,42,3,2,2,baseline.csv,20260425_204331
20170705-01,2017-07-05,2017,7,5,Wed,11,15,21,28,30,105,2,3,1,baseline.csv,20260425_204331
20170705-02,2017-07-05,2017,7,5,Wed,5,10,12,16,26,69,4,1,1,baseline.csv,20260425_204331
20170706-01,2017-07-06,2017,7,6,Thu,12,16,20,28,32,108,5,0,1,baseline.csv,20260425_204331
20170706-02,2017-07-06,2017,7,6,Thu,3,8,25,34,39,109,2,3,1,baseline.csv,20260425_204331
20170707-01,2017-07-07,2017,7,7,Fri,14,15,29,36,42,136,3,2,2,baseline.csv,20260425_204331
20170707-02,2017-07-07,2017,7,7,Fri,11,24,27,30,37,129,2,3,1,baseline.csv,20260425_204331
20170708-01,2017-07-08,2017,7,8,Sat,4,11,26,27,28,96,3,2,3,baseline.csv,20260425_204331
20170708-02,2017-07-08,2017,7,8,Sat,1,9,29,36,41,116,1,4,1,baseline.csv,20260425_204331
20170709-01,2017-07-09,2017,7,9,Sun,6,11,16,20,28,81,4,1,1,baseline.csv,20260425_204331
20170709-02,2017-07-09,2017,7,9,Sun,2,11,25,31,38,107,2,3,1,baseline.csv,20260425_204331
20170710-01,2017-07-10,2017,7,10,Mon,3,8,12,21,24,68,3,2,1,baseline.csv,20260425_204331
20170710-02,2017-07-10,2017,7,10,Mon,2,17,25,40,43,127,2,3,1,baseline.csv,20260425_204331
20170711-01,2017-07-11,2017,7,11,Tue,5,21,28,37,38,129,2,3,2,baseline.csv,20260425_204331
20170711-02,2017-07-11,2017,7,11,Tue,2,3,16,21,28,70,3,2,2,baseline.csv,20260425_204331
20170712-01,2017-07-12,2017,7,12,Wed,15,18,23,25,32,113,2,3,1,baseline.csv,20260425_204331
20170712-02,2017-07-12,2017,7,12,Wed,6,7,12,27,41,93,2,3,2,baseline.csv,20260425_204331
20170713-01,2017-07-13,2017,7,13,Thu,6,7,13,16,41,83,2,3,2,baseline.csv,20260425_204331
20170713-02,2017-07-13,2017,7,13,Thu,12,23,30,32,40,137,4,1,1,baseline.csv,20260425_204331
20170714-01,2017-07-14,2017,7,14,Fri,5,10,23,29,32,99,2,3,1,baseline.csv,20260425_204331
20170714-02,2017-07-14,2017,7,14,Fri,1,24,38,42,45,150,3,2,1,baseline.csv,20260425_204331
20170715-01,2017-07-15,2017,7,15,Sat,14,23,25,26,44,132,3,2,2,baseline.csv,20260425_204331
20170715-02,2017-07-15,2017,7,15,Sat,7,11,19,27,32,96,1,4,1,baseline.csv,20260425_204331
20170716-01,2017-07-16,2017,7,16,Sun,17,24,27,32,33,133,2,3,2,baseline.csv,20260425_204331
20170716-02,2017-07-16,2017,7,16,Sun,4,8,9,18,40,79,4,1,2,baseline.csv,20260425_204331
20170717-01,2017-07-17,2017,7,17,Mon,16,18,20,34,35,123,4,1,2,baseline.csv,20260425_204331
20170717-02,2017-07-17,2017,7,17,Mon,1,14,15,25,43,98,1,4,2,baseline.csv,20260425_204331
20170718-01,2017-07-18,2017,7,18,Tue,15,22,27,37,45,146,1,4,1,baseline.csv,20260425_204331
20170718-02,2017-07-18,2017,7,18,Tue,2,13,16,26,33,90,3,2,1,baseline.csv,20260425_204331
20170719-01,2017-07-19,2017,7,19,Wed,3,4,20,29,40,96,3,2,2,baseline.csv,20260425_204331
20170719-02,2017-07-19,2017,7,19,Wed,5,15,20,25,43,108,1,4,1,baseline.csv,20260425_204331
20170720-01,2017-07-20,2017,7,20,Thu,8,22,30,35,36,131,4,1,2,baseline.csv,20260425_204331
20170720-02,2017-07-20,2017,7,20,Thu,24,28,29,30,44,155,4,1,3,baseline.csv,20260425_204331
20170721-01,2017-07-21,2017,7,21,Fri,6,9,13,30,33,91,2,3,1,baseline.csv,20260425_204331
20170721-02,2017-07-21,2017,7,21,Fri,10,18,24,33,34,119,4,1,2,baseline.csv,20260425_204331
20170722-01,2017-07-22,2017,7,22,Sat,9,16,17,25,39,106,1,4,2,baseline.csv,20260425_204331
20170722-02,2017-07-22,2017,7,22,Sat,13,22,27,37,45,144,1,4,1,baseline.csv,20260425_204331
20170723-01,2017-07-23,2017,7,23,Sun,2,9,10,21,41,83,2,3,2,baseline.csv,20260425_204331
20170723-02,2017-07-23,2017,7,23,Sun,1,8,16,42,44,111,4,1,1,baseline.csv,20260425_204331
20170724-01,2017-07-24,2017,7,24,Mon,15,17,30,44,45,151,2,3,2,baseline.csv,20260425_204331
20170724-02,2017-07-24,2017,7,24,Mon,7,22,23,33,40,125,2,3,2,baseline.csv,20260425_204331
20170725-01,2017-07-25,2017,7,25,Tue,3,10,32,33,37,115,2,3,2,baseline.csv,20260425_204331
20170725-02,2017-07-25,2017,7,25,Tue,4,13,24,26,45,112,3,2,1,baseline.csv,20260425_204331
20170726-01,2017-07-26,2017,7,26,Wed,12,16,22,35,37,122,3,2,1,baseline.csv,20260425_204331
20170726-02,2017-07-26,2017,7,26,Wed,3,9,11,13,31,67,0,5,1,baseline.csv,20260425_204331
20170727-01,2017-07-27,2017,7,27,Thu,5,7,17,24,42,95,2,3,1,baseline.csv,20260425_204331
20170727-02,2017-07-27,2017,7,27,Thu,2,4,18,24,34,82,5,0,1,baseline.csv,20260425_204331
20170728-01,2017-07-28,2017,7,28,Fri,7,13,41,43,44,148,1,4,2,baseline.csv,20260425_204331
20170728-02,2017-07-28,2017,7,28,Fri,7,14,35,38,41,135,2,3,1,baseline.csv,20260425_204331
20170729-01,2017-07-29,2017,7,29,Sat,1,7,26,29,42,105,2,3,1,baseline.csv,20260425_204331
20170729-02,2017-07-29,2017,7,29,Sat,7,20,24,27,39,117,2,3,1,baseline.csv,20260425_204331
20170730-01,2017-07-30,2017,7,30,Sun,11,21,27,35,36,130,1,4,2,baseline.csv,20260425_204331
20170730-02,2017-07-30,2017,7,30,Sun,1,30,34,35,43,143,2,3,2,baseline.csv,20260425_204331
20170731-01,2017-07-31,2017,7,31,Mon,4,15,30,35,38,122,3,2,1,baseline.csv,20260425_204331
20170731-02,2017-07-31,2017,7,31,Mon,1,3,6,7,32,49,2,3,2,baseline.csv,20260425_204331
20170801-01,2017-08-01,2017,8,1,Tue,19,27,31,42,44,163,2,3,1,baseline.csv,20260425_204331
20170801-02,2017-08-01,2017,8,1,Tue,21,28,31,32,39,151,2,3,2,baseline.csv,20260425_204331
20170802-01,2017-08-02,2017,8,2,Wed,16,19,25,30,32,122,3,2,1,baseline.csv,20260425_204331
20170802-02,2017-08-02,2017,8,2,Wed,14,17,22,28,34,115,4,1,1,baseline.csv,20260425_204331
20170803-01,2017-08-03,2017,8,3,Thu,7,9,19,35,41,111,0,5,1,baseline.csv,20260425_204331
20170803-02,2017-08-03,2017,8,3,Thu,6,15,18,24,28,91,4,1,1,baseline.csv,20260425_204331
20170804-01,2017-08-04,2017,8,4,Fri,8,22,27,28,39,124,3,2,2,baseline.csv,20260425_204331
20170804-02,2017-08-04,2017,8,4,Fri,3,7,10,14,17,51,2,3,1,baseline.csv,20260425_204331
20170805-01,2017-08-05,2017,8,5,Sat,2,13,24,30,34,103,4,1,1,baseline.csv,20260425_204331
20170805-02,2017-08-05,2017,8,5,Sat,7,22,27,29,34,119,2,3,1,baseline.csv,20260425_204331
20170806-01,2017-08-06,2017,8,6,Sun,8,17,21,26,31,103,2,3,1,baseline.csv,20260425_204331
20170806-02,2017-08-06,2017,8,6,Sun,10,14,26,29,41,120,3,2,1,baseline.csv,20260425_204331
20170807-01,2017-08-07,2017,8,7,Mon,4,7,32,39,42,124,3,2,1,baseline.csv,20260425_204331
20170807-02,2017-08-07,2017,8,7,Mon,7,24,35,43,45,154,1,4,1,baseline.csv,20260425_204331
20170808-01,2017-08-08,2017,8,8,Tue,26,27,30,32,35,150,3,2,2,baseline.csv,20260425_204331
20170808-02,2017-08-08,2017,8,8,Tue,7,21,22,25,29,104,1,4,2,baseline.csv,20260425_204331
20170809-01,2017-08-09,2017,8,9,Wed,6,10,27,28,29,100,3,2,3,baseline.csv,20260425_204331
20170809-02,2017-08-09,2017,8,9,Wed,9,16,38,42,45,150,3,2,1,baseline.csv,20260425_204331
20170810-01,2017-08-10,2017,8,10,Thu,6,13,26,39,41,125,2,3,1,baseline.csv,20260425_204331
20170810-02,2017-08-10,2017,8,10,Thu,5,8,10,39,43,105,2,3,1,baseline.csv,20260425_204331
20170811-01,2017-08-11,2017,8,11,Fri,17,26,27,30,36,136,3,2,2,baseline.csv,20260425_204331
20170811-02,2017-08-11,2017,8,11,Fri,8,10,31,42,43,134,3,2,2,baseline.csv,20260425_204331
20170812-01,2017-08-12,2017,8,12,Sat,18,19,22,42,43,144,3,2,2,baseline.csv,20260425_204331
20170812-02,2017-08-12,2017,8,12,Sat,12,19,31,36,42,140,3,2,1,baseline.csv,20260425_204331
20170813-01,2017-08-13,2017,8,13,Sun,6,16,19,35,36,112,3,2,2,baseline.csv,20260425_204331
20170813-02,2017-08-13,2017,8,13,Sun,9,20,28,33,36,126,3,2,1,baseline.csv,20260425_204331
20170814-01,2017-08-14,2017,8,14,Mon,17,20,26,28,45,136,3,2,1,baseline.csv,20260425_204331
20170814-02,2017-08-14,2017,8,14,Mon,14,27,29,33,38,141,2,3,1,baseline.csv,20260425_204331
20170815-01,2017-08-15,2017,8,15,Tue,5,11,21,32,44,113,2,3,1,baseline.csv,20260425_204331
20170815-02,2017-08-15,2017,8,15,Tue,7,14,19,24,40,104,3,2,1,baseline.csv,20260425_204331
20170816-01,2017-08-16,2017,8,16,Wed,5,12,17,29,39,102,1,4,1,baseline.csv,20260425_204331
20170816-02,2017-08-16,2017,8,16,Wed,7,17,19,30,36,109,2,3,1,baseline.csv,20260425_204331
20170817-01,2017-08-17,2017,8,17,Thu,7,14,21,26,30,98,3,2,1,baseline.csv,20260425_204331
20170817-02,2017-08-17,2017,8,17,Thu,6,8,10,23,26,73,4,1,1,baseline.csv,20260425_204331
20170818-01,2017-08-18,2017,8,18,Fri,15,29,36,41,42,163,2,3,2,baseline.csv,20260425_204331
20170818-02,2017-08-18,2017,8,18,Fri,9,10,31,41,44,135,2,3,2,baseline.csv,20260425_204331
20170819-01,2017-08-19,2017,8,19,Sat,16,25,29,44,45,159,2,3,2,baseline.csv,20260425_204331
20170819-02,2017-08-19,2017,8,19,Sat,8,20,31,36,40,135,4,1,1,baseline.csv,20260425_204331
20170820-01,2017-08-20,2017,8,20,Sun,1,14,28,29,43,115,2,3,2,baseline.csv,20260425_204331
20170820-02,2017-08-20,2017,8,20,Sun,20,29,32,33,45,159,2,3,2,baseline.csv,20260425_204331
20170821-01,2017-08-21,2017,8,21,Mon,12,14,16,25,40,107,4,1,1,baseline.csv,20260425_204331
20170821-02,2017-08-21,2017,8,21,Mon,5,14,22,23,25,89,2,3,2,baseline.csv,20260425_204331
20170822-01,2017-08-22,2017,8,22,Tue,7,17,22,26,42,114,3,2,1,baseline.csv,20260425_204331
20170822-02,2017-08-22,2017,8,22,Tue,1,8,16,17,22,64,3,2,2,baseline.csv,20260425_204331
20170823-01,2017-08-23,2017,8,23,Wed,2,6,26,37,40,111,4,1,1,baseline.csv,20260425_204331
20170823-02,2017-08-23,2017,8,23,Wed,1,18,25,38,41,123,2,3,1,baseline.csv,20260425_204331
20170824-01,2017-08-24,2017,8,24,Thu,2,4,9,13,26,54,3,2,1,baseline.csv,20260425_204331
20170824-02,2017-08-24,2017,8,24,Thu,6,25,34,38,41,144,3,2,1,baseline.csv,20260425_204331
20170825-01,2017-08-25,2017,8,25,Fri,13,15,31,32,41,132,1,4,2,baseline.csv,20260425_204331
20170825-02,2017-08-25,2017,8,25,Fri,17,25,27,38,43,150,1,4,1,baseline.csv,20260425_204331
20170826-01,2017-08-26,2017,8,26,Sat,8,10,11,21,36,86,3,2,2,baseline.csv,20260425_204331
20170826-02,2017-08-26,2017,8,26,Sat,9,13,23,32,40,117,2,3,1,baseline.csv,20260425_204331
20170827-01,2017-08-27,2017,8,27,Sun,1,15,24,26,39,105,2,3,1,baseline.csv,20260425_204331
20170827-02,2017-08-27,2017,8,27,Sun,2,12,34,35,45,128,3,2,2,baseline.csv,20260425_204331
20170828-01,2017-08-28,2017,8,28,Mon,6,11,21,26,29,93,2,3,1,baseline.csv,20260425_204331
20170828-02,2017-08-28,2017,8,28,Mon,1,12,22,38,40,113,4,1,1,baseline.csv,20260425_204331
20170829-01,2017-08-29,2017,8,29,Tue,7,12,13,31,40,103,2,3,2,baseline.csv,20260425_204331
20170829-02,2017-08-29,2017,8,29,Tue,3,4,12,13,29,61,2,3,2,baseline.csv,20260425_204331
20170830-01,2017-08-30,2017,8,30,Wed,11,25,29,44,45,154,1,4,2,baseline.csv,20260425_204331
20170830-02,2017-08-30,2017,8,30,Wed,3,21,22,26,44,116,3,2,2,baseline.csv,20260425_204331
20170831-01,2017-08-31,2017,8,31,Thu,2,9,11,31,38,91,2,3,1,baseline.csv,20260425_204331
20170831-02,2017-08-31,2017,8,31,Thu,9,18,21,23,37,108,1,4,1,baseline.csv,20260425_204331
20170901-01,2017-09-01,2017,9,1,Fri,18,26,29,31,45,149,2,3,1,baseline.csv,20260425_204331
20170901-02,2017-09-01,2017,9,1,Fri,12,15,19,25,35,106,1,4,1,baseline.csv,20260425_204331
20170902-01,2017-09-02,2017,9,2,Sat,12,15,21,38,45,131,2,3,1,baseline.csv,20260425_204331
20170902-02,2017-09-02,2017,9,2,Sat,1,3,11,23,39,77,0,5,1,baseline.csv,20260425_204331
20170903-01,2017-09-03,2017,9,3,Sun,9,24,32,37,40,142,3,2,1,baseline.csv,20260425_204331
20170903-02,2017-09-03,2017,9,3,Sun,3,11,14,22,31,81,2,3,1,baseline.csv,20260425_204331
20170904-01,2017-09-04,2017,9,4,Mon,11,17,19,24,35,106,1,4,1,baseline.csv,20260425_204331
20170904-02,2017-09-04,2017,9,4,Mon,3,6,9,10,45,73,2,3,2,baseline.csv,20260425_204331
20170905-01,2017-09-05,2017,9,5,Tue,16,24,26,30,44,140,5,0,1,baseline.csv,20260425_204331
20170905-02,2017-09-05,2017,9,5,Tue,16,20,34,36,42,148,5,0,1,baseline.csv,20260425_204331
20170906-01,2017-09-06,2017,9,6,Wed,8,13,19,38,45,123,2,3,1,baseline.csv,20260425_204331
20170906-02,2017-09-06,2017,9,6,Wed,2,15,33,39,43,132,1,4,1,baseline.csv,20260425_204331
20170907-01,2017-09-07,2017,9,7,Thu,22,25,37,39,42,165,2,3,1,baseline.csv,20260425_204331
20170907-02,2017-09-07,2017,9,7,Thu,6,14,16,35,45,116,3,2,1,baseline.csv,20260425_204331
20170908-01,2017-09-08,2017,9,8,Fri,3,4,9,16,28,60,3,2,2,baseline.csv,20260425_204331
20170908-02,2017-09-08,2017,9,8,Fri,8,13,16,24,42,103,4,1,1,baseline.csv,20260425_204331
20170909-01,2017-09-09,2017,9,9,Sat,1,5,19,36,41,102,1,4,1,baseline.csv,20260425_204331
20170909-02,2017-09-09,2017,9,9,Sat,1,17,18,24,29,89,2,3,2,baseline.csv,20260425_204331
20170910-01,2017-09-10,2017,9,10,Sun,7,9,14,21,27,78,1,4,1,baseline.csv,20260425_204331
20170910-02,2017-09-10,2017,9,10,Sun,12,13,38,41,45,149,2,3,2,baseline.csv,20260425_204331
20170911-01,2017-09-11,2017,9,11,Mon,25,29,32,33,41,160,1,4,2,baseline.csv,20260425_204331
20170911-02,2017-09-11,2017,9,11,Mon,5,8,28,35,41,117,2,3,1,baseline.csv,20260425_204331
20170912-01,2017-09-12,2017,9,12,Tue,7,9,16,22,41,95,2,3,1,baseline.csv,20260425_204331
20170912-02,2017-09-12,2017,9,12,Tue,7,22,37,38,42,146,3,2,2,baseline.csv,20260425_204331
20170913-01,2017-09-13,2017,9,13,Wed,4,27,34,39,43,147,2,3,1,baseline.csv,20260425_204331
20170913-02,2017-09-13,2017,9,13,Wed,9,27,37,38,40,151,2,3,2,baseline.csv,20260425_204331
20170914-01,2017-09-14,2017,9,14,Thu,2,18,27,29,32,108,3,2,1,baseline.csv,20260425_204331
20170914-02,2017-09-14,2017,9,14,Thu,1,6,8,20,29,64,3,2,1,baseline.csv,20260425_204331
20170915-01,2017-09-15,2017,9,15,Fri,23,24,26,32,36,141,4,1,2,baseline.csv,20260425_204331
20170915-02,2017-09-15,2017,9,15,Fri,2,3,12,21,24,62,3,2,2,baseline.csv,20260425_204331
20170916-01,2017-09-16,2017,9,16,Sat,7,13,22,34,41,117,2,3,1,baseline.csv,20260425_204331
20170916-02,2017-09-16,2017,9,16,Sat,4,11,22,25,34,96,3,2,1,baseline.csv,20260425_204331
20170917-01,2017-09-17,2017,9,17,Sun,6,13,19,36,44,118,3,2,1,baseline.csv,20260425_204331
20170917-02,2017-09-17,2017,9,17,Sun,3,9,11,17,44,84,1,4,1,baseline.csv,20260425_204331
20170918-01,2017-09-18,2017,9,18,Mon,16,17,19,23,28,103,2,3,2,baseline.csv,20260425_204331
20170918-02,2017-09-18,2017,9,18,Mon,2,4,13,23,43,85,2,3,1,baseline.csv,20260425_204331
20170919-01,2017-09-19,2017,9,19,Tue,8,9,21,44,45,127,2,3,2,baseline.csv,20260425_204331
20170919-02,2017-09-19,2017,9,19,Tue,19,21,30,32,42,144,3,2,1,baseline.csv,20260425_204331
20170920-01,2017-09-20,2017,9,20,Wed,11,17,22,39,44,133,2,3,1,baseline.csv,20260425_204331
20170920-02,2017-09-20,2017,9,20,Wed,9,13,15,26,36,99,2,3,1,baseline.csv,20260425_204331
20170921-01,2017-09-21,2017,9,21,Thu,6,9,22,23,31,91,2,3,2,baseline.csv,20260425_204331
20170921-02,2017-09-21,2017,9,21,Thu,7,11,15,23,45,101,0,5,1,baseline.csv,20260425_204331
20170922-01,2017-09-22,2017,9,22,Fri,3,16,18,37,38,112,3,2,2,baseline.csv,20260425_204331
20170922-02,2017-09-22,2017,9,22,Fri,2,9,24,33,40,108,3,2,1,baseline.csv,20260425_204331
20170923-01,2017-09-23,2017,9,23,Sat,2,18,22,35,41,118,3,2,1,baseline.csv,20260425_204331
20170923-02,2017-09-23,2017,9,23,Sat,8,20,23,39,40,130,3,2,2,baseline.csv,20260425_204331
20170924-01,2017-09-24,2017,9,24,Sun,1,11,12,13,31,68,1,4,3,baseline.csv,20260425_204331
20170924-02,2017-09-24,2017,9,24,Sun,9,10,15,17,26,77,2,3,2,baseline.csv,20260425_204331
20170925-01,2017-09-25,2017,9,25,Mon,2,14,15,22,31,84,3,2,2,baseline.csv,20260425_204331
20170925-02,2017-09-25,2017,9,25,Mon,12,14,21,23,43,113,2,3,1,baseline.csv,20260425_204331
20170926-01,2017-09-26,2017,9,26,Tue,20,24,25,34,40,143,4,1,2,baseline.csv,20260425_204331
20170926-02,2017-09-26,2017,9,26,Tue,7,17,25,26,30,105,2,3,2,baseline.csv,20260425_204331
20170927-01,2017-09-27,2017,9,27,Wed,3,18,21,22,26,90,3,2,2,baseline.csv,20260425_204331
20170927-02,2017-09-27,2017,9,27,Wed,9,10,22,25,26,92,3,2,2,baseline.csv,20260425_204331
20170928-01,2017-09-28,2017,9,28,Thu,2,11,17,38,42,110,3,2,1,baseline.csv,20260425_204331
20170928-02,2017-09-28,2017,9,28,Thu,7,13,23,35,39,117,0,5,1,baseline.csv,20260425_204331
20170929-01,2017-09-29,2017,9,29,Fri,3,10,34,42,43,132,3,2,2,baseline.csv,20260425_204331
20170929-02,2017-09-29,2017,9,29,Fri,17,22,38,40,45,162,3,2,1,baseline.csv,20260425_204331
20170930-01,2017-09-30,2017,9,30,Sat,2,26,35,40,43,146,3,2,1,baseline.csv,20260425_204331
20170930-02,2017-09-30,2017,9,30,Sat,7,10,18,28,30,93,4,1,1,baseline.csv,20260425_204331
20171001-01,2017-10-01,2017,10,1,Sun,2,25,33,39,43,142,1,4,1,baseline.csv,20260425_204331
20171001-02,2017-10-01,2017,10,1,Sun,3,17,19,26,32,97,2,3,1,baseline.csv,20260425_204331
20171002-01,2017-10-02,2017,10,2,Mon,3,30,33,40,41,147,2,3,2,baseline.csv,20260425_204331
20171002-02,2017-10-02,2017,10,2,Mon,15,20,27,29,45,136,1,4,1,baseline.csv,20260425_204331
20171003-01,2017-10-03,2017,10,3,Tue,1,8,27,32,42,110,3,2,1,baseline.csv,20260425_204331
20171003-02,2017-10-03,2017,10,3,Tue,3,7,11,25,45,91,0,5,1,baseline.csv,20260425_204331
20171004-01,2017-10-04,2017,10,4,Wed,10,14,29,39,45,137,2,3,1,baseline.csv,20260425_204331
20171004-02,2017-10-04,2017,10,4,Wed,2,3,11,28,32,76,3,2,2,baseline.csv,20260425_204331
20171005-01,2017-10-05,2017,10,5,Thu,6,13,22,31,37,109,2,3,1,baseline.csv,20260425_204331
20171005-02,2017-10-05,2017,10,5,Thu,23,26,29,39,41,158,1,4,1,baseline.csv,20260425_204331
20171006-01,2017-10-06,2017,10,6,Fri,5,8,32,35,42,122,3,2,1,baseline.csv,20260425_204331
20171006-02,2017-10-06,2017,10,6,Fri,1,9,10,31,44,95,2,3,2,baseline.csv,20260425_204331
20171007-01,2017-10-07,2017,10,7,Sat,7,14,27,28,45,121,2,3,2,baseline.csv,20260425_204331
20171007-02,2017-10-07,2017,10,7,Sat,8,15,25,31,41,120,1,4,1,baseline.csv,20260425_204331
20171008-01,2017-10-08,2017,10,8,Sun,5,17,25,32,45,124,1,4,1,baseline.csv,20260425_204331
20171008-02,2017-10-08,2017,10,8,Sun,3,20,25,36,42,126,3,2,1,baseline.csv,20260425_204331
20171009-01,2017-10-09,2017,10,9,Mon,5,15,22,24,27,93,2,3,1,baseline.csv,20260425_204331
20171009-02,2017-10-09,2017,10,9,Mon,16,19,26,32,45,138,3,2,1,baseline.csv,20260425_204331
20171010-01,2017-10-10,2017,10,10,Tue,13,16,30,33,36,128,3,2,1,baseline.csv,20260425_204331
20171010-02,2017-10-10,2017,10,10,Tue,9,17,34,37,42,139,2,3,1,baseline.csv,20260425_204331
20171011-01,2017-10-11,2017,10,11,Wed,11,14,27,32,39,123,2,3,1,baseline.csv,20260425_204331
20171011-02,2017-10-11,2017,10,11,Wed,6,7,10,25,32,80,3,2,2,baseline.csv,20260425_204331
20171012-01,2017-10-12,2017,10,12,Thu,11,19,20,26,45,121,2,3,2,baseline.csv,20260425_204331
20171012-02,2017-10-12,2017,10,12,Thu,3,10,27,33,36,109,2,3,1,baseline.csv,20260425_204331
20171013-01,2017-10-13,2017,10,13,Fri,2,29,32,41,44,148,3,2,1,baseline.csv,20260425_204331
20171013-02,2017-10-13,2017,10,13,Fri,1,8,31,38,41,119,2,3,1,baseline.csv,20260425_204331
20171014-01,2017-10-14,2017,10,14,Sat,18,20,21,28,33,120,3,2,2,baseline.csv,20260425_204331
20171014-02,2017-10-14,2017,10,14,Sat,2,6,12,18,20,58,5,0,1,baseline.csv,20260425_204331
20171015-01,2017-10-15,2017,10,15,Sun,1,2,5,11,25,44,1,4,2,baseline.csv,20260425_204331
20171015-02,2017-10-15,2017,10,15,Sun,11,22,40,43,44,160,3,2,2,baseline.csv,20260425_204331
20171016-01,2017-10-16,2017,10,16,Mon,12,16,33,34,40,135,4,1,2,baseline.csv,20260425_204331
20171016-02,2017-10-16,2017,10,16,Mon,3,26,30,35,45,139,2,3,1,baseline.csv,20260425_204331
20171017-01,2017-10-17,2017,10,17,Tue,8,12,19,34,44,117,4,1,1,baseline.csv,20260425_204331
20171017-02,2017-10-17,2017,10,17,Tue,2,25,31,33,34,125,2,3,2,baseline.csv,20260425_204331
20171018-01,2017-10-18,2017,10,18,Wed,7,9,10,12,17,55,2,3,2,baseline.csv,20260425_204331
20171018-02,2017-10-18,2017,10,18,Wed,6,10,18,43,44,121,4,1,2,baseline.csv,20260425_204331
20171019-01,2017-10-19,2017,10,19,Thu,11,12,14,25,35,97,2,3,2,baseline.csv,20260425_204331
20171019-02,2017-10-19,2017,10,19,Thu,3,7,10,25,44,89,2,3,1,baseline.csv,20260425_204331
20171020-01,2017-10-20,2017,10,20,Fri,3,15,22,25,32,97,2,3,1,baseline.csv,20260425_204331
20171020-02,2017-10-20,2017,10,20,Fri,10,20,32,33,36,131,4,1,2,baseline.csv,20260425_204331
20171021-01,2017-10-21,2017,10,21,Sat,5,31,34,41,43,154,1,4,1,baseline.csv,20260425_204331
20171021-02,2017-10-21,2017,10,21,Sat,2,12,14,33,38,99,4,1,1,baseline.csv,20260425_204331
20171022-01,2017-10-22,2017,10,22,Sun,13,22,27,32,37,131,2,3,1,baseline.csv,20260425_204331
20171022-02,2017-10-22,2017,10,22,Sun,6,8,20,27,32,93,4,1,1,baseline.csv,20260425_204331
20171023-01,2017-10-23,2017,10,23,Mon,2,19,20,28,34,103,4,1,2,baseline.csv,20260425_204331
20171023-02,2017-10-23,2017,10,23,Mon,4,6,14,15,30,69,4,1,2,baseline.csv,20260425_204331
20171024-01,2017-10-24,2017,10,24,Tue,2,9,18,24,27,80,3,2,1,baseline.csv,20260425_204331
20171024-02,2017-10-24,2017,10,24,Tue,17,28,34,39,45,163,2,3,1,baseline.csv,20260425_204331
20171025-01,2017-10-25,2017,10,25,Wed,7,35,36,39,43,160,1,4,2,baseline.csv,20260425_204331
20171025-02,2017-10-25,2017,10,25,Wed,8,23,37,39,44,151,2,3,1,baseline.csv,20260425_204331
20171026-01,2017-10-26,2017,10,26,Thu,3,12,15,20,21,71,2,3,2,baseline.csv,20260425_204331
20171026-02,2017-10-26,2017,10,26,Thu,15,24,35,38,40,152,3,2,1,baseline.csv,20260425_204331
20171027-01,2017-10-27,2017,10,27,Fri,2,9,18,25,39,93,2,3,1,baseline.csv,20260425_204331
20171027-02,2017-10-27,2017,10,27,Fri,20,33,34,37,43,167,2,3,2,baseline.csv,20260425_204331
20171028-01,2017-10-28,2017,10,28,Sat,5,13,18,19,27,82,1,4,2,baseline.csv,20260425_204331
20171028-02,2017-10-28,2017,10,28,Sat,2,12,17,19,44,94,3,2,1,baseline.csv,20260425_204331
20171029-01,2017-10-29,2017,10,29,Sun,2,4,16,19,26,67,4,1,1,baseline.csv,20260425_204331
20171029-02,2017-10-29,2017,10,29,Sun,4,11,23,41,42,121,2,3,2,baseline.csv,20260425_204331
20171030-01,2017-10-30,2017,10,30,Mon,5,20,22,26,28,101,4,1,1,baseline.csv,20260425_204331
20171030-02,2017-10-30,2017,10,30,Mon,14,16,27,30,45,132,3,2,1,baseline.csv,20260425_204331
20171031-01,2017-10-31,2017,10,31,Tue,13,21,22,34,44,134,3,2,2,baseline.csv,20260425_204331
20171031-02,2017-10-31,2017,10,31,Tue,13,22,30,40,42,147,4,1,1,baseline.csv,20260425_204331
20171101-01,2017-11-01,2017,11,1,Wed,24,28,30,32,37,151,4,1,1,baseline.csv,20260425_204331
20171101-02,2017-11-01,2017,11,1,Wed,1,6,8,33,42,90,3,2,1,baseline.csv,20260425_204331
20171102-01,2017-11-02,2017,11,2,Thu,12,30,37,42,43,164,3,2,2,baseline.csv,20260425_204331
20171102-02,2017-11-02,2017,11,2,Thu,10,15,27,29,31,112,1,4,1,baseline.csv,20260425_204331
20171103-01,2017-11-03,2017,11,3,Fri,24,32,38,42,45,181,4,1,1,baseline.csv,20260425_204331
20171103-02,2017-11-03,2017,11,3,Fri,3,13,21,25,35,97,0,5,1,baseline.csv,20260425_204331
20171104-01,2017-11-04,2017,11,4,Sat,6,21,27,32,45,131,2,3,1,baseline.csv,20260425_204331
20171104-02,2017-11-04,2017,11,4,Sat,2,5,7,15,45,74,1,4,1,baseline.csv,20260425_204331
20171105-01,2017-11-05,2017,11,5,Sun,17,22,33,38,40,150,3,2,1,baseline.csv,20260425_204331
20171105-02,2017-11-05,2017,11,5,Sun,4,19,32,33,39,127,2,3,2,baseline.csv,20260425_204331
20171106-01,2017-11-06,2017,11,6,Mon,1,7,9,12,40,69,2,3,1,baseline.csv,20260425_204331
20171106-02,2017-11-06,2017,11,6,Mon,5,12,15,21,23,76,1,4,1,baseline.csv,20260425_204331
20171107-01,2017-11-07,2017,11,7,Tue,6,13,24,29,33,105,2,3,1,baseline.csv,20260425_204331
20171107-02,2017-11-07,2017,11,7,Tue,11,19,32,33,38,133,2,3,2,baseline.csv,20260425_204331
20171108-01,2017-11-08,2017,11,8,Wed,2,14,25,40,42,123,4,1,1,baseline.csv,20260425_204331
20171108-02,2017-11-08,2017,11,8,Wed,9,13,15,31,36,104,1,4,1,baseline.csv,20260425_204331
20171109-01,2017-11-09,2017,11,9,Thu,5,18,36,41,43,143,2,3,1,baseline.csv,20260425_204331
20171109-02,2017-11-09,2017,11,9,Thu,2,3,20,24,33,82,3,2,2,baseline.csv,20260425_204331
20171110-01,2017-11-10,2017,11,10,Fri,11,15,18,23,29,96,1,4,1,baseline.csv,20260425_204331
20171110-02,2017-11-10,2017,11,10,Fri,3,12,16,29,38,98,3,2,1,baseline.csv,20260425_204331
20171111-01,2017-11-11,2017,11,11,Sat,23,25,33,39,43,163,0,5,1,baseline.csv,20260425_204331
20171111-02,2017-11-11,2017,11,11,Sat,1,6,17,27,42,93,2,3,1,baseline.csv,20260425_204331
20171112-01,2017-11-12,2017,11,12,Sun,6,13,21,28,44,112,3,2,1,baseline.csv,20260425_204331
20171112-02,2017-11-12,2017,11,12,Sun,1,13,19,32,33,98,1,4,2,baseline.csv,20260425_204331
20171113-01,2017-11-13,2017,11,13,Mon,14,20,29,34,42,139,4,1,1,baseline.csv,20260425_204331
20171113-02,2017-11-13,2017,11,13,Mon,25,30,36,39,43,173,2,3,1,baseline.csv,20260425_204331
20171114-01,2017-11-14,2017,11,14,Tue,17,18,24,26,27,112,3,2,2,baseline.csv,20260425_204331
20171114-02,2017-11-14,2017,11,14,Tue,15,18,19,22,37,111,2,3,2,baseline.csv,20260425_204331
20171115-01,2017-11-15,2017,11,15,Wed,4,15,24,25,45,113,2,3,2,baseline.csv,20260425_204331
20171115-02,2017-11-15,2017,11,15,Wed,7,22,25,28,43,125,2,3,1,baseline.csv,20260425_204331
20171116-01,2017-11-16,2017,11,16,Thu,8,10,12,13,39,82,3,2,2,baseline.csv,20260425_204331
20171116-02,2017-11-16,2017,11,16,Thu,6,12,18,24,45,105,4,1,1,baseline.csv,20260425_204331
20171117-01,2017-11-17,2017,11,17,Fri,3,6,17,30,33,89,2,3,1,baseline.csv,20260425_204331
20171117-02,2017-11-17,2017,11,17,Fri,3,5,19,24,40,91,2,3,1,baseline.csv,20260425_204331
20171118-01,2017-11-18,2017,11,18,Sat,2,3,7,14,20,46,3,2,2,baseline.csv,20260425_204331
20171118-02,2017-11-18,2017,11,18,Sat,15,16,20,26,28,105,4,1,2,baseline.csv,20260425_204331
20171119-01,2017-11-19,2017,11,19,Sun,5,10,18,33,42,108,3,2,1,baseline.csv,20260425_204331
20171119-02,2017-11-19,2017,11,19,Sun,5,29,33,36,37,140,1,4,2,baseline.csv,20260425_204331
20171120-01,2017-11-20,2017,11,20,Mon,11,16,19,41,45,132,1,4,1,baseline.csv,20260425_204331
20171120-02,2017-11-20,2017,11,20,Mon,6,25,27,29,30,117,2,3,2,baseline.csv,20260425_204331
20171121-01,2017-11-21,2017,11,21,Tue,10,11,14,23,45,103,2,3,2,baseline.csv,20260425_204331
20171121-02,2017-11-21,2017,11,21,Tue,1,17,24,27,44,113,2,3,1,baseline.csv,20260425_204331
20171122-01,2017-11-22,2017,11,22,Wed,16,25,35,36,39,151,2,3,2,baseline.csv,20260425_204331
20171122-02,2017-11-22,2017,11,22,Wed,3,9,23,32,35,102,1,4,1,baseline.csv,20260425_204331
20171123-01,2017-11-23,2017,11,23,Thu,7,19,20,23,28,97,2,3,2,baseline.csv,20260425_204331
20171123-02,2017-11-23,2017,11,23,Thu,2,5,14,21,27,69,2,3,1,baseline.csv,20260425_204331
20171124-01,2017-11-24,2017,11,24,Fri,2,13,24,33,45,117,2,3,1,baseline.csv,20260425_204331
20171124-02,2017-11-24,2017,11,24,Fri,2,13,27,29,35,106,1,4,1,baseline.csv,20260425_204331
20171125-01,2017-11-25,2017,11,25,Sat,2,14,27,29,36,108,3,2,1,baseline.csv,20260425_204331
20171125-02,2017-11-25,2017,11,25,Sat,6,21,29,33,44,133,2,3,1,baseline.csv,20260425_204331
20171126-01,2017-11-26,2017,11,26,Sun,2,8,15,40,45,110,3,2,1,baseline.csv,20260425_204331
20171126-02,2017-11-26,2017,11,26,Sun,3,4,5,19,29,60,1,4,3,baseline.csv,20260425_204331
20171127-01,2017-11-27,2017,11,27,Mon,7,13,16,22,41,99,2,3,1,baseline.csv,20260425_204331
20171127-02,2017-11-27,2017,11,27,Mon,8,17,19,22,35,101,2,3,1,baseline.csv,20260425_204331
20171128-01,2017-11-28,2017,11,28,Tue,1,2,23,35,40,101,2,3,2,baseline.csv,20260425_204331
20171128-02,2017-11-28,2017,11,28,Tue,1,18,21,22,28,90,3,2,2,baseline.csv,20260425_204331
20171129-01,2017-11-29,2017,11,29,Wed,24,27,37,42,45,175,2,3,1,baseline.csv,20260425_204331
20171129-02,2017-11-29,2017,11,29,Wed,20,21,22,33,43,139,2,3,3,baseline.csv,20260425_204331
20171130-01,2017-11-30,2017,11,30,Thu,6,7,8,30,35,86,3,2,3,baseline.csv,20260425_204331
20171130-02,2017-11-30,2017,11,30,Thu,5,8,18,21,43,95,2,3,1,baseline.csv,20260425_204331
20171201-01,2017-12-01,2017,12,1,Fri,4,13,18,19,38,92,3,2,2,baseline.csv,20260425_204331
20171201-02,2017-12-01,2017,12,1,Fri,12,18,25,26,31,112,3,2,2,baseline.csv,20260425_204331
20171202-01,2017-12-02,2017,12,2,Sat,2,9,14,27,30,82,3,2,1,baseline.csv,20260425_204331
20171202-02,2017-12-02,2017,12,2,Sat,16,35,39,43,44,177,2,3,2,baseline.csv,20260425_204331
20171203-01,2017-12-03,2017,12,3,Sun,16,31,32,33,40,152,3,2,3,baseline.csv,20260425_204331
20171203-02,2017-12-03,2017,12,3,Sun,17,18,19,28,30,112,3,2,3,baseline.csv,20260425_204331
20171204-01,2017-12-04,2017,12,4,Mon,1,17,27,39,43,127,0,5,1,baseline.csv,20260425_204331
20171204-02,2017-12-04,2017,12,4,Mon,3,8,14,18,31,74,3,2,1,baseline.csv,20260425_204331
20171205-01,2017-12-05,2017,12,5,Tue,20,24,29,36,45,154,3,2,1,baseline.csv,20260425_204331
20171205-02,2017-12-05,2017,12,5,Tue,8,9,31,33,45,126,1,4,2,baseline.csv,20260425_204331
20171206-01,2017-12-06,2017,12,6,Wed,5,8,11,25,27,76,1,4,1,baseline.csv,20260425_204331
20171206-02,2017-12-06,2017,12,6,Wed,17,19,23,35,39,133,0,5,1,baseline.csv,20260425_204331
20171207-01,2017-12-07,2017,12,7,Thu,9,14,27,37,42,129,2,3,1,baseline.csv,20260425_204331
20171207-02,2017-12-07,2017,12,7,Thu,6,19,39,40,42,146,3,2,2,baseline.csv,20260425_204331
20171208-01,2017-12-08,2017,12,8,Fri,10,17,19,22,29,97,2,3,1,baseline.csv,20260425_204331
20171208-02,2017-12-08,2017,12,8,Fri,9,14,23,26,27,99,2,3,2,baseline.csv,20260425_204331
20171209-01,2017-12-09,2017,12,9,Sat,8,9,14,27,39,97,2,3,2,baseline.csv,20260425_204331
20171209-02,2017-12-09,2017,12,9,Sat,6,23,31,35,39,134,1,4,1,baseline.csv,20260425_204331
20171210-01,2017-12-10,2017,12,10,Sun,9,15,22,31,33,110,1,4,1,baseline.csv,20260425_204331
20171210-02,2017-12-10,2017,12,10,Sun,1,18,30,32,33,114,3,2,2,baseline.csv,20260425_204331
20171211-01,2017-12-11,2017,12,11,Mon,23,26,27,32,42,150,3,2,2,baseline.csv,20260425_204331
20171211-02,2017-12-11,2017,12,11,Mon,15,22,25,35,44,141,2,3,1,baseline.csv,20260425_204331
20171212-01,2017-12-12,2017,12,12,Tue,14,15,30,35,42,136,3,2,2,baseline.csv,20260425_204331
20171212-02,2017-12-12,2017,12,12,Tue,7,15,30,33,36,121,2,3,1,baseline.csv,20260425_204331
20171213-01,2017-12-13,2017,12,13,Wed,17,22,23,27,38,127,2,3,2,baseline.csv,20260425_204331
20171213-02,2017-12-13,2017,12,13,Wed,1,18,19,24,34,96,3,2,2,baseline.csv,20260425_204331
20171214-01,2017-12-14,2017,12,14,Thu,20,37,38,41,42,178,3,2,2,baseline.csv,20260425_204331
20171214-02,2017-12-14,2017,12,14,Thu,3,4,34,42,45,128,3,2,2,baseline.csv,20260425_204331
20171215-01,2017-12-15,2017,12,15,Fri,17,24,32,38,43,154,3,2,1,baseline.csv,20260425_204331
20171215-02,2017-12-15,2017,12,15,Fri,4,23,26,33,43,129,2,3,1,baseline.csv,20260425_204331
20171216-01,2017-12-16,2017,12,16,Sat,4,38,39,40,44,165,4,1,3,baseline.csv,20260425_204331
20171216-02,2017-12-16,2017,12,16,Sat,3,23,29,31,37,123,0,5,1,baseline.csv,20260425_204331
20171217-01,2017-12-17,2017,12,17,Sun,23,24,31,33,43,154,1,4,2,baseline.csv,20260425_204331
20171217-02,2017-12-17,2017,12,17,Sun,5,10,15,19,29,78,1,4,1,baseline.csv,20260425_204331
20171218-01,2017-12-18,2017,12,18,Mon,1,15,18,34,36,104,3,2,1,baseline.csv,20260425_204331
20171218-02,2017-12-18,2017,12,18,Mon,3,20,27,33,41,124,1,4,1,baseline.csv,20260425_204331
20171219-01,2017-12-19,2017,12,19,Tue,2,7,20,35,37,101,2,3,1,baseline.csv,20260425_204331
20171219-02,2017-12-19,2017,12,19,Tue,4,17,19,30,36,106,3,2,1,baseline.csv,20260425_204331
20171220-01,2017-12-20,2017,12,20,Wed,9,11,28,37,38,123,2,3,2,baseline.csv,20260425_204331
20171220-02,2017-12-20,2017,12,20,Wed,14,18,27,31,45,135,2,3,1,baseline.csv,20260425_204331
20171221-01,2017-12-21,2017,12,21,Thu,3,7,22,30,43,105,2,3,1,baseline.csv,20260425_204331
20171221-02,2017-12-21,2017,12,21,Thu,5,6,21,28,44,104,3,2,2,baseline.csv,20260425_204331
20171222-01,2017-12-22,2017,12,22,Fri,8,10,17,24,31,90,3,2,1,baseline.csv,20260425_204331
20171222-02,2017-12-22,2017,12,22,Fri,4,6,10,18,45,83,4,1,1,baseline.csv,20260425_204331
20171223-01,2017-12-23,2017,12,23,Sat,4,12,30,32,41,119,4,1,1,baseline.csv,20260425_204331
20171223-02,2017-12-23,2017,12,23,Sat,2,3,22,23,37,87,2,3,2,baseline.csv,20260425_204331
20171224-01,2017-12-24,2017,12,24,Sun,8,13,28,32,40,121,4,1,1,baseline.csv,20260425_204331
20171224-02,2017-12-24,2017,12,24,Sun,15,20,21,24,45,125,2,3,2,baseline.csv,20260425_204331
20171225-01,2017-12-25,2017,12,25,Mon,16,29,32,40,41,158,3,2,2,baseline.csv,20260425_204331
20171225-02,2017-12-25,2017,12,25,Mon,2,24,28,31,38,123,4,1,1,baseline.csv,20260425_204331
20171226-01,2017-12-26,2017,12,26,Tue,6,10,11,12,22,61,4,1,3,baseline.csv,20260425_204331
20171226-02,2017-12-26,2017,12,26,Tue,3,7,23,24,45,102,1,4,2,baseline.csv,20260425_204331
20171227-01,2017-12-27,2017,12,27,Wed,12,15,22,37,38,124,3,2,2,baseline.csv,20260425_204331
20171227-02,2017-12-27,2017,12,27,Wed,11,25,29,32,45,142,1,4,1,baseline.csv,20260425_204331
20171228-01,2017-12-28,2017,12,28,Thu,1,11,14,19,39,84,1,4,1,baseline.csv,20260425_204331
20171228-02,2017-12-28,2017,12,28,Thu,5,23,26,27,36,117,2,3,2,baseline.csv,20260425_204331
20171229-01,2017-12-29,2017,12,29,Fri,3,9,15,17,29,73,0,5,1,baseline.csv,20260425_204331
20171229-02,2017-12-29,2017,12,29,Fri,4,5,13,16,20,58,3,2,2,baseline.csv,20260425_204331
20171230-01,2017-12-30,2017,12,30,Sat,5,10,24,37,43,119,2,3,1,baseline.csv,20260425_204331
20171230-02,2017-12-30,2017,12,30,Sat,2,14,18,33,34,101,4,1,2,baseline.csv,20260425_204331
20171231-01,2017-12-31,2017,12,31,Sun,32,33,40,43,44,192,3,2,2,baseline.csv,20260425_204331
20171231-02,2017-12-31,2017,12,31,Sun,9,28,30,35,44,146,3,2,1,baseline.csv,20260425_204331
20180101-01,2018-01-01,2018,1,1,Mon,4,15,20,27,30,96,3,2,1,baseline.csv,20260425_204331
20180101-02,2018-01-01,2018,1,1,Mon,6,23,25,36,42,132,3,2,1,baseline.csv,20260425_204331
20180102-01,2018-01-02,2018,1,2,Tue,4,6,15,27,32,84,3,2,1,baseline.csv,20260425_204331
20180102-02,2018-01-02,2018,1,2,Tue,1,16,26,32,35,110,3,2,1,baseline.csv,20260425_204331
20180103-01,2018-01-03,2018,1,3,Wed,12,19,21,31,43,126,1,4,1,baseline.csv,20260425_204331
20180103-02,2018-01-03,2018,1,3,Wed,7,15,22,35,41,120,1,4,1,baseline.csv,20260425_204331
20180104-01,2018-01-04,2018,1,4,Thu,12,18,22,32,42,126,5,0,1,baseline.csv,20260425_204331
20180104-02,2018-01-04,2018,1,4,Thu,2,18,22,23,40,105,4,1,2,baseline.csv,20260425_204331
20180105-01,2018-01-05,2018,1,5,Fri,2,7,12,38,41,100,3,2,1,baseline.csv,20260425_204331
20180105-02,2018-01-05,2018,1,5,Fri,1,14,24,31,39,109,2,3,1,baseline.csv,20260425_204331
20180106-01,2018-01-06,2018,1,6,Sat,8,11,15,23,41,98,1,4,1,baseline.csv,20260425_204331
20180106-02,2018-01-06,2018,1,6,Sat,1,7,32,34,40,114,3,2,1,baseline.csv,20260425_204331
20180107-01,2018-01-07,2018,1,7,Sun,8,18,31,33,36,126,3,2,1,baseline.csv,20260425_204331
20180107-02,2018-01-07,2018,1,7,Sun,8,10,12,25,30,85,4,1,1,baseline.csv,20260425_204331
20180108-01,2018-01-08,2018,1,8,Mon,20,23,30,31,32,136,3,2,3,baseline.csv,20260425_204331
20180108-02,2018-01-08,2018,1,8,Mon,8,28,29,43,44,152,3,2,2,baseline.csv,20260425_204331
20180109-01,2018-01-09,2018,1,9,Tue,4,9,10,34,43,100,3,2,2,baseline.csv,20260425_204331
20180109-02,2018-01-09,2018,1,9,Tue,5,19,21,25,29,99,0,5,1,baseline.csv,20260425_204331
20180110-01,2018-01-10,2018,1,10,Wed,18,23,24,27,41,133,2,3,2,baseline.csv,20260425_204331
20180110-02,2018-01-10,2018,1,10,Wed,34,37,39,40,44,194,3,2,2,baseline.csv,20260425_204331
20180111-01,2018-01-11,2018,1,11,Thu,1,24,40,42,44,151,4,1,1,baseline.csv,20260425_204331
20180111-02,2018-01-11,2018,1,11,Thu,12,24,34,37,41,148,3,2,1,baseline.csv,20260425_204331
20180112-01,2018-01-12,2018,1,12,Fri,4,9,11,12,16,52,3,2,2,baseline.csv,20260425_204331
20180112-02,2018-01-12,2018,1,12,Fri,2,3,13,28,39,85,2,3,2,baseline.csv,20260425_204331
20180113-01,2018-01-13,2018,1,13,Sat,10,16,28,30,41,125,4,1,1,baseline.csv,20260425_204331
20180113-02,2018-01-13,2018,1,13,Sat,1,6,12,22,32,73,4,1,1,baseline.csv,20260425_204331
20180114-01,2018-01-14,2018,1,14,Sun,2,13,35,36,45,131,2,3,2,baseline.csv,20260425_204331
20180114-02,2018-01-14,2018,1,14,Sun,2,14,20,27,42,105,4,1,1,baseline.csv,20260425_204331
20180115-01,2018-01-15,2018,1,15,Mon,15,28,36,40,41,160,3,2,2,baseline.csv,20260425_204331
20180115-02,2018-01-15,2018,1,15,Mon,9,35,36,41,42,163,2,3,2,baseline.csv,20260425_204331
20180116-01,2018-01-16,2018,1,16,Tue,5,26,36,37,44,148,3,2,2,baseline.csv,20260425_204331
20180116-02,2018-01-16,2018,1,16,Tue,4,5,7,15,35,66,1,4,2,baseline.csv,20260425_204331
20180117-01,2018-01-17,2018,1,17,Wed,3,8,14,20,37,82,3,2,1,baseline.csv,20260425_204331
20180117-02,2018-01-17,2018,1,17,Wed,21,25,40,41,45,172,1,4,2,baseline.csv,20260425_204331
20180118-01,2018-01-18,2018,1,18,Thu,31,36,39,42,44,192,3,2,1,baseline.csv,20260425_204331
20180118-02,2018-01-18,2018,1,18,Thu,7,24,31,37,44,143,2,3,1,baseline.csv,20260425_204331
20180119-01,2018-01-19,2018,1,19,Fri,24,29,36,39,45,173,2,3,1,baseline.csv,20260425_204331
20180119-02,2018-01-19,2018,1,19,Fri,2,3,5,23,34,67,2,3,2,baseline.csv,20260425_204331
20180120-01,2018-01-20,2018,1,20,Sat,6,8,23,25,27,89,2,3,1,baseline.csv,20260425_204331
20180120-02,2018-01-20,2018,1,20,Sat,9,10,13,20,28,80,3,2,2,baseline.csv,20260425_204331
20180121-01,2018-01-21,2018,1,21,Sun,16,18,32,36,37,139,4,1,2,baseline.csv,20260425_204331
20180121-02,2018-01-21,2018,1,21,Sun,9,13,17,20,41,100,1,4,1,baseline.csv,20260425_204331
20180122-01,2018-01-22,2018,1,22,Mon,22,24,25,26,40,137,4,1,3,baseline.csv,20260425_204331
20180122-02,2018-01-22,2018,1,22,Mon,5,20,22,29,34,110,3,2,1,baseline.csv,20260425_204331
20180123-01,2018-01-23,2018,1,23,Tue,1,18,28,33,34,114,3,2,2,baseline.csv,20260425_204331
20180123-02,2018-01-23,2018,1,23,Tue,19,31,34,41,43,168,1,4,1,baseline.csv,20260425_204331
20180124-01,2018-01-24,2018,1,24,Wed,7,10,11,14,19,61,2,3,2,baseline.csv,20260425_204331
20180124-02,2018-01-24,2018,1,24,Wed,5,7,27,36,40,115,2,3,1,baseline.csv,20260425_204331
20180125-01,2018-01-25,2018,1,25,Thu,3,4,8,14,20,49,4,1,2,baseline.csv,20260425_204331
20180125-02,2018-01-25,2018,1,25,Thu,25,33,37,39,40,174,1,4,2,baseline.csv,20260425_204331
20180126-01,2018-01-26,2018,1,26,Fri,1,8,19,24,36,88,3,2,1,baseline.csv,20260425_204331
20180126-02,2018-01-26,2018,1,26,Fri,8,26,33,36,43,146,3,2,1,baseline.csv,20260425_204331
20180127-01,2018-01-27,2018,1,27,Sat,3,8,22,33,35,101,2,3,1,baseline.csv,20260425_204331
20180127-02,2018-01-27,2018,1,27,Sat,12,20,27,33,38,130,3,2,1,baseline.csv,20260425_204331
20180128-01,2018-01-28,2018,1,28,Sun,3,14,16,20,45,98,3,2,1,baseline.csv,20260425_204331
20180128-02,2018-01-28,2018,1,28,Sun,7,11,14,18,28,78,3,2,1,baseline.csv,20260425_204331
20180129-01,2018-01-29,2018,1,29,Mon,18,22,25,38,39,142,3,2,2,baseline.csv,20260425_204331
20180129-02,2018-01-29,2018,1,29,Mon,20,21,22,28,39,130,3,2,3,baseline.csv,20260425_204331
20180130-01,2018-01-30,2018,1,30,Tue,1,2,16,20,38,77,4,1,2,baseline.csv,20260425_204331
20180130-02,2018-01-30,2018,1,30,Tue,3,7,23,27,41,101,0,5,1,baseline.csv,20260425_204331
20180131-01,2018-01-31,2018,1,31,Wed,6,9,22,34,43,114,3,2,1,baseline.csv,20260425_204331
20180131-02,2018-01-31,2018,1,31,Wed,10,17,18,31,33,109,2,3,2,baseline.csv,20260425_204331
20180201-01,2018-02-01,2018,2,1,Thu,7,24,27,44,45,147,2,3,2,baseline.csv,20260425_204331
20180201-02,2018-02-01,2018,2,1,Thu,12,25,39,42,43,161,2,3,2,baseline.csv,20260425_204331
20180202-01,2018-02-02,2018,2,2,Fri,3,10,15,20,29,77,2,3,1,baseline.csv,20260425_204331
20180202-02,2018-02-02,2018,2,2,Fri,5,17,22,34,35,113,2,3,2,baseline.csv,20260425_204331
20180203-01,2018-02-03,2018,2,3,Sat,5,18,31,34,41,129,2,3,1,baseline.csv,20260425_204331
20180203-02,2018-02-03,2018,2,3,Sat,4,13,15,31,35,98,1,4,1,baseline.csv,20260425_204331
20180204-01,2018-02-04,2018,2,4,Sun,8,30,34,36,43,151,4,1,1,baseline.csv,20260425_204331
20180204-02,2018-02-04,2018,2,4,Sun,6,20,27,37,38,128,3,2,2,baseline.csv,20260425_204331
20180205-01,2018-02-05,2018,2,5,Mon,14,31,32,33,34,144,3,2,4,baseline.csv,20260425_204331
20180205-02,2018-02-05,2018,2,5,Mon,7,10,26,32,38,113,4,1,1,baseline.csv,20260425_204331
20180206-01,2018-02-06,2018,2,6,Tue,10,12,26,34,43,125,4,1,1,baseline.csv,20260425_204331
20180206-02,2018-02-06,2018,2,6,Tue,4,6,11,14,32,67,4,1,1,baseline.csv,20260425_204331
20180207-01,2018-02-07,2018,2,7,Wed,9,15,21,29,38,112,1,4,1,baseline.csv,20260425_204331
20180207-02,2018-02-07,2018,2,7,Wed,1,3,13,21,29,67,0,5,1,baseline.csv,20260425_204331
20180208-01,2018-02-08,2018,2,8,Thu,2,3,13,35,45,98,1,4,2,baseline.csv,20260425_204331
20180208-02,2018-02-08,2018,2,8,Thu,3,7,20,38,41,109,2,3,1,baseline.csv,20260425_204331
20180209-01,2018-02-09,2018,2,9,Fri,8,11,18,24,31,92,3,2,1,baseline.csv,20260425_204331
20180209-02,2018-02-09,2018,2,9,Fri,1,4,26,29,39,99,2,3,1,baseline.csv,20260425_204331
20180210-01,2018-02-10,2018,2,10,Sat,12,14,17,20,27,90,3,2,1,baseline.csv,20260425_204331
20180210-02,2018-02-10,2018,2,10,Sat,19,22,23,25,41,130,1,4,2,baseline.csv,20260425_204331
20180211-01,2018-02-11,2018,2,11,Sun,1,11,33,38,40,123,2,3,1,baseline.csv,20260425_204331
20180211-02,2018-02-11,2018,2,11,Sun,15,18,19,24,43,119,2,3,2,baseline.csv,20260425_204331
20180212-01,2018-02-12,2018,2,12,Mon,7,8,17,22,43,97,2,3,2,baseline.csv,20260425_204331
20180212-02,2018-02-12,2018,2,12,Mon,4,13,14,27,39,97,2,3,2,baseline.csv,20260425_204331
20180213-01,2018-02-13,2018,2,13,Tue,9,11,12,17,32,81,2,3,2,baseline.csv,20260425_204331
20180213-02,2018-02-13,2018,2,13,Tue,3,24,32,35,42,136,3,2,1,baseline.csv,20260425_204331
20180214-01,2018-02-14,2018,2,14,Wed,8,9,28,40,42,127,4,1,2,baseline.csv,20260425_204331
20180214-02,2018-02-14,2018,2,14,Wed,6,7,31,42,45,131,2,3,2,baseline.csv,20260425_204331
20180215-01,2018-02-15,2018,2,15,Thu,7,8,20,21,37,93,2,3,2,baseline.csv,20260425_204331
20180215-02,2018-02-15,2018,2,15,Thu,1,2,9,43,44,99,2,3,2,baseline.csv,20260425_204331
20180216-01,2018-02-16,2018,2,16,Fri,10,19,22,30,37,118,3,2,1,baseline.csv,20260425_204331
20180216-02,2018-02-16,2018,2,16,Fri,3,7,10,34,35,89,2,3,2,baseline.csv,20260425_204331
20180217-01,2018-02-17,2018,2,17,Sat,15,21,29,32,38,135,2,3,1,baseline.csv,20260425_204331
20180217-02,2018-02-17,2018,2,17,Sat,19,22,37,43,44,165,2,3,2,baseline.csv,20260425_204331
20180218-01,2018-02-18,2018,2,18,Sun,2,15,34,42,43,136,3,2,2,baseline.csv,20260425_204331
20180218-02,2018-02-18,2018,2,18,Sun,3,13,31,32,45,124,1,4,2,baseline.csv,20260425_204331
20180219-01,2018-02-19,2018,2,19,Mon,9,15,16,32,43,115,2,3,2,baseline.csv,20260425_204331
20180219-02,2018-02-19,2018,2,19,Mon,5,10,13,15,45,88,1,4,1,baseline.csv,20260425_204331
20180220-01,2018-02-20,2018,2,20,Tue,11,18,25,36,41,131,2,3,1,baseline.csv,20260425_204331
20180220-02,2018-02-20,2018,2,20,Tue,2,17,36,42,43,140,3,2,2,baseline.csv,20260425_204331
20180221-01,2018-02-21,2018,2,21,Wed,12,14,37,40,44,147,4,1,1,baseline.csv,20260425_204331
20180221-02,2018-02-21,2018,2,21,Wed,5,11,14,16,31,77,2,3,1,baseline.csv,20260425_204331
20180222-01,2018-02-22,2018,2,22,Thu,8,24,28,34,45,139,4,1,1,baseline.csv,20260425_204331
20180222-02,2018-02-22,2018,2,22,Thu,6,18,19,40,45,128,3,2,2,baseline.csv,20260425_204331
20180223-01,2018-02-23,2018,2,23,Fri,11,12,23,35,37,118,1,4,2,baseline.csv,20260425_204331
20180223-02,2018-02-23,2018,2,23,Fri,17,28,31,39,42,157,2,3,1,baseline.csv,20260425_204331
20180224-01,2018-02-24,2018,2,24,Sat,10,21,31,37,42,141,2,3,1,baseline.csv,20260425_204331
20180224-02,2018-02-24,2018,2,24,Sat,11,24,29,31,44,139,2,3,1,baseline.csv,20260425_204331
20180225-01,2018-02-25,2018,2,25,Sun,5,8,19,35,42,109,2,3,1,baseline.csv,20260425_204331
20180225-02,2018-02-25,2018,2,25,Sun,13,20,33,35,38,139,2,3,1,baseline.csv,20260425_204331
20180226-01,2018-02-26,2018,2,26,Mon,6,10,14,38,40,108,5,0,1,baseline.csv,20260425_204331
20180226-02,2018-02-26,2018,2,26,Mon,5,10,20,29,38,102,3,2,1,baseline.csv,20260425_204331
20180227-01,2018-02-27,2018,2,27,Tue,5,8,18,36,38,105,4,1,1,baseline.csv,20260425_204331
20180227-02,2018-02-27,2018,2,27,Tue,7,14,23,42,45,131,2,3,1,baseline.csv,20260425_204331
20180228-01,2018-02-28,2018,2,28,Wed,11,14,32,39,43,139,2,3,1,baseline.csv,20260425_204331
20180228-02,2018-02-28,2018,2,28,Wed,2,22,23,39,42,128,3,2,2,baseline.csv,20260425_204331
20180301-01,2018-03-01,2018,3,1,Thu,29,32,39,42,44,186,3,2,1,baseline.csv,20260425_204331
20180301-02,2018-03-01,2018,3,1,Thu,15,28,30,43,45,161,2,3,1,baseline.csv,20260425_204331
20180302-01,2018-03-02,2018,3,2,Fri,1,28,33,40,44,146,3,2,1,baseline.csv,20260425_204331
20180302-02,2018-03-02,2018,3,2,Fri,1,20,28,31,36,116,3,2,1,baseline.csv,20260425_204331
20180303-01,2018-03-03,2018,3,3,Sat,7,24,31,39,43,144,1,4,1,baseline.csv,20260425_204331
20180303-02,2018-03-03,2018,3,3,Sat,30,32,35,36,37,170,3,2,3,baseline.csv,20260425_204331
20180304-01,2018-03-04,2018,3,4,Sun,22,24,30,34,43,153,4,1,1,baseline.csv,20260425_204331
20180304-02,2018-03-04,2018,3,4,Sun,1,2,7,15,24,49,2,3,2,baseline.csv,20260425_204331
20180305-01,2018-03-05,2018,3,5,Mon,15,18,20,27,40,120,3,2,1,baseline.csv,20260425_204331
20180305-02,2018-03-05,2018,3,5,Mon,25,31,36,39,41,172,1,4,1,baseline.csv,20260425_204331
20180306-01,2018-03-06,2018,3,6,Tue,5,16,20,33,36,110,3,2,1,baseline.csv,20260425_204331
20180306-02,2018-03-06,2018,3,6,Tue,5,16,19,34,38,112,3,2,1,baseline.csv,20260425_204331
20180307-01,2018-03-07,2018,3,7,Wed,11,24,26,31,41,133,2,3,1,baseline.csv,20260425_204331
20180307-02,2018-03-07,2018,3,7,Wed,11,13,18,20,38,100,3,2,1,baseline.csv,20260425_204331
20180308-01,2018-03-08,2018,3,8,Thu,5,15,24,25,29,98,1,4,2,baseline.csv,20260425_204331
20180308-02,2018-03-08,2018,3,8,Thu,1,2,21,30,40,94,3,2,2,baseline.csv,20260425_204331
20180309-01,2018-03-09,2018,3,9,Fri,13,26,29,39,43,150,1,4,1,baseline.csv,20260425_204331
20180309-02,2018-03-09,2018,3,9,Fri,6,12,15,32,36,101,4,1,1,baseline.csv,20260425_204331
20180310-01,2018-03-10,2018,3,10,Sat,1,12,26,27,38,104,3,2,2,baseline.csv,20260425_204331
20180310-02,2018-03-10,2018,3,10,Sat,14,20,23,38,45,140,3,2,1,baseline.csv,20260425_204331
20180311-01,2018-03-11,2018,3,11,Sun,9,11,23,29,31,103,0,5,1,baseline.csv,20260425_204331
20180311-02,2018-03-11,2018,3,11,Sun,9,10,13,17,31,80,1,4,2,baseline.csv,20260425_204331
20180312-01,2018-03-12,2018,3,12,Mon,2,13,17,24,35,91,2,3,1,baseline.csv,20260425_204331
20180312-02,2018-03-12,2018,3,12,Mon,15,25,35,42,43,160,1,4,2,baseline.csv,20260425_204331
20180313-01,2018-03-13,2018,3,13,Tue,1,17,21,38,40,117,2,3,1,baseline.csv,20260425_204331
20180313-02,2018-03-13,2018,3,13,Tue,10,23,35,37,43,148,1,4,1,baseline.csv,20260425_204331
20180314-01,2018-03-14,2018,3,14,Wed,10,25,39,43,44,161,2,3,2,baseline.csv,20260425_204331
20180314-02,2018-03-14,2018,3,14,Wed,9,12,18,22,37,98,3,2,1,baseline.csv,20260425_204331
20180315-01,2018-03-15,2018,3,15,Thu,1,16,21,38,43,119,2,3,1,baseline.csv,20260425_204331
20180315-02,2018-03-15,2018,3,15,Thu,19,25,32,33,42,151,2,3,2,baseline.csv,20260425_204331
20180316-01,2018-03-16,2018,3,16,Fri,1,21,24,29,31,106,1,4,1,baseline.csv,20260425_204331
20180316-02,2018-03-16,2018,3,16,Fri,2,19,38,42,43,144,3,2,2,baseline.csv,20260425_204331
20180317-01,2018-03-17,2018,3,17,Sat,4,14,30,34,35,117,4,1,2,baseline.csv,20260425_204331
20180317-02,2018-03-17,2018,3,17,Sat,2,22,25,27,34,110,3,2,1,baseline.csv,20260425_204331
20180318-01,2018-03-18,2018,3,18,Sun,8,15,18,20,28,89,4,1,1,baseline.csv,20260425_204331
20180318-02,2018-03-18,2018,3,18,Sun,5,10,11,28,43,97,2,3,2,baseline.csv,20260425_204331
20180319-01,2018-03-19,2018,3,19,Mon,17,22,25,32,34,130,3,2,1,baseline.csv,20260425_204331
20180319-02,2018-03-19,2018,3,19,Mon,17,20,23,38,43,141,2,3,1,baseline.csv,20260425_204331
20180320-01,2018-03-20,2018,3,20,Tue,4,18,27,39,41,129,2,3,1,baseline.csv,20260425_204331
20180320-02,2018-03-20,2018,3,20,Tue,22,28,30,35,40,155,4,1,1,baseline.csv,20260425_204331
20180321-01,2018-03-21,2018,3,21,Wed,17,32,36,37,43,165,2,3,2,baseline.csv,20260425_204331
20180321-02,2018-03-21,2018,3,21,Wed,5,15,24,37,44,125,2,3,1,baseline.csv,20260425_204331
20180322-01,2018-03-22,2018,3,22,Thu,6,7,37,40,43,133,2,3,2,baseline.csv,20260425_204331
20180322-02,2018-03-22,2018,3,22,Thu,3,9,23,37,45,117,0,5,1,baseline.csv,20260425_204331
20180323-01,2018-03-23,2018,3,23,Fri,4,6,20,32,43,105,4,1,1,baseline.csv,20260425_204331
20180323-02,2018-03-23,2018,3,23,Fri,13,19,20,21,42,115,2,3,3,baseline.csv,20260425_204331
20180324-01,2018-03-24,2018,3,24,Sat,3,4,7,18,23,55,2,3,2,baseline.csv,20260425_204331
20180324-02,2018-03-24,2018,3,24,Sat,1,12,22,30,35,100,3,2,1,baseline.csv,20260425_204331
20180325-01,2018-03-25,2018,3,25,Sun,3,6,19,20,42,90,3,2,2,baseline.csv,20260425_204331
20180325-02,2018-03-25,2018,3,25,Sun,23,28,30,32,41,154,3,2,1,baseline.csv,20260425_204331
20180326-01,2018-03-26,2018,3,26,Mon,4,17,19,35,41,116,1,4,1,baseline.csv,20260425_204331
20180326-02,2018-03-26,2018,3,26,Mon,13,15,20,26,28,102,3,2,1,baseline.csv,20260425_204331
20180327-01,2018-03-27,2018,3,27,Tue,1,21,27,29,41,119,0,5,1,baseline.csv,20260425_204331
20180327-02,2018-03-27,2018,3,27,Tue,3,15,24,27,43,112,1,4,1,baseline.csv,20260425_204331
20180328-01,2018-03-28,2018,3,28,Wed,3,21,38,42,43,147,2,3,2,baseline.csv,20260425_204331
20180328-02,2018-03-28,2018,3,28,Wed,5,7,37,38,39,126,1,4,3,baseline.csv,20260425_204331
20180329-01,2018-03-29,2018,3,29,Thu,1,17,31,44,45,138,1,4,2,baseline.csv,20260425_204331
20180329-02,2018-03-29,2018,3,29,Thu,12,20,23,24,32,111,4,1,2,baseline.csv,20260425_204331
20180330-01,2018-03-30,2018,3,30,Fri,3,25,28,34,42,132,3,2,1,baseline.csv,20260425_204331
20180330-02,2018-03-30,2018,3,30,Fri,2,16,17,19,45,99,2,3,2,baseline.csv,20260425_204331
20180331-01,2018-03-31,2018,3,31,Sat,5,16,18,19,41,99,2,3,2,baseline.csv,20260425_204331
20180331-02,2018-03-31,2018,3,31,Sat,1,12,17,28,43,101,2,3,1,baseline.csv,20260425_204331
20180401-01,2018-04-01,2018,4,1,Sun,2,19,27,42,45,135,2,3,1,baseline.csv,20260425_204331
20180401-02,2018-04-01,2018,4,1,Sun,19,32,37,38,39,165,2,3,3,baseline.csv,20260425_204331
20180402-01,2018-04-02,2018,4,2,Mon,6,18,29,34,37,124,3,2,1,baseline.csv,20260425_204331
20180402-02,2018-04-02,2018,4,2,Mon,8,10,30,31,33,112,3,2,2,baseline.csv,20260425_204331
20180403-01,2018-04-03,2018,4,3,Tue,9,13,18,27,35,102,1,4,1,baseline.csv,20260425_204331
20180403-02,2018-04-03,2018,4,3,Tue,8,16,18,24,29,95,4,1,1,baseline.csv,20260425_204331
20180404-01,2018-04-04,2018,4,4,Wed,5,7,12,15,31,70,1,4,1,baseline.csv,20260425_204331
20180404-02,2018-04-04,2018,4,4,Wed,10,20,23,31,43,127,2,3,1,baseline.csv,20260425_204331
20180405-01,2018-04-05,2018,4,5,Thu,1,6,31,34,44,116,3,2,1,baseline.csv,20260425_204331
20180405-02,2018-04-05,2018,4,5,Thu,3,6,13,31,32,85,2,3,2,baseline.csv,20260425_204331
20180406-01,2018-04-06,2018,4,6,Fri,9,12,18,24,26,89,4,1,1,baseline.csv,20260425_204331
20180406-02,2018-04-06,2018,4,6,Fri,1,13,19,26,36,95,2,3,1,baseline.csv,20260425_204331
20180407-01,2018-04-07,2018,4,7,Sat,6,16,31,36,44,133,4,1,1,baseline.csv,20260425_204331
20180407-02,2018-04-07,2018,4,7,Sat,2,9,15,22,33,81,2,3,1,baseline.csv,20260425_204331
20180408-01,2018-04-08,2018,4,8,Sun,1,19,31,36,38,125,2,3,1,baseline.csv,20260425_204331
20180408-02,2018-04-08,2018,4,8,Sun,15,33,34,44,45,171,2,3,2,baseline.csv,20260425_204331
20180409-01,2018-04-09,2018,4,9,Mon,6,19,24,37,39,125,2,3,1,baseline.csv,20260425_204331
20180409-02,2018-04-09,2018,4,9,Mon,2,26,27,29,38,122,3,2,2,baseline.csv,20260425_204331
20180410-01,2018-04-10,2018,4,10,Tue,20,36,38,39,41,174,3,2,2,baseline.csv,20260425_204331
20180410-02,2018-04-10,2018,4,10,Tue,1,20,33,35,43,132,1,4,1,baseline.csv,20260425_204331
20180411-01,2018-04-11,2018,4,11,Wed,9,10,24,26,42,111,4,1,2,baseline.csv,20260425_204331
20180411-02,2018-04-11,2018,4,11,Wed,1,13,31,36,40,121,2,3,1,baseline.csv,20260425_204331
20180412-01,2018-04-12,2018,4,12,Thu,3,4,5,18,21,51,2,3,3,baseline.csv,20260425_204331
20180412-02,2018-04-12,2018,4,12,Thu,17,19,29,32,40,137,2,3,1,baseline.csv,20260425_204331
20180413-01,2018-04-13,2018,4,13,Fri,1,12,19,41,42,115,2,3,2,baseline.csv,20260425_204331
20180413-02,2018-04-13,2018,4,13,Fri,3,8,10,11,12,44,3,2,3,baseline.csv,20260425_204331
20180414-01,2018-04-14,2018,4,14,Sat,14,26,27,32,40,139,4,1,2,baseline.csv,20260425_204331
20180414-02,2018-04-14,2018,4,14,Sat,3,17,27,28,43,118,1,4,2,baseline.csv,20260425_204331
20180415-01,2018-04-15,2018,4,15,Sun,6,20,25,31,34,116,3,2,1,baseline.csv,20260425_204331
20180415-02,2018-04-15,2018,4,15,Sun,11,12,13,34,39,109,2,3,3,baseline.csv,20260425_204331
20180416-01,2018-04-16,2018,4,16,Mon,13,28,35,38,42,156,3,2,1,baseline.csv,20260425_204331
20180416-02,2018-04-16,2018,4,16,Mon,18,19,21,42,44,144,3,2,2,baseline.csv,20260425_204331
20180417-01,2018-04-17,2018,4,17,Tue,5,16,27,34,41,123,2,3,1,baseline.csv,20260425_204331
20180417-02,2018-04-17,2018,4,17,Tue,17,25,30,37,42,151,2,3,1,baseline.csv,20260425_204331
20180418-01,2018-04-18,2018,4,18,Wed,17,18,19,23,33,110,1,4,3,baseline.csv,20260425_204331
20180418-02,2018-04-18,2018,4,18,Wed,1,5,19,22,35,82,1,4,1,baseline.csv,20260425_204331
20180419-01,2018-04-19,2018,4,19,Thu,1,16,32,36,43,128,3,2,1,baseline.csv,20260425_204331
20180419-02,2018-04-19,2018,4,19,Thu,13,14,21,22,33,103,2,3,2,baseline.csv,20260425_204331
20180420-01,2018-04-20,2018,4,20,Fri,1,3,16,24,43,87,2,3,1,baseline.csv,20260425_204331
20180420-02,2018-04-20,2018,4,20,Fri,8,24,34,37,39,142,3,2,1,baseline.csv,20260425_204331
20180421-01,2018-04-21,2018,4,21,Sat,16,28,30,35,42,151,4,1,1,baseline.csv,20260425_204331
20180421-02,2018-04-21,2018,4,21,Sat,19,22,23,36,38,138,3,2,2,baseline.csv,20260425_204331
20180422-01,2018-04-22,2018,4,22,Sun,3,10,13,29,44,99,2,3,1,baseline.csv,20260425_204331
20180422-02,2018-04-22,2018,4,22,Sun,6,9,37,38,45,135,2,3,2,baseline.csv,20260425_204331
20180423-01,2018-04-23,2018,4,23,Mon,3,5,18,37,40,103,2,3,1,baseline.csv,20260425_204331
20180423-02,2018-04-23,2018,4,23,Mon,4,5,13,14,21,57,2,3,2,baseline.csv,20260425_204331
20180424-01,2018-04-24,2018,4,24,Tue,6,33,35,36,37,147,2,3,3,baseline.csv,20260425_204331
20180424-02,2018-04-24,2018,4,24,Tue,6,17,29,35,37,124,1,4,1,baseline.csv,20260425_204331
20180425-01,2018-04-25,2018,4,25,Wed,6,38,40,43,45,172,3,2,1,baseline.csv,20260425_204331
20180425-02,2018-04-25,2018,4,25,Wed,1,15,28,36,45,125,2,3,1,baseline.csv,20260425_204331
20180426-01,2018-04-26,2018,4,26,Thu,6,19,20,27,31,103,2,3,2,baseline.csv,20260425_204331
20180426-02,2018-04-26,2018,4,26,Thu,5,11,14,37,41,108,1,4,1,baseline.csv,20260425_204331
20180427-01,2018-04-27,2018,4,27,Fri,2,8,30,32,41,113,4,1,1,baseline.csv,20260425_204331
20180427-02,2018-04-27,2018,4,27,Fri,31,38,40,42,44,195,4,1,1,baseline.csv,20260425_204331
20180428-01,2018-04-28,2018,4,28,Sat,4,22,28,30,32,116,5,0,1,baseline.csv,20260425_204331
20180428-02,2018-04-28,2018,4,28,Sat,6,10,17,31,45,109,2,3,1,baseline.csv,20260425_204331
20180429-01,2018-04-29,2018,4,29,Sun,2,12,26,28,35,103,4,1,1,baseline.csv,20260425_204331
20180429-02,2018-04-29,2018,4,29,Sun,5,13,18,26,43,105,2,3,1,baseline.csv,20260425_204331
20180430-01,2018-04-30,2018,4,30,Mon,9,13,21,27,42,112,1,4,1,baseline.csv,20260425_204331
20180430-02,2018-04-30,2018,4,30,Mon,4,12,27,32,41,116,3,2,1,baseline.csv,20260425_204331
20180501-01,2018-05-01,2018,5,1,Tue,3,9,14,16,41,83,2,3,1,baseline.csv,20260425_204331
20180501-02,2018-05-01,2018,5,1,Tue,1,3,10,33,35,82,1,4,1,baseline.csv,20260425_204331
20180502-01,2018-05-02,2018,5,2,Wed,1,24,27,33,38,123,2,3,1,baseline.csv,20260425_204331
20180502-02,2018-05-02,2018,5,2,Wed,3,4,10,24,30,71,4,1,2,baseline.csv,20260425_204331
20180503-01,2018-05-03,2018,5,3,Thu,2,4,7,27,42,82,3,2,1,baseline.csv,20260425_204331
20180503-02,2018-05-03,2018,5,3,Thu,6,19,22,23,32,102,3,2,2,baseline.csv,20260425_204331
20180504-01,2018-05-04,2018,5,4,Fri,21,22,29,30,43,145,2,3,2,baseline.csv,20260425_204331
20180504-02,2018-05-04,2018,5,4,Fri,10,11,19,22,38,100,3,2,2,baseline.csv,20260425_204331
20180505-01,2018-05-05,2018,5,5,Sat,9,12,13,25,31,90,1,4,2,baseline.csv,20260425_204331
20180505-02,2018-05-05,2018,5,5,Sat,14,16,34,35,40,139,4,1,2,baseline.csv,20260425_204331
20180506-01,2018-05-06,2018,5,6,Sun,5,6,37,39,43,130,1,4,2,baseline.csv,20260425_204331
20180506-02,2018-05-06,2018,5,6,Sun,3,23,27,28,40,121,2,3,2,baseline.csv,20260425_204331
20180507-01,2018-05-07,2018,5,7,Mon,8,15,32,33,39,127,2,3,2,baseline.csv,20260425_204331
20180507-02,2018-05-07,2018,5,7,Mon,10,14,19,22,37,102,3,2,1,baseline.csv,20260425_204331
20180508-01,2018-05-08,2018,5,8,Tue,1,12,19,20,22,74,3,2,2,baseline.csv,20260425_204331
20180508-02,2018-05-08,2018,5,8,Tue,2,25,29,42,43,141,2,3,2,baseline.csv,20260425_204331
20180509-01,2018-05-09,2018,5,9,Wed,8,10,16,34,41,109,4,1,1,baseline.csv,20260425_204331
20180509-02,2018-05-09,2018,5,9,Wed,13,21,28,31,43,136,1,4,1,baseline.csv,20260425_204331
20180510-01,2018-05-10,2018,5,10,Thu,4,24,25,26,30,109,4,1,3,baseline.csv,20260425_204331
20180510-02,2018-05-10,2018,5,10,Thu,1,7,11,19,36,74,1,4,1,baseline.csv,20260425_204331
20180511-01,2018-05-11,2018,5,11,Fri,6,14,22,24,37,103,4,1,1,baseline.csv,20260425_204331
20180511-02,2018-05-11,2018,5,11,Fri,12,14,15,16,34,91,4,1,3,baseline.csv,20260425_204331
20180512-01,2018-05-12,2018,5,12,Sat,4,17,23,25,35,104,1,4,1,baseline.csv,20260425_204331
20180512-02,2018-05-12,2018,5,12,Sat,8,14,23,36,41,122,3,2,1,baseline.csv,20260425_204331
20180513-01,2018-05-13,2018,5,13,Sun,25,34,38,41,45,183,2,3,1,baseline.csv,20260425_204331
20180513-02,2018-05-13,2018,5,13,Sun,5,14,20,21,34,94,3,2,2,baseline.csv,20260425_204331
20180514-01,2018-05-14,2018,5,14,Mon,3,11,19,25,29,87,0,5,1,baseline.csv,20260425_204331
20180514-02,2018-05-14,2018,5,14,Mon,5,17,34,37,38,131,2,3,2,baseline.csv,20260425_204331
20180515-01,2018-05-15,2018,5,15,Tue,8,10,11,25,31,85,2,3,2,baseline.csv,20260425_204331
20180515-02,2018-05-15,2018,5,15,Tue,4,5,17,30,43,99,2,3,2,baseline.csv,20260425_204331
20180516-01,2018-05-16,2018,5,16,Wed,1,4,5,30,31,71,2,3,2,baseline.csv,20260425_204331
20180516-02,2018-05-16,2018,5,16,Wed,8,14,17,22,43,104,3,2,1,baseline.csv,20260425_204331
20180517-01,2018-05-17,2018,5,17,Thu,2,17,18,28,45,110,3,2,2,baseline.csv,20260425_204331
20180517-02,2018-05-17,2018,5,17,Thu,2,19,22,25,29,97,2,3,1,baseline.csv,20260425_204331
20180518-01,2018-05-18,2018,5,18,Fri,19,21,23,32,37,132,1,4,1,baseline.csv,20260425_204331
20180518-02,2018-05-18,2018,5,18,Fri,10,13,15,38,41,117,2,3,1,baseline.csv,20260425_204331
20180519-01,2018-05-19,2018,5,19,Sat,11,23,38,40,44,156,3,2,1,baseline.csv,20260425_204331
20180519-02,2018-05-19,2018,5,19,Sat,4,23,25,32,39,123,2,3,1,baseline.csv,20260425_204331
20180520-01,2018-05-20,2018,5,20,Sun,5,6,20,32,42,105,4,1,2,baseline.csv,20260425_204331
20180520-02,2018-05-20,2018,5,20,Sun,6,8,10,15,38,77,4,1,1,baseline.csv,20260425_204331
20180521-01,2018-05-21,2018,5,21,Mon,4,11,15,17,45,92,1,4,1,baseline.csv,20260425_204331
20180521-02,2018-05-21,2018,5,21,Mon,4,6,8,11,44,73,4,1,1,baseline.csv,20260425_204331
20180522-01,2018-05-22,2018,5,22,Tue,4,11,19,27,31,92,1,4,1,baseline.csv,20260425_204331
20180522-02,2018-05-22,2018,5,22,Tue,30,35,39,41,42,187,2,3,2,baseline.csv,20260425_204331
20180523-01,2018-05-23,2018,5,23,Wed,1,2,10,24,29,66,3,2,2,baseline.csv,20260425_204331
20180523-02,2018-05-23,2018,5,23,Wed,6,24,36,43,45,154,3,2,1,baseline.csv,20260425_204331
20180524-01,2018-05-24,2018,5,24,Thu,11,22,23,26,36,118,3,2,2,baseline.csv,20260425_204331
20180524-02,2018-05-24,2018,5,24,Thu,7,8,15,27,41,98,1,4,2,baseline.csv,20260425_204331
20180525-01,2018-05-25,2018,5,25,Fri,10,21,24,31,39,125,2,3,1,baseline.csv,20260425_204331
20180525-02,2018-05-25,2018,5,25,Fri,3,9,31,32,41,116,1,4,2,baseline.csv,20260425_204331
20180526-01,2018-05-26,2018,5,26,Sat,3,25,33,38,45,144,1,4,1,baseline.csv,20260425_204331
20180526-02,2018-05-26,2018,5,26,Sat,2,16,23,31,38,110,3,2,1,baseline.csv,20260425_204331
20180527-01,2018-05-27,2018,5,27,Sun,10,11,26,27,45,119,2,3,2,baseline.csv,20260425_204331
20180527-02,2018-05-27,2018,5,27,Sun,21,26,35,37,45,164,1,4,1,baseline.csv,20260425_204331
20180528-01,2018-05-28,2018,5,28,Mon,13,14,15,21,41,104,1,4,3,baseline.csv,20260425_204331
20180528-02,2018-05-28,2018,5,28,Mon,2,3,4,28,29,66,3,2,3,baseline.csv,20260425_204331
20180529-01,2018-05-29,2018,5,29,Tue,11,23,25,35,43,137,0,5,1,baseline.csv,20260425_204331
20180529-02,2018-05-29,2018,5,29,Tue,6,10,17,20,41,94,3,2,1,baseline.csv,20260425_204331
20180530-01,2018-05-30,2018,5,30,Wed,1,2,8,17,25,53,2,3,2,baseline.csv,20260425_204331
20180530-02,2018-05-30,2018,5,30,Wed,3,5,11,19,35,73,0,5,1,baseline.csv,20260425_204331
20180531-01,2018-05-31,2018,5,31,Thu,10,12,25,31,37,115,2,3,1,baseline.csv,20260425_204331
20180531-02,2018-05-31,2018,5,31,Thu,7,16,23,26,40,112,3,2,1,baseline.csv,20260425_204331
20180601-01,2018-06-01,2018,6,1,Fri,5,8,17,35,37,102,1,4,1,baseline.csv,20260425_204331
20180601-02,2018-06-01,2018,6,1,Fri,6,12,20,23,27,88,3,2,1,baseline.csv,20260425_204331
20180602-01,2018-06-02,2018,6,2,Sat,1,3,10,34,37,85,2,3,1,baseline.csv,20260425_204331
20180602-02,2018-06-02,2018,6,2,Sat,2,4,13,27,44,90,3,2,1,baseline.csv,20260425_204331
20180603-01,2018-06-03,2018,6,3,Sun,15,16,18,27,36,112,3,2,2,baseline.csv,20260425_204331
20180603-02,2018-06-03,2018,6,3,Sun,6,14,23,34,35,112,3,2,2,baseline.csv,20260425_204331
20180604-01,2018-06-04,2018,6,4,Mon,2,20,23,33,44,122,3,2,1,baseline.csv,20260425_204331
20180604-02,2018-06-04,2018,6,4,Mon,4,20,31,39,41,135,2,3,1,baseline.csv,20260425_204331
20180605-01,2018-06-05,2018,6,5,Tue,10,20,32,34,44,140,5,0,1,baseline.csv,20260425_204331
20180605-02,2018-06-05,2018,6,5,Tue,11,19,21,26,45,122,1,4,1,baseline.csv,20260425_204331
20180606-01,2018-06-06,2018,6,6,Wed,6,10,23,36,43,118,3,2,1,baseline.csv,20260425_204331
20180606-02,2018-06-06,2018,6,6,Wed,8,10,24,28,32,102,5,0,1,baseline.csv,20260425_204331
20180607-01,2018-06-07,2018,6,7,Thu,3,12,25,30,43,113,2,3,1,baseline.csv,20260425_204331
20180607-02,2018-06-07,2018,6,7,Thu,1,34,37,42,43,157,2,3,2,baseline.csv,20260425_204331
20180608-01,2018-06-08,2018,6,8,Fri,9,11,18,24,45,107,2,3,1,baseline.csv,20260425_204331
20180608-02,2018-06-08,2018,6,8,Fri,5,16,22,24,32,99,4,1,1,baseline.csv,20260425_204331
20180609-01,2018-06-09,2018,6,9,Sat,5,7,13,16,19,60,1,4,1,baseline.csv,20260425_204331
20180609-02,2018-06-09,2018,6,9,Sat,6,12,16,23,42,99,4,1,1,baseline.csv,20260425_204331
20180610-01,2018-06-10,2018,6,10,Sun,25,33,38,43,45,184,1,4,1,baseline.csv,20260425_204331
20180610-02,2018-06-10,2018,6,10,Sun,2,4,9,10,26,51,4,1,2,baseline.csv,20260425_204331
20180611-01,2018-06-11,2018,6,11,Mon,23,24,25,40,43,155,2,3,3,baseline.csv,20260425_204331
20180611-02,2018-06-11,2018,6,11,Mon,13,18,22,34,36,123,4,1,1,baseline.csv,20260425_204331
20180612-01,2018-06-12,2018,6,12,Tue,10,24,30,34,37,135,4,1,1,baseline.csv,20260425_204331
20180612-02,2018-06-12,2018,6,12,Tue,2,9,28,31,35,105,2,3,1,baseline.csv,20260425_204331
20180613-01,2018-06-13,2018,6,13,Wed,10,15,20,22,24,91,4,1,1,baseline.csv,20260425_204331
20180613-02,2018-06-13,2018,6,13,Wed,9,17,28,39,41,134,1,4,1,baseline.csv,20260425_204331
20180614-01,2018-06-14,2018,6,14,Thu,17,20,28,36,44,145,4,1,1,baseline.csv,20260425_204331
20180614-02,2018-06-14,2018,6,14,Thu,15,18,20,40,42,135,4,1,1,baseline.csv,20260425_204331
20180615-01,2018-06-15,2018,6,15,Fri,21,24,37,38,43,163,2,3,2,baseline.csv,20260425_204331
20180615-02,2018-06-15,2018,6,15,Fri,6,8,14,38,45,111,4,1,1,baseline.csv,20260425_204331
20180616-01,2018-06-16,2018,6,16,Sat,2,4,18,23,35,82,3,2,1,baseline.csv,20260425_204331
20180616-02,2018-06-16,2018,6,16,Sat,4,8,23,27,33,95,2,3,1,baseline.csv,20260425_204331
20180617-01,2018-06-17,2018,6,17,Sun,25,27,29,40,42,163,2,3,1,baseline.csv,20260425_204331
20180617-02,2018-06-17,2018,6,17,Sun,4,18,22,29,32,105,4,1,1,baseline.csv,20260425_204331
20180618-01,2018-06-18,2018,6,18,Mon,4,10,13,30,39,96,3,2,1,baseline.csv,20260425_204331
20180618-02,2018-06-18,2018,6,18,Mon,19,21,27,37,43,147,0,5,1,baseline.csv,20260425_204331
20180619-01,2018-06-19,2018,6,19,Tue,5,13,14,38,45,115,2,3,2,baseline.csv,20260425_204331
20180619-02,2018-06-19,2018,6,19,Tue,13,32,35,40,43,163,2,3,1,baseline.csv,20260425_204331
20180620-01,2018-06-20,2018,6,20,Wed,1,11,30,34,37,113,2,3,1,baseline.csv,20260425_204331
20180620-02,2018-06-20,2018,6,20,Wed,11,17,21,27,31,107,0,5,1,baseline.csv,20260425_204331
20180621-01,2018-06-21,2018,6,21,Thu,8,9,17,26,44,104,3,2,2,baseline.csv,20260425_204331
20180621-02,2018-06-21,2018,6,21,Thu,7,9,21,30,40,107,2,3,1,baseline.csv,20260425_204331
20180622-01,2018-06-22,2018,6,22,Fri,4,6,13,17,38,78,3,2,1,baseline.csv,20260425_204331
20180622-02,2018-06-22,2018,6,22,Fri,13,19,25,37,45,139,0,5,1,baseline.csv,20260425_204331
20180623-01,2018-06-23,2018,6,23,Sat,13,17,35,44,45,154,1,4,2,baseline.csv,20260425_204331
20180623-02,2018-06-23,2018,6,23,Sat,4,6,10,12,44,76,5,0,1,baseline.csv,20260425_204331
20180624-01,2018-06-24,2018,6,24,Sun,4,10,11,35,43,103,2,3,2,baseline.csv,20260425_204331
20180624-02,2018-06-24,2018,6,24,Sun,13,27,30,35,39,144,1,4,1,baseline.csv,20260425_204331
20180625-01,2018-06-25,2018,6,25,Mon,10,14,25,31,38,118,3,2,1,baseline.csv,20260425_204331
20180625-02,2018-06-25,2018,6,25,Mon,20,27,29,37,39,152,1,4,1,baseline.csv,20260425_204331
20180626-01,2018-06-26,2018,6,26,Tue,5,17,26,28,35,111,2,3,1,baseline.csv,20260425_204331
20180626-02,2018-06-26,2018,6,26,Tue,10,25,29,30,33,127,2,3,2,baseline.csv,20260425_204331
20180627-01,2018-06-27,2018,6,27,Wed,2,7,33,41,44,127,2,3,1,baseline.csv,20260425_204331
20180627-02,2018-06-27,2018,6,27,Wed,16,21,36,39,44,156,3,2,1,baseline.csv,20260425_204331
20180628-01,2018-06-28,2018,6,28,Thu,6,21,23,27,37,114,1,4,1,baseline.csv,20260425_204331
20180628-02,2018-06-28,2018,6,28,Thu,9,11,13,20,42,95,2,3,1,baseline.csv,20260425_204331
20180629-01,2018-06-29,2018,6,29,Fri,10,11,25,36,43,125,2,3,2,baseline.csv,20260425_204331
20180629-02,2018-06-29,2018,6,29,Fri,3,7,8,9,23,50,1,4,3,baseline.csv,20260425_204331
20180630-01,2018-06-30,2018,6,30,Sat,9,20,21,25,40,115,2,3,2,baseline.csv,20260425_204331
20180630-02,2018-06-30,2018,6,30,Sat,14,37,41,42,43,177,2,3,3,baseline.csv,20260425_204331
20180701-01,2018-07-01,2018,7,1,Sun,3,8,22,38,43,114,3,2,1,baseline.csv,20260425_204331
20180701-02,2018-07-01,2018,7,1,Sun,6,10,21,26,33,96,3,2,1,baseline.csv,20260425_204331
20180702-01,2018-07-02,2018,7,2,Mon,5,13,14,15,43,90,1,4,3,baseline.csv,20260425_204331
20180702-02,2018-07-02,2018,7,2,Mon,11,23,29,42,44,149,2,3,1,baseline.csv,20260425_204331
20180703-01,2018-07-03,2018,7,3,Tue,18,20,29,38,41,146,3,2,1,baseline.csv,20260425_204331
20180703-02,2018-07-03,2018,7,3,Tue,13,23,24,37,45,142,1,4,2,baseline.csv,20260425_204331
20180704-01,2018-07-04,2018,7,4,Wed,2,6,26,39,41,114,3,2,1,baseline.csv,20260425_204331
20180704-02,2018-07-04,2018,7,4,Wed,2,16,21,38,41,118,3,2,1,baseline.csv,20260425_204331
20180705-01,2018-07-05,2018,7,5,Thu,4,30,34,41,45,154,3,2,1,baseline.csv,20260425_204331
20180705-02,2018-07-05,2018,7,5,Thu,22,26,29,33,42,152,3,2,1,baseline.csv,20260425_204331
20180706-01,2018-07-06,2018,7,6,Fri,3,9,14,15,28,69,2,3,2,baseline.csv,20260425_204331
20180706-02,2018-07-06,2018,7,6,Fri,12,32,39,41,43,167,2,3,1,baseline.csv,20260425_204331
20180707-01,2018-07-07,2018,7,7,Sat,13,28,33,40,42,156,3,2,1,baseline.csv,20260425_204331
20180707-02,2018-07-07,2018,7,7,Sat,4,9,10,14,29,66,3,2,2,baseline.csv,20260425_204331
20180708-01,2018-07-08,2018,7,8,Sun,4,8,27,28,45,112,3,2,2,baseline.csv,20260425_204331
20180708-02,2018-07-08,2018,7,8,Sun,5,10,13,30,41,99,2,3,1,baseline.csv,20260425_204331
20180709-01,2018-07-09,2018,7,9,Mon,17,25,39,40,44,165,2,3,2,baseline.csv,20260425_204331
20180709-02,2018-07-09,2018,7,9,Mon,13,24,26,41,44,148,3,2,1,baseline.csv,20260425_204331
20180710-01,2018-07-10,2018,7,10,Tue,13,15,16,34,40,118,3,2,2,baseline.csv,20260425_204331
20180710-02,2018-07-10,2018,7,10,Tue,16,18,23,41,42,140,3,2,2,baseline.csv,20260425_204331
20180711-01,2018-07-11,2018,7,11,Wed,9,15,32,41,43,140,1,4,1,baseline.csv,20260425_204331
20180711-02,2018-07-11,2018,7,11,Wed,9,16,33,35,43,136,1,4,1,baseline.csv,20260425_204331
20180712-01,2018-07-12,2018,7,12,Thu,3,4,16,32,35,90,3,2,2,baseline.csv,20260425_204331
20180712-02,2018-07-12,2018,7,12,Thu,2,15,20,41,45,123,2,3,1,baseline.csv,20260425_204331
20180713-01,2018-07-13,2018,7,13,Fri,14,23,26,33,39,135,2,3,1,baseline.csv,20260425_204331
20180713-02,2018-07-13,2018,7,13,Fri,5,7,12,19,27,70,1,4,1,baseline.csv,20260425_204331
20180714-01,2018-07-14,2018,7,14,Sat,9,19,26,33,39,126,1,4,1,baseline.csv,20260425_204331
20180714-02,2018-07-14,2018,7,14,Sat,4,10,14,27,31,86,3,2,1,baseline.csv,20260425_204331
20180715-01,2018-07-15,2018,7,15,Sun,8,20,25,40,45,138,3,2,1,baseline.csv,20260425_204331
20180715-02,2018-07-15,2018,7,15,Sun,3,10,13,23,30,79,2,3,1,baseline.csv,20260425_204331
20180716-01,2018-07-16,2018,7,16,Mon,25,30,34,39,40,168,3,2,2,baseline.csv,20260425_204331
20180716-02,2018-07-16,2018,7,16,Mon,7,10,13,18,25,73,2,3,1,baseline.csv,20260425_204331
20180717-01,2018-07-17,2018,7,17,Tue,7,12,18,29,34,100,3,2,1,baseline.csv,20260425_204331
20180717-02,2018-07-17,2018,7,17,Tue,7,15,23,36,37,118,1,4,2,baseline.csv,20260425_204331
20180718-01,2018-07-18,2018,7,18,Wed,23,26,38,41,42,170,3,2,2,baseline.csv,20260425_204331
20180718-02,2018-07-18,2018,7,18,Wed,1,7,11,19,25,63,0,5,1,baseline.csv,20260425_204331
20180719-01,2018-07-19,2018,7,19,Thu,6,13,33,35,36,123,2,3,2,baseline.csv,20260425_204331
20180719-02,2018-07-19,2018,7,19,Thu,1,20,26,27,41,115,2,3,2,baseline.csv,20260425_204331
20180720-01,2018-07-20,2018,7,20,Fri,3,5,7,25,45,85,0,5,1,baseline.csv,20260425_204331
20180720-02,2018-07-20,2018,7,20,Fri,5,9,18,39,41,112,1,4,1,baseline.csv,20260425_204331
20180721-01,2018-07-21,2018,7,21,Sat,2,9,17,33,34,95,2,3,2,baseline.csv,20260425_204331
20180721-02,2018-07-21,2018,7,21,Sat,4,6,27,36,40,113,4,1,1,baseline.csv,20260425_204331
20180722-01,2018-07-22,2018,7,22,Sun,1,15,30,32,38,116,3,2,1,baseline.csv,20260425_204331
20180722-02,2018-07-22,2018,7,22,Sun,19,21,23,24,35,122,1,4,2,baseline.csv,20260425_204331
20180723-01,2018-07-23,2018,7,23,Mon,5,9,12,31,34,91,2,3,1,baseline.csv,20260425_204331
20180723-02,2018-07-23,2018,7,23,Mon,5,18,25,29,31,108,1,4,1,baseline.csv,20260425_204331
20180724-01,2018-07-24,2018,7,24,Tue,1,4,27,28,31,91,2,3,2,baseline.csv,20260425_204331
20180724-02,2018-07-24,2018,7,24,Tue,4,11,17,27,40,99,2,3,1,baseline.csv,20260425_204331
20180725-01,2018-07-25,2018,7,25,Wed,5,13,17,20,41,96,1,4,1,baseline.csv,20260425_204331
20180725-02,2018-07-25,2018,7,25,Wed,12,23,25,30,45,135,2,3,1,baseline.csv,20260425_204331
20180726-01,2018-07-26,2018,7,26,Thu,5,9,31,33,37,115,0,5,1,baseline.csv,20260425_204331
20180726-02,2018-07-26,2018,7,26,Thu,6,7,11,23,25,72,1,4,2,baseline.csv,20260425_204331
20180727-01,2018-07-27,2018,7,27,Fri,28,31,37,41,43,180,1,4,1,baseline.csv,20260425_204331
20180727-02,2018-07-27,2018,7,27,Fri,12,13,20,29,36,110,3,2,2,baseline.csv,20260425_204331
20180728-01,2018-07-28,2018,7,28,Sat,25,33,35,38,40,171,2,3,1,baseline.csv,20260425_204331
20180728-02,2018-07-28,2018,7,28,Sat,5,22,25,30,36,118,3,2,1,baseline.csv,20260425_204331
20180729-01,2018-07-29,2018,7,29,Sun,11,19,21,29,32,112,1,4,1,baseline.csv,20260425_204331
20180729-02,2018-07-29,2018,7,29,Sun,17,20,28,43,44,152,3,2,2,baseline.csv,20260425_204331
20180730-01,2018-07-30,2018,7,30,Mon,19,22,35,36,43,155,2,3,2,baseline.csv,20260425_204331
20180730-02,2018-07-30,2018,7,30,Mon,5,18,23,25,34,105,2,3,1,baseline.csv,20260425_204331
20180731-01,2018-07-31,2018,7,31,Tue,10,17,31,33,35,126,1,4,1,baseline.csv,20260425_204331
20180731-02,2018-07-31,2018,7,31,Tue,3,9,13,33,43,101,0,5,1,baseline.csv,20260425_204331
20180801-01,2018-08-01,2018,8,1,Wed,3,17,27,32,38,117,2,3,1,baseline.csv,20260425_204331
20180801-02,2018-08-01,2018,8,1,Wed,9,12,20,33,42,116,3,2,1,baseline.csv,20260425_204331
20180802-01,2018-08-02,2018,8,2,Thu,8,16,25,27,43,119,2,3,1,baseline.csv,20260425_204331
20180802-02,2018-08-02,2018,8,2,Thu,13,14,19,31,43,120,1,4,2,baseline.csv,20260425_204331
20180803-01,2018-08-03,2018,8,3,Fri,9,31,32,35,40,147,2,3,2,baseline.csv,20260425_204331
20180803-02,2018-08-03,2018,8,3,Fri,12,13,25,29,39,118,1,4,2,baseline.csv,20260425_204331
20180804-01,2018-08-04,2018,8,4,Sat,4,11,15,30,34,94,3,2,1,baseline.csv,20260425_204331
20180804-02,2018-08-04,2018,8,4,Sat,5,11,19,24,34,93,2,3,1,baseline.csv,20260425_204331
20180805-01,2018-08-05,2018,8,5,Sun,1,11,27,34,41,114,1,4,1,baseline.csv,20260425_204331
20180805-02,2018-08-05,2018,8,5,Sun,10,23,38,41,43,155,2,3,1,baseline.csv,20260425_204331
20180806-01,2018-08-06,2018,8,6,Mon,3,19,32,38,41,133,2,3,1,baseline.csv,20260425_204331
20180806-02,2018-08-06,2018,8,6,Mon,13,15,21,23,26,98,1,4,1,baseline.csv,20260425_204331
20180807-01,2018-08-07,2018,8,7,Tue,7,8,23,27,30,95,2,3,2,baseline.csv,20260425_204331
20180807-02,2018-08-07,2018,8,7,Tue,7,14,16,32,38,107,4,1,1,baseline.csv,20260425_204331
20180808-01,2018-08-08,2018,8,8,Wed,8,9,12,19,23,71,2,3,2,baseline.csv,20260425_204331
20180808-02,2018-08-08,2018,8,8,Wed,1,7,17,25,35,85,0,5,1,baseline.csv,20260425_204331
20180809-01,2018-08-09,2018,8,9,Thu,8,15,26,27,37,113,2,3,2,baseline.csv,20260425_204331
20180809-02,2018-08-09,2018,8,9,Thu,2,5,14,37,43,101,2,3,1,baseline.csv,20260425_204331
20180810-01,2018-08-10,2018,8,10,Fri,4,6,15,27,28,80,3,2,2,baseline.csv,20260425_204331
20180810-02,2018-08-10,2018,8,10,Fri,11,12,17,22,25,87,2,3,2,baseline.csv,20260425_204331
20180811-01,2018-08-11,2018,8,11,Sat,2,12,19,30,43,106,3,2,1,baseline.csv,20260425_204331
20180811-02,2018-08-11,2018,8,11,Sat,17,19,28,31,45,140,1,4,1,baseline.csv,20260425_204331
20180812-01,2018-08-12,2018,8,12,Sun,8,12,17,22,35,94,3,2,1,baseline.csv,20260425_204331
20180812-02,2018-08-12,2018,8,12,Sun,21,23,26,37,44,151,2,3,1,baseline.csv,20260425_204331
20180813-01,2018-08-13,2018,8,13,Mon,7,13,24,26,30,100,3,2,1,baseline.csv,20260425_204331
20180813-02,2018-08-13,2018,8,13,Mon,1,2,13,16,25,57,2,3,2,baseline.csv,20260425_204331
20180814-01,2018-08-14,2018,8,14,Tue,16,27,37,39,43,162,1,4,1,baseline.csv,20260425_204331
20180814-02,2018-08-14,2018,8,14,Tue,5,15,17,32,37,106,1,4,1,baseline.csv,20260425_204331
20180815-01,2018-08-15,2018,8,15,Wed,8,14,28,38,40,128,5,0,1,baseline.csv,20260425_204331
20180815-02,2018-08-15,2018,8,15,Wed,13,14,17,24,25,93,2,3,2,baseline.csv,20260425_204331
20180816-01,2018-08-16,2018,8,16,Thu,14,24,28,39,43,148,3,2,1,baseline.csv,20260425_204331
20180816-02,2018-08-16,2018,8,16,Thu,11,18,24,27,35,115,2,3,1,baseline.csv,20260425_204331
20180817-01,2018-08-17,2018,8,17,Fri,7,9,12,17,45,90,1,4,1,baseline.csv,20260425_204331
20180817-02,2018-08-17,2018,8,17,Fri,4,7,15,17,19,62,1,4,1,baseline.csv,20260425_204331
20180818-01,2018-08-18,2018,8,18,Sat,10,19,32,38,40,139,4,1,1,baseline.csv,20260425_204331
20180818-02,2018-08-18,2018,8,18,Sat,3,19,28,29,38,117,2,3,2,baseline.csv,20260425_204331
20180819-01,2018-08-19,2018,8,19,Sun,3,13,14,35,43,108,1,4,2,baseline.csv,20260425_204331
20180819-02,2018-08-19,2018,8,19,Sun,8,15,28,40,41,132,3,2,2,baseline.csv,20260425_204331
20180820-01,2018-08-20,2018,8,20,Mon,15,22,32,34,36,139,4,1,1,baseline.csv,20260425_204331
20180820-02,2018-08-20,2018,8,20,Mon,7,11,19,21,30,88,1,4,1,baseline.csv,20260425_204331
20180821-01,2018-08-21,2018,8,21,Tue,19,22,29,38,40,148,3,2,1,baseline.csv,20260425_204331
20180821-02,2018-08-21,2018,8,21,Tue,8,12,16,22,43,101,4,1,1,baseline.csv,20260425_204331
20180822-01,2018-08-22,2018,8,22,Wed,3,13,28,35,36,115,2,3,2,baseline.csv,20260425_204331
20180822-02,2018-08-22,2018,8,22,Wed,14,17,33,39,45,148,1,4,1,baseline.csv,20260425_204331
20180823-01,2018-08-23,2018,8,23,Thu,17,20,22,32,43,134,3,2,1,baseline.csv,20260425_204331
20180823-02,2018-08-23,2018,8,23,Thu,2,9,17,22,27,77,2,3,1,baseline.csv,20260425_204331
20180824-01,2018-08-24,2018,8,24,Fri,6,9,10,13,31,69,2,3,2,baseline.csv,20260425_204331
20180824-02,2018-08-24,2018,8,24,Fri,11,12,33,35,38,129,2,3,2,baseline.csv,20260425_204331
20180825-01,2018-08-25,2018,8,25,Sat,5,6,7,15,42,75,2,3,3,baseline.csv,20260425_204331
20180825-02,2018-08-25,2018,8,25,Sat,10,16,18,34,42,120,5,0,1,baseline.csv,20260425_204331
20180826-01,2018-08-26,2018,8,26,Sun,7,18,26,38,43,132,3,2,1,baseline.csv,20260425_204331
20180826-02,2018-08-26,2018,8,26,Sun,8,12,28,34,45,127,4,1,1,baseline.csv,20260425_204331
20180827-01,2018-08-27,2018,8,27,Mon,1,17,22,23,37,100,1,4,2,baseline.csv,20260425_204331
20180827-02,2018-08-27,2018,8,27,Mon,7,10,29,37,43,126,1,4,1,baseline.csv,20260425_204331
20180828-01,2018-08-28,2018,8,28,Tue,5,10,15,34,37,101,2,3,1,baseline.csv,20260425_204331
20180828-02,2018-08-28,2018,8,28,Tue,2,18,35,41,44,140,3,2,1,baseline.csv,20260425_204331
20180829-01,2018-08-29,2018,8,29,Wed,3,12,13,25,40,93,2,3,2,baseline.csv,20260425_204331
20180829-02,2018-08-29,2018,8,29,Wed,7,11,23,26,39,106,1,4,1,baseline.csv,20260425_204331
20180830-01,2018-08-30,2018,8,30,Thu,6,9,12,35,42,104,3,2,1,baseline.csv,20260425_204331
20180830-02,2018-08-30,2018,8,30,Thu,14,16,28,33,34,125,4,1,2,baseline.csv,20260425_204331
20180831-01,2018-08-31,2018,8,31,Fri,5,10,23,24,27,89,2,3,2,baseline.csv,20260425_204331
20180831-02,2018-08-31,2018,8,31,Fri,9,20,22,33,45,129,2,3,1,baseline.csv,20260425_204331
20180901-01,2018-09-01,2018,9,1,Sat,7,27,31,36,42,143,2,3,1,baseline.csv,20260425_204331
20180901-02,2018-09-01,2018,9,1,Sat,4,7,9,18,25,63,2,3,1,baseline.csv,20260425_204331
20180902-01,2018-09-02,2018,9,2,Sun,6,8,14,26,37,91,4,1,1,baseline.csv,20260425_204331
20180902-02,2018-09-02,2018,9,2,Sun,5,10,20,21,22,78,3,2,3,baseline.csv,20260425_204331
20180903-01,2018-09-03,2018,9,3,Mon,1,10,15,20,36,82,3,2,1,baseline.csv,20260425_204331
20180903-02,2018-09-03,2018,9,3,Mon,1,6,20,21,35,83,2,3,2,baseline.csv,20260425_204331
20180904-01,2018-09-04,2018,9,4,Tue,9,27,29,31,42,138,1,4,1,baseline.csv,20260425_204331
20180904-02,2018-09-04,2018,9,4,Tue,13,23,24,25,29,114,1,4,3,baseline.csv,20260425_204331
20180905-01,2018-09-05,2018,9,5,Wed,4,8,20,29,33,94,3,2,1,baseline.csv,20260425_204331
20180905-02,2018-09-05,2018,9,5,Wed,7,8,24,28,37,104,3,2,2,baseline.csv,20260425_204331
20180906-01,2018-09-06,2018,9,6,Thu,4,10,13,26,33,86,3,2,1,baseline.csv,20260425_204331
20180906-02,2018-09-06,2018,9,6,Thu,3,16,18,39,43,119,2,3,1,baseline.csv,20260425_204331
20180907-01,2018-09-07,2018,9,7,Fri,1,19,25,29,37,111,0,5,1,baseline.csv,20260425_204331
20180907-02,2018-09-07,2018,9,7,Fri,4,12,32,40,42,130,5,0,1,baseline.csv,20260425_204331
20180908-01,2018-09-08,2018,9,8,Sat,7,10,16,24,35,92,3,2,1,baseline.csv,20260425_204331
20180908-02,2018-09-08,2018,9,8,Sat,4,7,11,24,33,79,2,3,1,baseline.csv,20260425_204331
20180909-01,2018-09-09,2018,9,9,Sun,15,35,37,42,43,172,1,4,2,baseline.csv,20260425_204331
20180909-02,2018-09-09,2018,9,9,Sun,5,13,16,27,35,96,1,4,1,baseline.csv,20260425_204331
20180910-01,2018-09-10,2018,9,10,Mon,9,19,24,27,33,112,1,4,1,baseline.csv,20260425_204331
20180910-02,2018-09-10,2018,9,10,Mon,13,14,15,20,22,84,3,2,3,baseline.csv,20260425_204331
20180911-01,2018-09-11,2018,9,11,Tue,10,33,36,44,45,168,3,2,2,baseline.csv,20260425_204331
20180911-02,2018-09-11,2018,9,11,Tue,1,17,22,24,33,97,2,3,1,baseline.csv,20260425_204331
20180912-01,2018-09-12,2018,9,12,Wed,1,2,4,5,31,43,2,3,2,baseline.csv,20260425_204331
20180912-02,2018-09-12,2018,9,12,Wed,6,12,21,29,33,101,2,3,1,baseline.csv,20260425_204331
20180913-01,2018-09-13,2018,9,13,Thu,7,8,17,21,28,81,2,3,2,baseline.csv,20260425_204331
20180913-02,2018-09-13,2018,9,13,Thu,15,22,24,25,28,114,3,2,2,baseline.csv,20260425_204331
20180914-01,2018-09-14,2018,9,14,Fri,17,22,31,41,43,154,1,4,1,baseline.csv,20260425_204331
20180914-02,2018-09-14,2018,9,14,Fri,2,29,33,34,42,140,3,2,2,baseline.csv,20260425_204331
20180915-01,2018-09-15,2018,9,15,Sat,4,5,8,15,18,50,3,2,2,baseline.csv,20260425_204331
20180915-02,2018-09-15,2018,9,15,Sat,1,4,10,19,29,63,2,3,1,baseline.csv,20260425_204331
20180916-01,2018-09-16,2018,9,16,Sun,1,2,6,24,35,68,3,2,2,baseline.csv,20260425_204331
20180916-02,2018-09-16,2018,9,16,Sun,1,17,25,26,40,109,2,3,2,baseline.csv,20260425_204331
20180917-01,2018-09-17,2018,9,17,Mon,4,15,16,29,35,99,2,3,2,baseline.csv,20260425_204331
20180917-02,2018-09-17,2018,9,17,Mon,11,16,19,28,36,110,3,2,1,baseline.csv,20260425_204331
20180918-01,2018-09-18,2018,9,18,Tue,14,15,29,39,41,138,1,4,2,baseline.csv,20260425_204331
20180918-02,2018-09-18,2018,9,18,Tue,15,21,24,26,30,116,3,2,1,baseline.csv,20260425_204331
20180919-01,2018-09-19,2018,9,19,Wed,4,12,14,15,21,66,3,2,2,baseline.csv,20260425_204331
20180919-02,2018-09-19,2018,9,19,Wed,3,19,27,28,29,106,1,4,3,baseline.csv,20260425_204331
20180920-01,2018-09-20,2018,9,20,Thu,7,10,17,31,38,103,2,3,1,baseline.csv,20260425_204331
20180920-02,2018-09-20,2018,9,20,Thu,9,14,15,17,27,82,1,4,2,baseline.csv,20260425_204331
20180921-01,2018-09-21,2018,9,21,Fri,15,27,30,33,41,146,1,4,1,baseline.csv,20260425_204331
20180921-02,2018-09-21,2018,9,21,Fri,2,3,15,40,42,102,3,2,2,baseline.csv,20260425_204331
20180922-01,2018-09-22,2018,9,22,Sat,8,13,14,33,36,104,3,2,2,baseline.csv,20260425_204331
20180922-02,2018-09-22,2018,9,22,Sat,7,10,12,41,44,114,3,2,1,baseline.csv,20260425_204331
20180923-01,2018-09-23,2018,9,23,Sun,5,17,20,36,40,118,3,2,1,baseline.csv,20260425_204331
20180923-02,2018-09-23,2018,9,23,Sun,5,22,25,28,44,124,3,2,1,baseline.csv,20260425_204331
20180924-01,2018-09-24,2018,9,24,Mon,11,16,27,29,35,118,1,4,1,baseline.csv,20260425_204331
20180924-02,2018-09-24,2018,9,24,Mon,5,19,23,41,45,133,0,5,1,baseline.csv,20260425_204331
20180925-01,2018-09-25,2018,9,25,Tue,12,20,22,26,34,114,5,0,1,baseline.csv,20260425_204331
20180925-02,2018-09-25,2018,9,25,Tue,2,8,21,27,42,100,3,2,1,baseline.csv,20260425_204331
20180926-01,2018-09-26,2018,9,26,Wed,9,10,25,37,45,126,1,4,2,baseline.csv,20260425_204331
20180926-02,2018-09-26,2018,9,26,Wed,13,22,28,36,40,139,4,1,1,baseline.csv,20260425_204331
20180927-01,2018-09-27,2018,9,27,Thu,1,5,20,37,45,108,1,4,1,baseline.csv,20260425_204331
20180927-02,2018-09-27,2018,9,27,Thu,6,9,17,19,45,96,1,4,1,baseline.csv,20260425_204331
20180928-01,2018-09-28,2018,9,28,Fri,11,12,29,42,45,139,2,3,2,baseline.csv,20260425_204331
20180928-02,2018-09-28,2018,9,28,Fri,11,19,20,33,38,121,2,3,2,baseline.csv,20260425_204331
20180929-01,2018-09-29,2018,9,29,Sat,10,21,37,38,45,151,2,3,2,baseline.csv,20260425_204331
20180929-02,2018-09-29,2018,9,29,Sat,16,18,31,37,41,143,2,3,1,baseline.csv,20260425_204331
20180930-01,2018-09-30,2018,9,30,Sun,10,20,26,36,40,132,5,0,1,baseline.csv,20260425_204331
20180930-02,2018-09-30,2018,9,30,Sun,1,17,22,25,33,98,1,4,1,baseline.csv,20260425_204331
20181001-01,2018-10-01,2018,10,1,Mon,4,8,16,31,41,100,3,2,1,baseline.csv,20260425_204331
20181001-02,2018-10-01,2018,10,1,Mon,5,9,11,17,23,65,0,5,1,baseline.csv,20260425_204331
20181002-01,2018-10-02,2018,10,2,Tue,19,22,28,30,41,140,3,2,1,baseline.csv,20260425_204331
20181002-02,2018-10-02,2018,10,2,Tue,7,15,23,28,39,112,1,4,1,baseline.csv,20260425_204331
20181003-01,2018-10-03,2018,10,3,Wed,12,17,28,38,44,139,4,1,1,baseline.csv,20260425_204331
20181003-02,2018-10-03,2018,10,3,Wed,21,23,37,43,44,168,1,4,2,baseline.csv,20260425_204331
20181004-01,2018-10-04,2018,10,4,Thu,3,6,8,38,41,96,3,2,1,baseline.csv,20260425_204331
20181004-02,2018-10-04,2018,10,4,Thu,13,16,18,23,41,111,2,3,1,baseline.csv,20260425_204331
20181005-01,2018-10-05,2018,10,5,Fri,11,18,29,34,39,131,2,3,1,baseline.csv,20260425_204331
20181005-02,2018-10-05,2018,10,5,Fri,1,3,7,18,22,51,2,3,1,baseline.csv,20260425_204331
20181006-01,2018-10-06,2018,10,6,Sat,10,13,15,29,42,109,2,3,1,baseline.csv,20260425_204331
20181006-02,2018-10-06,2018,10,6,Sat,5,6,30,31,32,104,3,2,3,baseline.csv,20260425_204331
20181007-01,2018-10-07,2018,10,7,Sun,3,7,15,37,40,102,1,4,1,baseline.csv,20260425_204331
20181007-02,2018-10-07,2018,10,7,Sun,6,8,18,39,45,116,3,2,1,baseline.csv,20260425_204331
20181008-01,2018-10-08,2018,10,8,Mon,15,17,22,35,44,133,2,3,1,baseline.csv,20260425_204331
20181008-02,2018-10-08,2018,10,8,Mon,18,19,34,36,43,150,3,2,2,baseline.csv,20260425_204331
20181009-01,2018-10-09,2018,10,9,Tue,27,33,34,39,43,176,1,4,2,baseline.csv,20260425_204331
20181009-02,2018-10-09,2018,10,9,Tue,4,12,29,35,45,125,2,3,1,baseline.csv,20260425_204331
20181010-01,2018-10-10,2018,10,10,Wed,25,28,37,43,44,177,2,3,2,baseline.csv,20260425_204331
20181010-02,2018-10-10,2018,10,10,Wed,17,21,27,30,40,135,2,3,1,baseline.csv,20260425_204331
20181011-01,2018-10-11,2018,10,11,Thu,5,8,14,15,23,65,2,3,2,baseline.csv,20260425_204331
20181011-02,2018-10-11,2018,10,11,Thu,3,4,6,11,18,42,3,2,2,baseline.csv,20260425_204331
20181012-01,2018-10-12,2018,10,12,Fri,1,8,13,15,38,75,2,3,1,baseline.csv,20260425_204331
20181012-02,2018-10-12,2018,10,12,Fri,6,19,27,29,39,120,1,4,1,baseline.csv,20260425_204331
20181013-01,2018-10-13,2018,10,13,Sat,1,4,26,35,36,102,3,2,2,baseline.csv,20260425_204331
20181013-02,2018-10-13,2018,10,13,Sat,8,12,13,34,38,105,4,1,2,baseline.csv,20260425_204331
20181014-01,2018-10-14,2018,10,14,Sun,15,20,23,26,36,120,3,2,1,baseline.csv,20260425_204331
20181014-02,2018-10-14,2018,10,14,Sun,3,20,23,34,44,124,3,2,1,baseline.csv,20260425_204331
20181015-01,2018-10-15,2018,10,15,Mon,13,18,22,32,41,126,3,2,1,baseline.csv,20260425_204331
20181015-02,2018-10-15,2018,10,15,Mon,2,3,4,23,43,75,2,3,3,baseline.csv,20260425_204331
20181016-01,2018-10-16,2018,10,16,Tue,1,2,3,8,30,44,3,2,3,baseline.csv,20260425_204331
20181016-02,2018-10-16,2018,10,16,Tue,22,27,30,31,42,152,3,2,2,baseline.csv,20260425_204331
20181017-01,2018-10-17,2018,10,17,Wed,7,13,16,18,24,78,3,2,1,baseline.csv,20260425_204331
20181017-02,2018-10-17,2018,10,17,Wed,2,4,24,28,34,92,5,0,1,baseline.csv,20260425_204331
20181018-01,2018-10-18,2018,10,18,Thu,4,7,11,18,28,68,3,2,1,baseline.csv,20260425_204331
20181018-02,2018-10-18,2018,10,18,Thu,1,7,21,37,38,104,1,4,2,baseline.csv,20260425_204331
20181019-01,2018-10-19,2018,10,19,Fri,6,18,27,29,37,117,2,3,1,baseline.csv,20260425_204331
20181019-02,2018-10-19,2018,10,19,Fri,5,7,14,33,37,96,1,4,1,baseline.csv,20260425_204331
20181020-01,2018-10-20,2018,10,20,Sat,3,7,24,26,28,88,3,2,1,baseline.csv,20260425_204331
20181020-02,2018-10-20,2018,10,20,Sat,4,13,20,21,37,95,2,3,2,baseline.csv,20260425_204331
20181021-01,2018-10-21,2018,10,21,Sun,2,3,15,16,42,78,3,2,2,baseline.csv,20260425_204331
20181021-02,2018-10-21,2018,10,21,Sun,3,4,8,19,32,66,3,2,2,baseline.csv,20260425_204331
20181022-01,2018-10-22,2018,10,22,Mon,12,16,23,32,41,124,3,2,1,baseline.csv,20260425_204331
20181022-02,2018-10-22,2018,10,22,Mon,11,17,19,21,36,104,1,4,1,baseline.csv,20260425_204331
20181023-01,2018-10-23,2018,10,23,Tue,1,9,10,42,44,106,3,2,2,baseline.csv,20260425_204331
20181023-02,2018-10-23,2018,10,23,Tue,7,9,14,30,45,105,2,3,1,baseline.csv,20260425_204331
20181024-01,2018-10-24,2018,10,24,Wed,1,18,29,33,39,120,1,4,1,baseline.csv,20260425_204331
20181024-02,2018-10-24,2018,10,24,Wed,1,5,20,22,38,86,3,2,1,baseline.csv,20260425_204331
20181025-01,2018-10-25,2018,10,25,Thu,2,9,26,35,37,109,2,3,1,baseline.csv,20260425_204331
20181025-02,2018-10-25,2018,10,25,Thu,8,24,29,34,42,137,4,1,1,baseline.csv,20260425_204331
20181026-01,2018-10-26,2018,10,26,Fri,23,25,31,36,40,155,2,3,1,baseline.csv,20260425_204331
20181026-02,2018-10-26,2018,10,26,Fri,4,16,19,41,42,122,3,2,2,baseline.csv,20260425_204331
20181027-01,2018-10-27,2018,10,27,Sat,4,16,17,21,42,100,3,2,2,baseline.csv,20260425_204331
20181027-02,2018-10-27,2018,10,27,Sat,1,8,24,32,35,100,3,2,1,baseline.csv,20260425_204331
20181028-01,2018-10-28,2018,10,28,Sun,16,21,28,40,45,150,3,2,1,baseline.csv,20260425_204331
20181028-02,2018-10-28,2018,10,28,Sun,11,13,21,24,26,95,2,3,1,baseline.csv,20260425_204331
20181029-01,2018-10-29,2018,10,29,Mon,2,10,28,40,41,121,4,1,2,baseline.csv,20260425_204331
20181029-02,2018-10-29,2018,10,29,Mon,18,24,26,29,43,140,3,2,1,baseline.csv,20260425_204331
20181030-01,2018-10-30,2018,10,30,Tue,3,7,18,21,32,81,2,3,1,baseline.csv,20260425_204331
20181030-02,2018-10-30,2018,10,30,Tue,2,6,12,21,43,84,3,2,1,baseline.csv,20260425_204331
20181031-01,2018-10-31,2018,10,31,Wed,7,11,28,43,45,134,1,4,1,baseline.csv,20260425_204331
20181031-02,2018-10-31,2018,10,31,Wed,8,15,26,28,37,114,3,2,1,baseline.csv,20260425_204331
20181101-01,2018-11-01,2018,11,1,Thu,4,5,14,21,36,80,3,2,2,baseline.csv,20260425_204331
20181101-02,2018-11-01,2018,11,1,Thu,1,5,23,39,41,109,0,5,1,baseline.csv,20260425_204331
20181102-01,2018-11-02,2018,11,2,Fri,8,23,24,25,34,114,3,2,3,baseline.csv,20260425_204331
20181102-02,2018-11-02,2018,11,2,Fri,7,8,9,36,45,105,2,3,3,baseline.csv,20260425_204331
20181103-01,2018-11-03,2018,11,3,Sat,6,7,27,41,44,125,2,3,2,baseline.csv,20260425_204331
20181103-02,2018-11-03,2018,11,3,Sat,3,4,8,10,15,40,3,2,2,baseline.csv,20260425_204331
20181104-01,2018-11-04,2018,11,4,Sun,11,26,28,39,43,147,2,3,1,baseline.csv,20260425_204331
20181104-02,2018-11-04,2018,11,4,Sun,8,11,21,26,39,105,2,3,1,baseline.csv,20260425_204331
20181105-01,2018-11-05,2018,11,5,Mon,7,10,15,25,34,91,2,3,1,baseline.csv,20260425_204331
20181105-02,2018-11-05,2018,11,5,Mon,8,13,41,42,45,149,2,3,2,baseline.csv,20260425_204331
20181106-01,2018-11-06,2018,11,6,Tue,2,9,19,31,39,100,1,4,1,baseline.csv,20260425_204331
20181106-02,2018-11-06,2018,11,6,Tue,10,31,32,38,45,156,3,2,2,baseline.csv,20260425_204331
20181107-01,2018-11-07,2018,11,7,Wed,8,19,24,32,36,119,4,1,1,baseline.csv,20260425_204331
20181107-02,2018-11-07,2018,11,7,Wed,6,21,28,30,32,117,4,1,1,baseline.csv,20260425_204331
20181108-01,2018-11-08,2018,11,8,Thu,6,7,12,18,22,65,4,1,2,baseline.csv,20260425_204331
20181108-02,2018-11-08,2018,11,8,Thu,21,35,42,44,45,187,2,3,2,baseline.csv,20260425_204331
20181109-01,2018-11-09,2018,11,9,Fri,23,27,41,42,44,177,2,3,2,baseline.csv,20260425_204331
20181109-02,2018-11-09,2018,11,9,Fri,5,12,14,36,42,109,4,1,1,baseline.csv,20260425_204331
20181110-01,2018-11-10,2018,11,10,Sat,12,14,15,36,38,115,4,1,2,baseline.csv,20260425_204331
20181110-02,2018-11-10,2018,11,10,Sat,1,7,10,36,39,93,2,3,1,baseline.csv,20260425_204331
20181111-01,2018-11-11,2018,11,11,Sun,8,14,19,35,37,113,2,3,1,baseline.csv,20260425_204331
20181111-02,2018-11-11,2018,11,11,Sun,5,15,31,35,43,129,0,5,1,baseline.csv,20260425_204331
20181112-01,2018-11-12,2018,11,12,Mon,3,16,17,18,27,81,2,3,3,baseline.csv,20260425_204331
20181112-02,2018-11-12,2018,11,12,Mon,2,5,6,12,36,61,4,1,2,baseline.csv,20260425_204331
20181113-01,2018-11-13,2018,11,13,Tue,6,11,29,35,41,122,1,4,1,baseline.csv,20260425_204331
20181113-02,2018-11-13,2018,11,13,Tue,5,14,19,23,31,92,1,4,1,baseline.csv,20260425_204331
20181114-01,2018-11-14,2018,11,14,Wed,5,25,28,40,42,140,3,2,1,baseline.csv,20260425_204331
20181114-02,2018-11-14,2018,11,14,Wed,8,10,20,27,39,104,3,2,1,baseline.csv,20260425_204331
20181115-01,2018-11-15,2018,11,15,Thu,1,14,35,39,44,133,2,3,1,baseline.csv,20260425_204331
20181115-02,2018-11-15,2018,11,15,Thu,16,29,38,42,45,170,3,2,1,baseline.csv,20260425_204331
20181116-01,2018-11-16,2018,11,16,Fri,1,4,5,26,30,66,3,2,2,baseline.csv,20260425_204331
20181116-02,2018-11-16,2018,11,16,Fri,7,17,21,27,43,115,0,5,1,baseline.csv,20260425_204331
20181117-01,2018-11-17,2018,11,17,Sat,8,10,12,39,41,110,3,2,1,baseline.csv,20260425_204331
20181117-02,2018-11-17,2018,11,17,Sat,7,8,21,25,39,100,1,4,2,baseline.csv,20260425_204331
20181118-01,2018-11-18,2018,11,18,Sun,1,6,13,23,30,73,2,3,1,baseline.csv,20260425_204331
20181118-02,2018-11-18,2018,11,18,Sun,4,6,10,39,41,100,3,2,1,baseline.csv,20260425_204331
20181119-01,2018-11-19,2018,11,19,Mon,11,14,30,38,42,135,4,1,1,baseline.csv,20260425_204331
20181119-02,2018-11-19,2018,11,19,Mon,13,15,22,28,39,117,2,3,1,baseline.csv,20260425_204331
20181120-01,2018-11-20,2018,11,20,Tue,1,2,8,11,19,41,2,3,2,baseline.csv,20260425_204331
20181120-02,2018-11-20,2018,11,20,Tue,9,20,27,30,41,127,2,3,1,baseline.csv,20260425_204331
20181121-01,2018-11-21,2018,11,21,Wed,16,21,33,39,41,150,1,4,1,baseline.csv,20260425_204331
20181121-02,2018-11-21,2018,11,21,Wed,3,6,24,38,42,113,4,1,1,baseline.csv,20260425_204331
20181122-01,2018-11-22,2018,11,22,Thu,4,12,23,26,29,94,3,2,1,baseline.csv,20260425_204331
20181122-02,2018-11-22,2018,11,22,Thu,1,7,9,12,34,63,2,3,1,baseline.csv,20260425_204331
20181123-01,2018-11-23,2018,11,23,Fri,10,22,24,36,40,132,5,0,1,baseline.csv,20260425_204331
20181123-02,2018-11-23,2018,11,23,Fri,1,12,21,26,35,95,2,3,1,baseline.csv,20260425_204331
20181124-01,2018-11-24,2018,11,24,Sat,14,18,31,36,40,139,4,1,1,baseline.csv,20260425_204331
20181124-02,2018-11-24,2018,11,24,Sat,1,13,18,24,41,97,2,3,1,baseline.csv,20260425_204331
20181125-01,2018-11-25,2018,11,25,Sun,3,4,15,23,32,77,2,3,2,baseline.csv,20260425_204331
20181125-02,2018-11-25,2018,11,25,Sun,1,9,11,17,42,80,1,4,1,baseline.csv,20260425_204331
20181126-01,2018-11-26,2018,11,26,Mon,22,23,25,29,42,141,2,3,2,baseline.csv,20260425_204331
20181126-02,2018-11-26,2018,11,26,Mon,2,3,11,24,28,68,3,2,2,baseline.csv,20260425_204331
20181127-01,2018-11-27,2018,11,27,Tue,2,11,21,36,45,115,2,3,1,baseline.csv,20260425_204331
20181127-02,2018-11-27,2018,11,27,Tue,11,15,19,24,41,110,1,4,1,baseline.csv,20260425_204331
20181128-01,2018-11-28,2018,11,28,Wed,1,9,19,28,35,92,1,4,1,baseline.csv,20260425_204331
20181128-02,2018-11-28,2018,11,28,Wed,5,9,16,17,41,88,1,4,2,baseline.csv,20260425_204331
20181129-01,2018-11-29,2018,11,29,Thu,13,14,16,24,41,108,3,2,2,baseline.csv,20260425_204331
20181129-02,2018-11-29,2018,11,29,Thu,6,8,9,19,34,76,3,2,2,baseline.csv,20260425_204331
20181130-01,2018-11-30,2018,11,30,Fri,13,17,21,27,40,118,1,4,1,baseline.csv,20260425_204331
20181130-02,2018-11-30,2018,11,30,Fri,8,11,14,15,21,69,2,3,2,baseline.csv,20260425_204331
20181201-01,2018-12-01,2018,12,1,Sat,12,22,36,43,45,158,3,2,1,baseline.csv,20260425_204331
20181201-02,2018-12-01,2018,12,1,Sat,18,25,32,40,44,159,4,1,1,baseline.csv,20260425_204331
20181202-01,2018-12-02,2018,12,2,Sun,6,18,21,25,44,114,3,2,1,baseline.csv,20260425_204331
20181202-02,2018-12-02,2018,12,2,Sun,6,7,10,19,36,78,3,2,2,baseline.csv,20260425_204331
20181203-01,2018-12-03,2018,12,3,Mon,12,25,26,37,39,139,2,3,2,baseline.csv,20260425_204331
20181203-02,2018-12-03,2018,12,3,Mon,8,23,28,33,34,126,3,2,2,baseline.csv,20260425_204331
20181204-01,2018-12-04,2018,12,4,Tue,18,20,34,37,43,152,3,2,1,baseline.csv,20260425_204331
20181204-02,2018-12-04,2018,12,4,Tue,5,17,31,40,41,134,1,4,2,baseline.csv,20260425_204331
20181205-01,2018-12-05,2018,12,5,Wed,9,13,20,31,42,115,2,3,1,baseline.csv,20260425_204331
20181205-02,2018-12-05,2018,12,5,Wed,1,16,29,35,45,126,1,4,1,baseline.csv,20260425_204331
20181206-01,2018-12-06,2018,12,6,Thu,2,10,20,33,35,100,3,2,1,baseline.csv,20260425_204331
20181206-02,2018-12-06,2018,12,6,Thu,9,11,12,17,45,94,1,4,2,baseline.csv,20260425_204331
20181207-01,2018-12-07,2018,12,7,Fri,8,16,19,20,40,103,4,1,2,baseline.csv,20260425_204331
20181207-02,2018-12-07,2018,12,7,Fri,8,12,21,32,42,115,4,1,1,baseline.csv,20260425_204331
20181208-01,2018-12-08,2018,12,8,Sat,4,7,27,28,39,105,2,3,2,baseline.csv,20260425_204331
20181208-02,2018-12-08,2018,12,8,Sat,7,17,25,26,35,110,1,4,2,baseline.csv,20260425_204331
20181209-01,2018-12-09,2018,12,9,Sun,11,12,17,25,26,91,2,3,2,baseline.csv,20260425_204331
20181209-02,2018-12-09,2018,12,9,Sun,4,15,22,28,41,110,3,2,1,baseline.csv,20260425_204331
20181210-01,2018-12-10,2018,12,10,Mon,7,13,15,21,37,93,0,5,1,baseline.csv,20260425_204331
20181210-02,2018-12-10,2018,12,10,Mon,5,11,23,39,44,122,1,4,1,baseline.csv,20260425_204331
20181211-01,2018-12-11,2018,12,11,Tue,26,30,32,39,42,169,4,1,1,baseline.csv,20260425_204331
20181211-02,2018-12-11,2018,12,11,Tue,9,14,20,36,41,120,3,2,1,baseline.csv,20260425_204331
20181212-01,2018-12-12,2018,12,12,Wed,14,21,22,34,43,134,3,2,2,baseline.csv,20260425_204331
20181212-02,2018-12-12,2018,12,12,Wed,18,21,25,27,43,134,1,4,1,baseline.csv,20260425_204331
20181213-01,2018-12-13,2018,12,13,Thu,6,12,18,35,37,108,3,2,1,baseline.csv,20260425_204331
20181213-02,2018-12-13,2018,12,13,Thu,16,29,33,34,43,155,2,3,2,baseline.csv,20260425_204331
20181214-01,2018-12-14,2018,12,14,Fri,22,23,36,42,45,168,3,2,2,baseline.csv,20260425_204331
20181214-02,2018-12-14,2018,12,14,Fri,8,10,15,22,33,88,3,2,1,baseline.csv,20260425_204331
20181215-01,2018-12-15,2018,12,15,Sat,18,22,28,39,44,151,4,1,1,baseline.csv,20260425_204331
20181215-02,2018-12-15,2018,12,15,Sat,5,7,32,40,41,125,2,3,2,baseline.csv,20260425_204331
20181216-01,2018-12-16,2018,12,16,Sun,7,26,29,36,39,137,2,3,1,baseline.csv,20260425_204331
20181216-02,2018-12-16,2018,12,16,Sun,7,9,11,26,39,92,1,4,1,baseline.csv,20260425_204331
20181217-01,2018-12-17,2018,12,17,Mon,18,29,34,35,40,156,3,2,2,baseline.csv,20260425_204331
20181217-02,2018-12-17,2018,12,17,Mon,3,14,23,36,43,119,2,3,1,baseline.csv,20260425_204331
20181218-01,2018-12-18,2018,12,18,Tue,19,35,39,43,45,181,0,5,1,baseline.csv,20260425_204331
20181218-02,2018-12-18,2018,12,18,Tue,5,7,10,20,36,78,3,2,1,baseline.csv,20260425_204331
20181219-01,2018-12-19,2018,12,19,Wed,13,22,26,30,33,124,3,2,1,baseline.csv,20260425_204331
20181219-02,2018-12-19,2018,12,19,Wed,9,18,21,23,24,95,2,3,2,baseline.csv,20260425_204331
20181220-01,2018-12-20,2018,12,20,Thu,5,15,18,26,45,109,2,3,1,baseline.csv,20260425_204331
20181220-02,2018-12-20,2018,12,20,Thu,4,10,26,31,34,105,4,1,1,baseline.csv,20260425_204331
20181221-01,2018-12-21,2018,12,21,Fri,5,9,28,36,42,120,3,2,1,baseline.csv,20260425_204331
20181221-02,2018-12-21,2018,12,21,Fri,2,6,23,29,36,96,3,2,1,baseline.csv,20260425_204331
20181222-01,2018-12-22,2018,12,22,Sat,2,19,30,40,43,134,3,2,1,baseline.csv,20260425_204331
20181222-02,2018-12-22,2018,12,22,Sat,10,11,15,29,36,101,2,3,2,baseline.csv,20260425_204331
20181223-01,2018-12-23,2018,12,23,Sun,1,15,20,39,45,120,1,4,1,baseline.csv,20260425_204331
20181223-02,2018-12-23,2018,12,23,Sun,9,13,20,36,44,122,3,2,1,baseline.csv,20260425_204331
20181224-01,2018-12-24,2018,12,24,Mon,2,4,11,13,28,58,3,2,1,baseline.csv,20260425_204331
20181224-02,2018-12-24,2018,12,24,Mon,18,27,28,38,39,150,3,2,2,baseline.csv,20260425_204331
20181225-01,2018-12-25,2018,12,25,Tue,4,18,33,34,41,130,3,2,2,baseline.csv,20260425_204331
20181225-02,2018-12-25,2018,12,25,Tue,7,8,16,26,37,94,3,2,2,baseline.csv,20260425_204331
20181226-01,2018-12-26,2018,12,26,Wed,14,20,30,33,36,133,4,1,1,baseline.csv,20260425_204331
20181226-02,2018-12-26,2018,12,26,Wed,6,9,14,16,43,88,3,2,1,baseline.csv,20260425_204331
20181227-01,2018-12-27,2018,12,27,Thu,1,3,14,18,32,68,3,2,1,baseline.csv,20260425_204331
20181227-02,2018-12-27,2018,12,27,Thu,8,9,14,20,34,85,4,1,2,baseline.csv,20260425_204331
20181228-01,2018-12-28,2018,12,28,Fri,1,25,29,44,45,144,1,4,2,baseline.csv,20260425_204331
20181228-02,2018-12-28,2018,12,28,Fri,20,24,26,29,45,144,3,2,1,baseline.csv,20260425_204331
20181229-01,2018-12-29,2018,12,29,Sat,1,2,25,28,41,97,2,3,2,baseline.csv,20260425_204331
20181229-02,2018-12-29,2018,12,29,Sat,3,11,14,21,40,89,2,3,1,baseline.csv,20260425_204331
20181230-01,2018-12-30,2018,12,30,Sun,7,15,27,42,44,135,2,3,1,baseline.csv,20260425_204331
20181230-02,2018-12-30,2018,12,30,Sun,1,6,21,28,38,94,3,2,1,baseline.csv,20260425_204331
20181231-01,2018-12-31,2018,12,31,Mon,18,24,27,38,40,147,4,1,1,baseline.csv,20260425_204331
20181231-02,2018-12-31,2018,12,31,Mon,10,12,30,33,36,121,4,1,1,baseline.csv,20260425_204331
20190101-01,2019-01-01,2019,1,1,Tue,1,3,14,18,31,67,2,3,1,baseline.csv,20260425_204331
20190101-02,2019-01-01,2019,1,1,Tue,14,17,39,44,45,159,2,3,2,baseline.csv,20260425_204331
20190102-01,2019-01-02,2019,1,2,Wed,1,16,18,31,42,108,3,2,1,baseline.csv,20260425_204331
20190102-02,2019-01-02,2019,1,2,Wed,4,8,29,35,43,119,2,3,1,baseline.csv,20260425_204331
20190103-01,2019-01-03,2019,1,3,Thu,4,12,14,30,42,102,5,0,1,baseline.csv,20260425_204331
20190103-02,2019-01-03,2019,1,3,Thu,8,12,18,36,41,115,4,1,1,baseline.csv,20260425_204331
20190104-01,2019-01-04,2019,1,4,Fri,2,15,20,37,45,119,2,3,1,baseline.csv,20260425_204331
20190104-02,2019-01-04,2019,1,4,Fri,3,16,27,32,43,121,2,3,1,baseline.csv,20260425_204331
20190105-01,2019-01-05,2019,1,5,Sat,6,9,14,40,42,111,4,1,1,baseline.csv,20260425_204331
20190105-02,2019-01-05,2019,1,5,Sat,12,24,28,38,44,146,5,0,1,baseline.csv,20260425_204331
20190106-01,2019-01-06,2019,1,6,Sun,3,7,11,19,35,75,0,5,1,baseline.csv,20260425_204331
20190106-02,2019-01-06,2019,1,6,Sun,19,26,32,33,35,145,2,3,2,baseline.csv,20260425_204331
20190107-01,2019-01-07,2019,1,7,Mon,1,5,17,30,44,97,2,3,1,baseline.csv,20260425_204331
20190107-02,2019-01-07,2019,1,7,Mon,6,25,36,37,44,148,3,2,2,baseline.csv,20260425_204331
20190108-01,2019-01-08,2019,1,8,Tue,2,20,27,39,41,129,2,3,1,baseline.csv,20260425_204331
20190108-02,2019-01-08,2019,1,8,Tue,5,10,13,14,23,65,2,3,2,baseline.csv,20260425_204331
20190109-01,2019-01-09,2019,1,9,Wed,23,25,35,39,43,165,0,5,1,baseline.csv,20260425_204331
20190109-02,2019-01-09,2019,1,9,Wed,4,9,14,16,31,74,3,2,1,baseline.csv,20260425_204331
20190110-01,2019-01-10,2019,1,10,Thu,5,8,24,42,44,123,4,1,1,baseline.csv,20260425_204331
20190110-02,2019-01-10,2019,1,10,Thu,11,12,13,18,39,93,2,3,3,baseline.csv,20260425_204331
20190111-01,2019-01-11,2019,1,11,Fri,4,27,31,37,45,144,1,4,1,baseline.csv,20260425_204331
20190111-02,2019-01-11,2019,1,11,Fri,4,22,27,41,42,136,3,2,2,baseline.csv,20260425_204331
20190112-01,2019-01-12,2019,1,12,Sat,27,29,33,35,38,162,1,4,1,baseline.csv,20260425_204331
20190112-02,2019-01-12,2019,1,12,Sat,22,23,27,28,39,139,2,3,2,baseline.csv,20260425_204331
20190113-01,2019-01-13,2019,1,13,Sun,12,18,27,28,41,126,3,2,2,baseline.csv,20260425_204331
20190113-02,2019-01-13,2019,1,13,Sun,4,24,32,34,42,136,5,0,1,baseline.csv,20260425_204331
20190114-01,2019-01-14,2019,1,14,Mon,11,19,21,31,37,119,0,5,1,baseline.csv,20260425_204331
20190114-02,2019-01-14,2019,1,14,Mon,25,33,38,39,41,176,1,4,2,baseline.csv,20260425_204331
20190115-01,2019-01-15,2019,1,15,Tue,10,30,38,40,43,161,4,1,1,baseline.csv,20260425_204331
20190115-02,2019-01-15,2019,1,15,Tue,5,7,14,16,19,61,2,3,1,baseline.csv,20260425_204331
20190116-01,2019-01-16,2019,1,16,Wed,12,18,20,35,41,126,3,2,1,baseline.csv,20260425_204331
20190116-02,2019-01-16,2019,1,16,Wed,10,23,32,33,42,140,3,2,2,baseline.csv,20260425_204331
20190117-01,2019-01-17,2019,1,17,Thu,16,18,32,36,41,143,4,1,1,baseline.csv,20260425_204331
20190117-02,2019-01-17,2019,1,17,Thu,13,18,33,42,43,149,2,3,2,baseline.csv,20260425_204331
20190118-01,2019-01-18,2019,1,18,Fri,24,25,30,32,44,155,4,1,2,baseline.csv,20260425_204331
20190118-02,2019-01-18,2019,1,18,Fri,13,20,26,27,31,117,2,3,2,baseline.csv,20260425_204331
20190119-01,2019-01-19,2019,1,19,Sat,24,27,34,41,43,169,2,3,1,baseline.csv,20260425_204331
20190119-02,2019-01-19,2019,1,19,Sat,1,7,14,23,43,88,1,4,1,baseline.csv,20260425_204331
20190120-01,2019-01-20,2019,1,20,Sun,21,22,25,34,38,140,3,2,2,baseline.csv,20260425_204331
20190120-02,2019-01-20,2019,1,20,Sun,3,4,18,19,38,82,3,2,2,baseline.csv,20260425_204331
20190121-01,2019-01-21,2019,1,21,Mon,15,16,19,29,36,115,2,3,2,baseline.csv,20260425_204331
20190121-02,2019-01-21,2019,1,21,Mon,3,25,28,37,43,136,1,4,1,baseline.csv,20260425_204331
20190122-01,2019-01-22,2019,1,22,Tue,11,13,14,28,39,105,2,3,2,baseline.csv,20260425_204331
20190122-02,2019-01-22,2019,1,22,Tue,6,12,13,35,42,108,3,2,2,baseline.csv,20260425_204331
20190123-01,2019-01-23,2019,1,23,Wed,4,39,41,42,45,171,2,3,2,baseline.csv,20260425_204331
20190123-02,2019-01-23,2019,1,23,Wed,3,7,19,24,25,78,1,4,2,baseline.csv,20260425_204331
20190124-01,2019-01-24,2019,1,24,Thu,4,5,18,22,45,94,3,2,2,baseline.csv,20260425_204331
20190124-02,2019-01-24,2019,1,24,Thu,1,3,9,18,35,66,1,4,1,baseline.csv,20260425_204331
20190125-01,2019-01-25,2019,1,25,Fri,5,6,10,24,31,76,3,2,2,baseline.csv,20260425_204331
20190125-02,2019-01-25,2019,1,25,Fri,10,15,29,35,44,133,2,3,1,baseline.csv,20260425_204331
20190126-01,2019-01-26,2019,1,26,Sat,3,20,36,43,45,147,2,3,1,baseline.csv,20260425_204331
20190126-02,2019-01-26,2019,1,26,Sat,16,33,35,37,45,166,1,4,1,baseline.csv,20260425_204331
20190127-01,2019-01-27,2019,1,27,Sun,16,20,24,34,42,136,5,0,1,baseline.csv,20260425_204331
20190127-02,2019-01-27,2019,1,27,Sun,4,9,18,29,31,91,2,3,1,baseline.csv,20260425_204331
20190128-01,2019-01-28,2019,1,28,Mon,3,10,15,25,36,89,2,3,1,baseline.csv,20260425_204331
20190128-02,2019-01-28,2019,1,28,Mon,3,14,17,21,44,99,2,3,1,baseline.csv,20260425_204331
20190129-01,2019-01-29,2019,1,29,Tue,22,25,30,32,42,151,4,1,1,baseline.csv,20260425_204331
20190129-02,2019-01-29,2019,1,29,Tue,1,4,18,19,22,64,3,2,2,baseline.csv,20260425_204331
20190130-01,2019-01-30,2019,1,30,Wed,16,31,36,43,44,170,3,2,2,baseline.csv,20260425_204331
20190130-02,2019-01-30,2019,1,30,Wed,4,13,19,33,40,109,2,3,1,baseline.csv,20260425_204331
20190131-01,2019-01-31,2019,1,31,Thu,6,7,9,14,33,69,2,3,2,baseline.csv,20260425_204331
20190131-02,2019-01-31,2019,1,31,Thu,4,20,24,26,41,115,4,1,1,baseline.csv,20260425_204331
20190201-01,2019-02-01,2019,2,1,Fri,4,22,23,24,27,100,3,2,3,baseline.csv,20260425_204331
20190201-02,2019-02-01,2019,2,1,Fri,1,15,26,29,39,110,1,4,1,baseline.csv,20260425_204331
20190202-01,2019-02-02,2019,2,2,Sat,9,20,28,33,42,132,3,2,1,baseline.csv,20260425_204331
20190202-02,2019-02-02,2019,2,2,Sat,7,16,32,37,43,135,2,3,1,baseline.csv,20260425_204331
20190203-01,2019-02-03,2019,2,3,Sun,3,9,22,27,38,99,2,3,1,baseline.csv,20260425_204331
20190203-02,2019-02-03,2019,2,3,Sun,14,23,32,41,44,154,3,2,1,baseline.csv,20260425_204331
20190204-01,2019-02-04,2019,2,4,Mon,8,15,20,25,42,110,3,2,1,baseline.csv,20260425_204331
20190204-02,2019-02-04,2019,2,4,Mon,6,9,35,36,40,126,3,2,2,baseline.csv,20260425_204331
20190205-01,2019-02-05,2019,2,5,Tue,1,4,14,27,41,87,2,3,1,baseline.csv,20260425_204331
20190205-02,2019-02-05,2019,2,5,Tue,5,9,12,17,29,72,1,4,1,baseline.csv,20260425_204331
20190206-01,2019-02-06,2019,2,6,Wed,9,19,30,36,39,133,2,3,1,baseline.csv,20260425_204331
20190206-02,2019-02-06,2019,2,6,Wed,13,14,21,30,33,111,2,3,2,baseline.csv,20260425_204331
20190207-01,2019-02-07,2019,2,7,Thu,1,6,38,42,43,130,3,2,2,baseline.csv,20260425_204331
20190207-02,2019-02-07,2019,2,7,Thu,2,7,14,42,43,108,3,2,2,baseline.csv,20260425_204331
20190208-01,2019-02-08,2019,2,8,Fri,2,3,18,30,42,95,4,1,2,baseline.csv,20260425_204331
20190208-02,2019-02-08,2019,2,8,Fri,14,25,32,37,39,147,2,3,1,baseline.csv,20260425_204331
20190209-01,2019-02-09,2019,2,9,Sat,14,24,27,28,29,122,3,2,3,baseline.csv,20260425_204331
20190209-02,2019-02-09,2019,2,9,Sat,5,10,12,13,21,61,2,3,2,baseline.csv,20260425_204331
20190210-01,2019-02-10,2019,2,10,Sun,4,6,16,24,40,90,5,0,1,baseline.csv,20260425_204331
20190210-02,2019-02-10,2019,2,10,Sun,10,17,23,34,45,129,2,3,1,baseline.csv,20260425_204331
20190211-01,2019-02-11,2019,2,11,Mon,1,8,12,37,42,100,3,2,1,baseline.csv,20260425_204331
20190211-02,2019-02-11,2019,2,11,Mon,19,27,39,40,45,170,1,4,2,baseline.csv,20260425_204331
20190212-01,2019-02-12,2019,2,12,Tue,5,9,15,20,32,81,2,3,1,baseline.csv,20260425_204331
20190212-02,2019-02-12,2019,2,12,Tue,17,20,23,26,33,119,2,3,1,baseline.csv,20260425_204331
20190213-01,2019-02-13,2019,2,13,Wed,1,2,18,21,44,86,3,2,2,baseline.csv,20260425_204331
20190213-02,2019-02-13,2019,2,13,Wed,2,12,14,15,37,80,3,2,2,baseline.csv,20260425_204331
20190214-01,2019-02-14,2019,2,14,Thu,1,10,15,23,38,87,2,3,1,baseline.csv,20260425_204331
20190214-02,2019-02-14,2019,2,14,Thu,10,27,29,30,39,135,2,3,2,baseline.csv,20260425_204331
20190215-01,2019-02-15,2019,2,15,Fri,1,13,27,38,44,123,2,3,1,baseline.csv,20260425_204331
20190215-02,2019-02-15,2019,2,15,Fri,3,4,11,19,34,71,2,3,2,baseline.csv,20260425_204331
20190216-01,2019-02-16,2019,2,16,Sat,4,8,23,27,43,105,2,3,1,baseline.csv,20260425_204331
20190216-02,2019-02-16,2019,2,16,Sat,13,14,20,27,44,118,3,2,2,baseline.csv,20260425_204331
20190217-01,2019-02-17,2019,2,17,Sun,4,9,29,40,42,124,3,2,1,baseline.csv,20260425_204331
20190217-02,2019-02-17,2019,2,17,Sun,4,10,23,31,35,103,2,3,1,baseline.csv,20260425_204331
20190218-01,2019-02-18,2019,2,18,Mon,5,6,20,31,38,100,3,2,2,baseline.csv,20260425_204331
20190218-02,2019-02-18,2019,2,18,Mon,2,22,24,35,37,120,3,2,1,baseline.csv,20260425_204331
20190219-01,2019-02-19,2019,2,19,Tue,7,17,19,24,43,110,1,4,1,baseline.csv,20260425_204331
20190219-02,2019-02-19,2019,2,19,Tue,8,9,30,31,40,118,3,2,2,baseline.csv,20260425_204331
20190220-01,2019-02-20,2019,2,20,Wed,2,30,39,41,44,156,3,2,1,baseline.csv,20260425_204331
20190220-02,2019-02-20,2019,2,20,Wed,8,18,25,34,36,121,4,1,1,baseline.csv,20260425_204331
20190221-01,2019-02-21,2019,2,21,Thu,11,19,31,38,40,139,2,3,1,baseline.csv,20260425_204331
20190221-02,2019-02-21,2019,2,21,Thu,10,11,18,30,45,114,3,2,2,baseline.csv,20260425_204331
20190222-01,2019-02-22,2019,2,22,Fri,6,21,25,26,38,116,3,2,2,baseline.csv,20260425_204331
20190222-02,2019-02-22,2019,2,22,Fri,12,17,30,39,40,138,3,2,2,baseline.csv,20260425_204331
20190223-01,2019-02-23,2019,2,23,Sat,3,26,27,36,39,131,2,3,2,baseline.csv,20260425_204331
20190223-02,2019-02-23,2019,2,23,Sat,5,8,17,35,40,105,2,3,1,baseline.csv,20260425_204331
20190224-01,2019-02-24,2019,2,24,Sun,5,21,28,30,31,115,2,3,2,baseline.csv,20260425_204331
20190224-02,2019-02-24,2019,2,24,Sun,8,16,20,22,44,110,5,0,1,baseline.csv,20260425_204331
20190225-01,2019-02-25,2019,2,25,Mon,15,26,31,34,38,144,3,2,1,baseline.csv,20260425_204331
20190225-02,2019-02-25,2019,2,25,Mon,6,12,18,22,25,83,4,1,1,baseline.csv,20260425_204331
20190226-01,2019-02-26,2019,2,26,Tue,19,24,26,27,33,129,2,3,2,baseline.csv,20260425_204331
20190226-02,2019-02-26,2019,2,26,Tue,11,12,15,20,33,91,2,3,2,baseline.csv,20260425_204331
20190227-01,2019-02-27,2019,2,27,Wed,6,24,30,32,37,129,4,1,1,baseline.csv,20260425_204331
20190227-02,2019-02-27,2019,2,27,Wed,5,9,16,33,41,104,1,4,1,baseline.csv,20260425_204331
20190228-01,2019-02-28,2019,2,28,Thu,4,15,24,28,38,109,4,1,1,baseline.csv,20260425_204331
20190228-02,2019-02-28,2019,2,28,Thu,7,16,21,27,28,99,2,3,2,baseline.csv,20260425_204331
20190301-01,2019-03-01,2019,3,1,Fri,17,27,29,31,39,143,0,5,1,baseline.csv,20260425_204331
20190301-02,2019-03-01,2019,3,1,Fri,8,11,22,43,45,129,2,3,1,baseline.csv,20260425_204331
20190302-01,2019-03-02,2019,3,2,Sat,4,31,33,34,42,144,3,2,2,baseline.csv,20260425_204331
20190302-02,2019-03-02,2019,3,2,Sat,3,10,22,23,34,92,3,2,2,baseline.csv,20260425_204331
20190303-01,2019-03-03,2019,3,3,Sun,8,18,22,34,39,121,4,1,1,baseline.csv,20260425_204331
20190303-02,2019-03-03,2019,3,3,Sun,5,9,14,21,27,76,1,4,1,baseline.csv,20260425_204331
20190304-01,2019-03-04,2019,3,4,Mon,2,14,17,24,43,100,3,2,1,baseline.csv,20260425_204331
20190304-02,2019-03-04,2019,3,4,Mon,2,3,19,27,33,84,1,4,2,baseline.csv,20260425_204331
20190305-01,2019-03-05,2019,3,5,Tue,11,21,27,28,45,132,1,4,2,baseline.csv,20260425_204331
20190305-02,2019-03-05,2019,3,5,Tue,1,12,14,26,29,82,3,2,1,baseline.csv,20260425_204331
20190306-01,2019-03-06,2019,3,6,Wed,3,16,26,31,33,109,2,3,1,baseline.csv,20260425_204331
20190306-02,2019-03-06,2019,3,6,Wed,2,19,29,43,45,138,1,4,1,baseline.csv,20260425_204331
20190307-01,2019-03-07,2019,3,7,Thu,1,4,15,26,42,88,3,2,1,baseline.csv,20260425_204331
20190307-02,2019-03-07,2019,3,7,Thu,6,27,32,40,43,148,3,2,1,baseline.csv,20260425_204331
20190308-01,2019-03-08,2019,3,8,Fri,11,12,27,29,43,122,1,4,2,baseline.csv,20260425_204331
20190308-02,2019-03-08,2019,3,8,Fri,5,23,28,38,44,138,3,2,1,baseline.csv,20260425_204331
20190309-01,2019-03-09,2019,3,9,Sat,11,17,19,30,40,117,2,3,1,baseline.csv,20260425_204331
20190309-02,2019-03-09,2019,3,9,Sat,13,16,26,29,34,118,3,2,1,baseline.csv,20260425_204331
20190310-01,2019-03-10,2019,3,10,Sun,18,26,37,42,44,167,4,1,1,baseline.csv,20260425_204331
20190310-02,2019-03-10,2019,3,10,Sun,17,20,24,32,45,138,3,2,1,baseline.csv,20260425_204331
20190311-01,2019-03-11,2019,3,11,Mon,10,25,28,31,32,126,3,2,2,baseline.csv,20260425_204331
20190311-02,2019-03-11,2019,3,11,Mon,11,14,15,24,35,99,2,3,2,baseline.csv,20260425_204331
20190312-01,2019-03-12,2019,3,12,Tue,6,23,25,34,39,127,2,3,1,baseline.csv,20260425_204331
20190312-02,2019-03-12,2019,3,12,Tue,8,9,18,22,44,101,4,1,2,baseline.csv,20260425_204331
20190313-01,2019-03-13,2019,3,13,Wed,1,7,27,36,39,110,1,4,1,baseline.csv,20260425_204331
20190313-02,2019-03-13,2019,3,13,Wed,6,11,25,27,39,108,1,4,1,baseline.csv,20260425_204331
20190314-01,2019-03-14,2019,3,14,Thu,1,2,3,15,43,64,1,4,3,baseline.csv,20260425_204331
20190314-02,2019-03-14,2019,3,14,Thu,1,10,15,34,43,103,2,3,1,baseline.csv,20260425_204331
20190315-01,2019-03-15,2019,3,15,Fri,13,14,18,22,34,101,4,1,2,baseline.csv,20260425_204331
20190315-02,2019-03-15,2019,3,15,Fri,17,20,34,43,45,159,2,3,1,baseline.csv,20260425_204331
20190316-01,2019-03-16,2019,3,16,Sat,10,14,32,33,39,128,3,2,2,baseline.csv,20260425_204331
20190316-02,2019-03-16,2019,3,16,Sat,24,27,29,40,43,163,2,3,1,baseline.csv,20260425_204331
20190317-01,2019-03-17,2019,3,17,Sun,1,8,23,36,42,110,3,2,1,baseline.csv,20260425_204331
20190317-02,2019-03-17,2019,3,17,Sun,21,24,26,28,35,134,3,2,1,baseline.csv,20260425_204331
20190318-01,2019-03-18,2019,3,18,Mon,5,18,24,36,44,127,4,1,1,baseline.csv,20260425_204331
20190318-02,2019-03-18,2019,3,18,Mon,8,19,31,42,45,145,2,3,1,baseline.csv,20260425_204331
20190319-01,2019-03-19,2019,3,19,Tue,4,21,28,29,41,123,2,3,2,baseline.csv,20260425_204331
20190319-02,2019-03-19,2019,3,19,Tue,10,14,21,36,40,121,4,1,1,baseline.csv,20260425_204331
20190320-01,2019-03-20,2019,3,20,Wed,13,21,22,34,41,131,2,3,2,baseline.csv,20260425_204331
20190320-02,2019-03-20,2019,3,20,Wed,8,11,12,27,40,98,3,2,2,baseline.csv,20260425_204331
20190321-01,2019-03-21,2019,3,21,Thu,3,7,9,20,29,68,1,4,1,baseline.csv,20260425_204331
20190321-02,2019-03-21,2019,3,21,Thu,2,5,9,15,27,58,1,4,1,baseline.csv,20260425_204331
20190322-01,2019-03-22,2019,3,22,Fri,15,18,21,28,43,125,2,3,1,baseline.csv,20260425_204331
20190322-02,2019-03-22,2019,3,22,Fri,22,24,31,34,40,151,4,1,1,baseline.csv,20260425_204331
20190323-01,2019-03-23,2019,3,23,Sat,2,5,9,36,45,97,2,3,1,baseline.csv,20260425_204331
20190323-02,2019-03-23,2019,3,23,Sat,2,26,27,40,44,139,4,1,2,baseline.csv,20260425_204331
20190324-01,2019-03-24,2019,3,24,Sun,16,25,29,35,40,145,2,3,1,baseline.csv,20260425_204331
20190324-02,2019-03-24,2019,3,24,Sun,6,9,14,41,45,115,2,3,1,baseline.csv,20260425_204331
20190325-01,2019-03-25,2019,3,25,Mon,4,14,24,28,39,109,4,1,1,baseline.csv,20260425_204331
20190325-02,2019-03-25,2019,3,25,Mon,4,21,22,35,36,118,3,2,2,baseline.csv,20260425_204331
20190326-01,2019-03-26,2019,3,26,Tue,1,9,13,42,43,108,1,4,2,baseline.csv,20260425_204331
20190326-02,2019-03-26,2019,3,26,Tue,3,9,13,37,40,102,1,4,1,baseline.csv,20260425_204331
20190327-01,2019-03-27,2019,3,27,Wed,6,15,18,37,45,121,2,3,1,baseline.csv,20260425_204331
20190327-02,2019-03-27,2019,3,27,Wed,5,10,18,32,43,108,3,2,1,baseline.csv,20260425_204331
20190328-01,2019-03-28,2019,3,28,Thu,1,3,13,39,42,98,1,4,1,baseline.csv,20260425_204331
20190328-02,2019-03-28,2019,3,28,Thu,7,20,22,38,41,128,3,2,1,baseline.csv,20260425_204331
20190329-01,2019-03-29,2019,3,29,Fri,2,10,14,25,44,95,4,1,1,baseline.csv,20260425_204331
20190329-02,2019-03-29,2019,3,29,Fri,19,21,31,35,39,145,0,5,1,baseline.csv,20260425_204331
20190330-01,2019-03-30,2019,3,30,Sat,6,8,23,37,42,116,3,2,1,baseline.csv,20260425_204331
20190330-02,2019-03-30,2019,3,30,Sat,18,21,36,44,45,164,3,2,2,baseline.csv,20260425_204331
20190331-01,2019-03-31,2019,3,31,Sun,4,8,16,27,28,83,4,1,2,baseline.csv,20260425_204331
20190331-02,2019-03-31,2019,3,31,Sun,2,10,18,21,31,82,3,2,1,baseline.csv,20260425_204331
20190401-01,2019-04-01,2019,4,1,Mon,14,23,30,32,35,134,3,2,1,baseline.csv,20260425_204331
20190401-02,2019-04-01,2019,4,1,Mon,6,14,20,32,43,115,4,1,1,baseline.csv,20260425_204331
20190402-01,2019-04-02,2019,4,2,Tue,6,11,14,20,44,95,4,1,1,baseline.csv,20260425_204331
20190402-02,2019-04-02,2019,4,2,Tue,3,16,31,34,42,126,3,2,1,baseline.csv,20260425_204331
20190403-01,2019-04-03,2019,4,3,Wed,7,15,21,33,35,111,0,5,1,baseline.csv,20260425_204331
20190403-02,2019-04-03,2019,4,3,Wed,7,15,19,25,35,101,0,5,1,baseline.csv,20260425_204331
20190404-01,2019-04-04,2019,4,4,Thu,3,11,21,26,33,94,1,4,1,baseline.csv,20260425_204331
20190404-02,2019-04-04,2019,4,4,Thu,9,11,15,32,43,110,1,4,1,baseline.csv,20260425_204331
20190405-01,2019-04-05,2019,4,5,Fri,13,14,18,32,38,115,4,1,2,baseline.csv,20260425_204331
20190405-02,2019-04-05,2019,4,5,Fri,6,8,23,28,40,105,4,1,1,baseline.csv,20260425_204331
20190406-01,2019-04-06,2019,4,6,Sat,8,17,27,38,39,129,2,3,2,baseline.csv,20260425_204331
20190406-02,2019-04-06,2019,4,6,Sat,2,13,19,21,22,77,2,3,2,baseline.csv,20260425_204331
20190407-01,2019-04-07,2019,4,7,Sun,16,21,36,37,39,149,2,3,2,baseline.csv,20260425_204331
20190407-02,2019-04-07,2019,4,7,Sun,4,5,10,18,27,64,3,2,2,baseline.csv,20260425_204331
20190408-01,2019-04-08,2019,4,8,Mon,11,15,17,23,34,100,1,4,1,baseline.csv,20260425_204331
20190408-02,2019-04-08,2019,4,8,Mon,1,13,25,33,35,107,0,5,1,baseline.csv,20260425_204331
20190409-01,2019-04-09,2019,4,9,Tue,18,19,36,39,43,155,2,3,2,baseline.csv,20260425_204331
20190409-02,2019-04-09,2019,4,9,Tue,10,17,38,42,45,152,3,2,1,baseline.csv,20260425_204331
20190410-01,2019-04-10,2019,4,10,Wed,7,15,30,32,45,129,2,3,1,baseline.csv,20260425_204331
20190410-02,2019-04-10,2019,4,10,Wed,4,6,26,33,34,103,4,1,2,baseline.csv,20260425_204331
20190411-01,2019-04-11,2019,4,11,Thu,13,24,29,35,43,144,1,4,1,baseline.csv,20260425_204331
20190411-02,2019-04-11,2019,4,11,Thu,12,15,16,27,42,112,3,2,2,baseline.csv,20260425_204331
20190412-01,2019-04-12,2019,4,12,Fri,25,29,31,38,40,163,2,3,1,baseline.csv,20260425_204331
20190412-02,2019-04-12,2019,4,12,Fri,2,15,27,28,33,105,2,3,2,baseline.csv,20260425_204331
20190413-01,2019-04-13,2019,4,13,Sat,5,8,13,16,33,75,2,3,1,baseline.csv,20260425_204331
20190413-02,2019-04-13,2019,4,13,Sat,10,21,30,37,39,137,2,3,1,baseline.csv,20260425_204331
20190414-01,2019-04-14,2019,4,14,Sun,21,23,41,44,45,174,1,4,2,baseline.csv,20260425_204331
20190414-02,2019-04-14,2019,4,14,Sun,9,15,17,22,40,103,2,3,1,baseline.csv,20260425_204331
20190415-01,2019-04-15,2019,4,15,Mon,25,30,32,37,42,166,3,2,1,baseline.csv,20260425_204331
20190415-02,2019-04-15,2019,4,15,Mon,3,6,18,26,43,96,3,2,1,baseline.csv,20260425_204331
20190416-01,2019-04-16,2019,4,16,Tue,4,12,19,27,31,93,2,3,1,baseline.csv,20260425_204331
20190416-02,2019-04-16,2019,4,16,Tue,13,15,22,28,42,120,3,2,1,baseline.csv,20260425_204331
20190417-01,2019-04-17,2019,4,17,Wed,17,19,40,41,42,159,2,3,3,baseline.csv,20260425_204331
20190417-02,2019-04-17,2019,4,17,Wed,2,17,18,31,33,101,2,3,2,baseline.csv,20260425_204331
20190418-01,2019-04-18,2019,4,18,Thu,7,13,25,27,41,113,0,5,1,baseline.csv,20260425_204331
20190418-02,2019-04-18,2019,4,18,Thu,5,13,25,31,45,119,0,5,1,baseline.csv,20260425_204331
20190419-01,2019-04-19,2019,4,19,Fri,5,32,33,35,43,148,1,4,2,baseline.csv,20260425_204331
20190419-02,2019-04-19,2019,4,19,Fri,4,24,36,41,42,147,4,1,2,baseline.csv,20260425_204331
20190420-01,2019-04-20,2019,4,20,Sat,4,12,13,18,38,85,4,1,2,baseline.csv,20260425_204331
20190420-02,2019-04-20,2019,4,20,Sat,10,11,29,35,43,128,1,4,2,baseline.csv,20260425_204331
20190421-01,2019-04-21,2019,4,21,Sun,12,14,35,36,40,137,4,1,2,baseline.csv,20260425_204331
20190421-02,2019-04-21,2019,4,21,Sun,4,10,11,33,42,100,3,2,2,baseline.csv,20260425_204331
20190422-01,2019-04-22,2019,4,22,Mon,18,22,27,29,35,131,2,3,1,baseline.csv,20260425_204331
20190422-02,2019-04-22,2019,4,22,Mon,4,15,16,41,43,119,2,3,2,baseline.csv,20260425_204331
20190423-01,2019-04-23,2019,4,23,Tue,8,10,11,22,38,89,4,1,2,baseline.csv,20260425_204331
20190423-02,2019-04-23,2019,4,23,Tue,5,21,28,30,44,128,3,2,1,baseline.csv,20260425_204331
20190424-01,2019-04-24,2019,4,24,Wed,1,7,20,28,43,99,2,3,1,baseline.csv,20260425_204331
20190424-02,2019-04-24,2019,4,24,Wed,11,18,21,26,33,109,2,3,1,baseline.csv,20260425_204331
20190425-01,2019-04-25,2019,4,25,Thu,15,16,27,29,32,119,2,3,2,baseline.csv,20260425_204331
20190425-02,2019-04-25,2019,4,25,Thu,1,7,24,30,31,93,2,3,2,baseline.csv,20260425_204331
20190426-01,2019-04-26,2019,4,26,Fri,2,4,20,21,43,90,3,2,2,baseline.csv,20260425_204331
20190426-02,2019-04-26,2019,4,26,Fri,2,9,16,26,44,97,4,1,1,baseline.csv,20260425_204331
20190427-01,2019-04-27,2019,4,27,Sat,6,9,12,34,45,106,3,2,1,baseline.csv,20260425_204331
20190427-02,2019-04-27,2019,4,27,Sat,11,15,26,29,43,124,1,4,1,baseline.csv,20260425_204331
20190428-01,2019-04-28,2019,4,28,Sun,1,24,34,39,45,143,2,3,1,baseline.csv,20260425_204331
20190428-02,2019-04-28,2019,4,28,Sun,4,9,27,33,38,111,2,3,1,baseline.csv,20260425_204331
20190429-01,2019-04-29,2019,4,29,Mon,26,29,32,41,45,173,2,3,1,baseline.csv,20260425_204331
20190429-02,2019-04-29,2019,4,29,Mon,11,14,19,28,38,110,3,2,1,baseline.csv,20260425_204331
20190430-01,2019-04-30,2019,4,30,Tue,2,7,32,33,44,118,3,2,2,baseline.csv,20260425_204331
20190430-02,2019-04-30,2019,4,30,Tue,3,8,12,21,30,74,3,2,1,baseline.csv,20260425_204331
20190501-01,2019-05-01,2019,5,1,Wed,3,5,20,32,41,101,2,3,1,baseline.csv,20260425_204331
20190501-02,2019-05-01,2019,5,1,Wed,4,9,15,28,34,90,3,2,1,baseline.csv,20260425_204331
20190502-01,2019-05-02,2019,5,2,Thu,5,15,28,30,35,113,2,3,1,baseline.csv,20260425_204331
20190502-02,2019-05-02,2019,5,2,Thu,5,10,22,32,38,107,4,1,1,baseline.csv,20260425_204331
20190503-01,2019-05-03,2019,5,3,Fri,10,11,18,31,43,113,2,3,2,baseline.csv,20260425_204331
20190503-02,2019-05-03,2019,5,3,Fri,8,17,26,34,45,130,3,2,1,baseline.csv,20260425_204331
20190504-01,2019-05-04,2019,5,4,Sat,10,14,32,37,44,137,4,1,1,baseline.csv,20260425_204331
20190504-02,2019-05-04,2019,5,4,Sat,7,28,29,35,36,135,2,3,2,baseline.csv,20260425_204331
20190505-01,2019-05-05,2019,5,5,Sun,3,7,32,39,43,124,1,4,1,baseline.csv,20260425_204331
20190505-02,2019-05-05,2019,5,5,Sun,10,15,26,31,43,125,2,3,1,baseline.csv,20260425_204331
20190506-01,2019-05-06,2019,5,6,Mon,6,22,26,33,39,126,3,2,1,baseline.csv,20260425_204331
20190506-02,2019-05-06,2019,5,6,Mon,17,25,29,35,42,148,1,4,1,baseline.csv,20260425_204331
20190507-01,2019-05-07,2019,5,7,Tue,5,19,24,26,44,118,3,2,1,baseline.csv,20260425_204331
20190507-02,2019-05-07,2019,5,7,Tue,2,14,26,31,41,114,3,2,1,baseline.csv,20260425_204331
20190508-01,2019-05-08,2019,5,8,Wed,15,23,26,36,41,141,2,3,1,baseline.csv,20260425_204331
20190508-02,2019-05-08,2019,5,8,Wed,2,6,13,20,41,82,3,2,1,baseline.csv,20260425_204331
20190509-01,2019-05-09,2019,5,9,Thu,9,13,35,38,42,137,2,3,1,baseline.csv,20260425_204331
20190509-02,2019-05-09,2019,5,9,Thu,4,10,21,23,42,100,3,2,1,baseline.csv,20260425_204331
20190510-01,2019-05-10,2019,5,10,Fri,5,15,20,31,36,107,2,3,1,baseline.csv,20260425_204331
20190510-02,2019-05-10,2019,5,10,Fri,5,8,20,33,37,103,2,3,1,baseline.csv,20260425_204331
20190511-01,2019-05-11,2019,5,11,Sat,2,4,7,15,40,68,3,2,1,baseline.csv,20260425_204331
20190511-02,2019-05-11,2019,5,11,Sat,2,27,28,30,45,132,3,2,2,baseline.csv,20260425_204331
20190512-01,2019-05-12,2019,5,12,Sun,8,9,13,32,45,107,2,3,2,baseline.csv,20260425_204331
20190512-02,2019-05-12,2019,5,12,Sun,4,10,34,35,42,125,4,1,2,baseline.csv,20260425_204331
20190513-01,2019-05-13,2019,5,13,Mon,8,28,31,37,44,148,3,2,1,baseline.csv,20260425_204331
20190513-02,2019-05-13,2019,5,13,Mon,19,21,27,32,38,137,2,3,1,baseline.csv,20260425_204331
20190514-01,2019-05-14,2019,5,14,Tue,3,25,26,27,32,113,2,3,3,baseline.csv,20260425_204331
20190514-02,2019-05-14,2019,5,14,Tue,18,23,31,39,41,152,1,4,1,baseline.csv,20260425_204331
20190515-01,2019-05-15,2019,5,15,Wed,4,9,21,38,41,113,2,3,1,baseline.csv,20260425_204331
20190515-02,2019-05-15,2019,5,15,Wed,7,22,27,40,43,139,2,3,1,baseline.csv,20260425_204331
20190516-01,2019-05-16,2019,5,16,Thu,8,21,25,33,40,127,2,3,1,baseline.csv,20260425_204331
20190516-02,2019-05-16,2019,5,16,Thu,6,16,20,30,37,109,4,1,1,baseline.csv,20260425_204331
20190517-01,2019-05-17,2019,5,17,Fri,2,8,26,35,42,113,4,1,1,baseline.csv,20260425_204331
20190517-02,2019-05-17,2019,5,17,Fri,2,28,29,36,42,137,4,1,2,baseline.csv,20260425_204331
20190518-01,2019-05-18,2019,5,18,Sat,1,10,29,39,42,121,2,3,1,baseline.csv,20260425_204331
20190518-02,2019-05-18,2019,5,18,Sat,20,24,26,33,37,140,3,2,1,baseline.csv,20260425_204331
20190519-01,2019-05-19,2019,5,19,Sun,2,7,10,26,38,83,4,1,1,baseline.csv,20260425_204331
20190519-02,2019-05-19,2019,5,19,Sun,10,14,20,23,41,108,3,2,1,baseline.csv,20260425_204331
20190520-01,2019-05-20,2019,5,20,Mon,5,10,30,33,35,113,2,3,1,baseline.csv,20260425_204331
20190520-02,2019-05-20,2019,5,20,Mon,3,4,12,23,30,72,3,2,2,baseline.csv,20260425_204331
20190521-01,2019-05-21,2019,5,21,Tue,4,9,10,12,34,69,4,1,2,baseline.csv,20260425_204331
20190521-02,2019-05-21,2019,5,21,Tue,12,23,35,36,40,146,3,2,2,baseline.csv,20260425_204331
20190522-01,2019-05-22,2019,5,22,Wed,4,7,25,37,41,114,1,4,1,baseline.csv,20260425_204331
20190522-02,2019-05-22,2019,5,22,Wed,22,26,27,41,45,161,2,3,2,baseline.csv,20260425_204331
20190523-01,2019-05-23,2019,5,23,Thu,3,22,25,40,43,133,2,3,1,baseline.csv,20260425_204331
20190523-02,2019-05-23,2019,5,23,Thu,8,20,30,32,39,129,4,1,1,baseline.csv,20260425_204331
20190524-01,2019-05-24,2019,5,24,Fri,3,19,24,29,39,114,1,4,1,baseline.csv,20260425_204331
20190524-02,2019-05-24,2019,5,24,Fri,3,9,21,31,45,109,0,5,1,baseline.csv,20260425_204331
20190525-01,2019-05-25,2019,5,25,Sat,1,16,20,27,36,100,3,2,1,baseline.csv,20260425_204331
20190525-02,2019-05-25,2019,5,25,Sat,3,8,23,29,44,107,2,3,1,baseline.csv,20260425_204331
20190526-01,2019-05-26,2019,5,26,Sun,19,24,29,40,41,153,2,3,2,baseline.csv,20260425_204331
20190526-02,2019-05-26,2019,5,26,Sun,10,30,37,42,43,162,3,2,2,baseline.csv,20260425_204331
20190527-01,2019-05-27,2019,5,27,Mon,6,18,38,39,45,146,3,2,2,baseline.csv,20260425_204331
20190527-02,2019-05-27,2019,5,27,Mon,10,18,30,39,40,137,4,1,2,baseline.csv,20260425_204331
20190528-01,2019-05-28,2019,5,28,Tue,21,28,30,31,45,155,2,3,2,baseline.csv,20260425_204331
20190528-02,2019-05-28,2019,5,28,Tue,2,10,17,23,45,97,2,3,1,baseline.csv,20260425_204331
20190529-01,2019-05-29,2019,5,29,Wed,4,7,15,16,21,63,2,3,2,baseline.csv,20260425_204331
20190529-02,2019-05-29,2019,5,29,Wed,5,15,25,36,39,120,1,4,1,baseline.csv,20260425_204331
20190530-01,2019-05-30,2019,5,30,Thu,12,13,34,40,43,142,3,2,2,baseline.csv,20260425_204331
20190530-02,2019-05-30,2019,5,30,Thu,7,30,37,42,45,161,2,3,1,baseline.csv,20260425_204331
20190531-01,2019-05-31,2019,5,31,Fri,10,20,21,28,35,114,3,2,2,baseline.csv,20260425_204331
20190531-02,2019-05-31,2019,5,31,Fri,10,21,27,29,42,129,2,3,1,baseline.csv,20260425_204331
20190601-01,2019-06-01,2019,6,1,Sat,9,30,33,36,43,151,2,3,1,baseline.csv,20260425_204331
20190601-02,2019-06-01,2019,6,1,Sat,2,6,18,26,43,95,4,1,1,baseline.csv,20260425_204331
20190602-01,2019-06-02,2019,6,2,Sun,12,21,22,25,28,108,3,2,2,baseline.csv,20260425_204331
20190602-02,2019-06-02,2019,6,2,Sun,6,11,13,30,33,93,2,3,1,baseline.csv,20260425_204331
20190603-01,2019-06-03,2019,6,3,Mon,12,13,32,38,40,135,4,1,2,baseline.csv,20260425_204331
20190603-02,2019-06-03,2019,6,3,Mon,3,7,27,32,44,113,2,3,1,baseline.csv,20260425_204331
20190604-01,2019-06-04,2019,6,4,Tue,8,16,24,41,43,132,3,2,1,baseline.csv,20260425_204331
20190604-02,2019-06-04,2019,6,4,Tue,12,15,21,26,29,103,2,3,1,baseline.csv,20260425_204331
20190605-01,2019-06-05,2019,6,5,Wed,3,4,29,42,44,122,3,2,2,baseline.csv,20260425_204331
20190605-02,2019-06-05,2019,6,5,Wed,3,11,14,36,37,101,2,3,2,baseline.csv,20260425_204331
20190606-01,2019-06-06,2019,6,6,Thu,6,19,20,31,33,109,2,3,2,baseline.csv,20260425_204331
20190606-02,2019-06-06,2019,6,6,Thu,4,8,32,34,40,118,5,0,1,baseline.csv,20260425_204331
20190607-01,2019-06-07,2019,6,7,Fri,1,5,11,16,33,66,1,4,1,baseline.csv,20260425_204331
20190607-02,2019-06-07,2019,6,7,Fri,9,15,17,35,40,116,1,4,1,baseline.csv,20260425_204331
20190608-01,2019-06-08,2019,6,8,Sat,12,13,15,30,45,115,2,3,2,baseline.csv,20260425_204331
20190608-02,2019-06-08,2019,6,8,Sat,1,4,14,36,42,97,4,1,1,baseline.csv,20260425_204331
20190609-01,2019-06-09,2019,6,9,Sun,2,5,6,15,28,56,3,2,2,baseline.csv,20260425_204331
20190609-02,2019-06-09,2019,6,9,Sun,7,21,23,26,45,122,1,4,1,baseline.csv,20260425_204331
20190610-01,2019-06-10,2019,6,10,Mon,8,13,25,35,39,120,1,4,1,baseline.csv,20260425_204331
20190610-02,2019-06-10,2019,6,10,Mon,4,19,21,22,29,95,2,3,2,baseline.csv,20260425_204331
20190611-01,2019-06-11,2019,6,11,Tue,7,15,27,30,41,120,1,4,1,baseline.csv,20260425_204331
20190611-02,2019-06-11,2019,6,11,Tue,1,11,15,25,38,90,1,4,1,baseline.csv,20260425_204331
20190612-01,2019-06-12,2019,6,12,Wed,2,8,22,34,39,105,4,1,1,baseline.csv,20260425_204331
20190612-02,2019-06-12,2019,6,12,Wed,9,17,36,38,41,141,2,3,1,baseline.csv,20260425_204331
20190613-01,2019-06-13,2019,6,13,Thu,16,18,27,29,31,121,2,3,1,baseline.csv,20260425_204331
20190613-02,2019-06-13,2019,6,13,Thu,14,18,30,32,44,138,5,0,1,baseline.csv,20260425_204331
20190614-01,2019-06-14,2019,6,14,Fri,10,23,29,36,44,142,3,2,1,baseline.csv,20260425_204331
20190614-02,2019-06-14,2019,6,14,Fri,15,18,19,28,41,121,2,3,2,baseline.csv,20260425_204331
20190615-01,2019-06-15,2019,6,15,Sat,15,17,18,26,31,107,2,3,2,baseline.csv,20260425_204331
20190615-02,2019-06-15,2019,6,15,Sat,3,6,32,34,44,119,4,1,1,baseline.csv,20260425_204331
20190616-01,2019-06-16,2019,6,16,Sun,16,30,34,38,41,159,4,1,1,baseline.csv,20260425_204331
20190616-02,2019-06-16,2019,6,16,Sun,1,7,17,29,31,85,0,5,1,baseline.csv,20260425_204331
20190617-01,2019-06-17,2019,6,17,Mon,1,7,10,40,43,101,2,3,1,baseline.csv,20260425_204331
20190617-02,2019-06-17,2019,6,17,Mon,2,6,35,39,44,126,3,2,1,baseline.csv,20260425_204331
20190618-01,2019-06-18,2019,6,18,Tue,1,7,15,31,32,86,1,4,2,baseline.csv,20260425_204331
20190618-02,2019-06-18,2019,6,18,Tue,2,3,18,31,34,88,3,2,2,baseline.csv,20260425_204331
20190619-01,2019-06-19,2019,6,19,Wed,15,21,28,37,38,139,2,3,2,baseline.csv,20260425_204331
20190619-02,2019-06-19,2019,6,19,Wed,2,16,18,22,29,87,4,1,1,baseline.csv,20260425_204331
20190620-01,2019-06-20,2019,6,20,Thu,3,8,18,21,38,88,3,2,1,baseline.csv,20260425_204331
20190620-02,2019-06-20,2019,6,20,Thu,9,17,25,32,39,122,1,4,1,baseline.csv,20260425_204331
20190621-01,2019-06-21,2019,6,21,Fri,6,36,39,41,45,167,2,3,1,baseline.csv,20260425_204331
20190621-02,2019-06-21,2019,6,21,Fri,1,7,15,24,35,82,1,4,1,baseline.csv,20260425_204331
20190622-01,2019-06-22,2019,6,22,Sat,23,25,33,35,41,157,0,5,1,baseline.csv,20260425_204331
20190622-02,2019-06-22,2019,6,22,Sat,1,24,28,35,36,124,3,2,2,baseline.csv,20260425_204331
20190623-01,2019-06-23,2019,6,23,Sun,1,3,8,35,45,92,1,4,1,baseline.csv,20260425_204331
20190623-02,2019-06-23,2019,6,23,Sun,5,12,17,27,35,96,1,4,1,baseline.csv,20260425_204331
20190624-01,2019-06-24,2019,6,24,Mon,8,12,18,22,39,99,4,1,1,baseline.csv,20260425_204331
20190624-02,2019-06-24,2019,6,24,Mon,3,8,27,30,37,105,2,3,1,baseline.csv,20260425_204331
20190625-01,2019-06-25,2019,6,25,Tue,6,11,12,21,34,84,3,2,2,baseline.csv,20260425_204331
20190625-02,2019-06-25,2019,6,25,Tue,10,11,34,39,43,137,2,3,2,baseline.csv,20260425_204331
20190626-01,2019-06-26,2019,6,26,Wed,10,16,17,21,40,104,3,2,2,baseline.csv,20260425_204331
20190626-02,2019-06-26,2019,6,26,Wed,7,13,14,29,38,101,2,3,2,baseline.csv,20260425_204331
20190627-01,2019-06-27,2019,6,27,Thu,8,9,12,13,17,59,2,3,2,baseline.csv,20260425_204331
20190627-02,2019-06-27,2019,6,27,Thu,17,26,30,33,34,140,3,2,2,baseline.csv,20260425_204331
20190628-01,2019-06-28,2019,6,28,Fri,3,23,27,32,36,121,2,3,1,baseline.csv,20260425_204331
20190628-02,2019-06-28,2019,6,28,Fri,6,9,17,26,39,97,2,3,1,baseline.csv,20260425_204331
20190629-01,2019-06-29,2019,6,29,Sat,13,16,21,26,28,104,3,2,1,baseline.csv,20260425_204331
20190629-02,2019-06-29,2019,6,29,Sat,14,15,22,25,40,116,3,2,2,baseline.csv,20260425_204331
20190630-01,2019-06-30,2019,6,30,Sun,5,18,23,34,38,118,3,2,1,baseline.csv,20260425_204331
20190630-02,2019-06-30,2019,6,30,Sun,5,13,14,36,38,106,3,2,2,baseline.csv,20260425_204331
20190701-01,2019-07-01,2019,7,1,Mon,4,7,11,19,30,71,2,3,1,baseline.csv,20260425_204331
20190701-02,2019-07-01,2019,7,1,Mon,6,7,16,26,31,86,3,2,2,baseline.csv,20260425_204331
20190702-01,2019-07-02,2019,7,2,Tue,2,5,7,11,25,50,1,4,1,baseline.csv,20260425_204331
20190702-02,2019-07-02,2019,7,2,Tue,8,19,25,40,44,136,3,2,1,baseline.csv,20260425_204331
20190703-01,2019-07-03,2019,7,3,Wed,4,10,11,37,45,107,2,3,2,baseline.csv,20260425_204331
20190703-02,2019-07-03,2019,7,3,Wed,4,22,30,37,44,137,4,1,1,baseline.csv,20260425_204331
20190704-01,2019-07-04,2019,7,4,Thu,2,6,14,16,42,80,5,0,1,baseline.csv,20260425_204331
20190704-02,2019-07-04,2019,7,4,Thu,4,11,12,25,44,96,3,2,2,baseline.csv,20260425_204331
20190705-01,2019-07-05,2019,7,5,Fri,8,10,17,20,28,83,4,1,1,baseline.csv,20260425_204331
20190705-02,2019-07-05,2019,7,5,Fri,1,4,12,29,39,85,2,3,1,baseline.csv,20260425_204331
20190706-01,2019-07-06,2019,7,6,Sat,29,33,35,36,45,178,1,4,2,baseline.csv,20260425_204331
20190706-02,2019-07-06,2019,7,6,Sat,3,6,8,10,39,66,3,2,1,baseline.csv,20260425_204331
20190707-01,2019-07-07,2019,7,7,Sun,3,14,18,34,37,106,3,2,1,baseline.csv,20260425_204331
20190707-02,2019-07-07,2019,7,7,Sun,7,29,30,38,42,146,3,2,2,baseline.csv,20260425_204331
20190708-01,2019-07-08,2019,7,8,Mon,4,10,35,43,44,136,3,2,2,baseline.csv,20260425_204331
20190708-02,2019-07-08,2019,7,8,Mon,2,27,29,34,45,137,2,3,1,baseline.csv,20260425_204331
20190709-01,2019-07-09,2019,7,9,Tue,6,11,13,19,24,73,2,3,1,baseline.csv,20260425_204331
20190709-02,2019-07-09,2019,7,9,Tue,3,4,15,26,32,80,3,2,2,baseline.csv,20260425_204331
20190710-01,2019-07-10,2019,7,10,Wed,18,20,23,27,40,128,3,2,1,baseline.csv,20260425_204331
20190710-02,2019-07-10,2019,7,10,Wed,13,15,33,36,37,134,1,4,2,baseline.csv,20260425_204331
20190711-01,2019-07-11,2019,7,11,Thu,6,22,31,33,39,131,2,3,1,baseline.csv,20260425_204331
20190711-02,2019-07-11,2019,7,11,Thu,6,12,27,30,32,107,4,1,1,baseline.csv,20260425_204331
20190712-01,2019-07-12,2019,7,12,Fri,2,11,25,26,45,109,2,3,2,baseline.csv,20260425_204331
20190712-02,2019-07-12,2019,7,12,Fri,8,19,20,27,39,113,2,3,2,baseline.csv,20260425_204331
20190713-01,2019-07-13,2019,7,13,Sat,8,27,30,31,34,130,3,2,2,baseline.csv,20260425_204331
20190713-02,2019-07-13,2019,7,13,Sat,10,21,25,33,41,130,1,4,1,baseline.csv,20260425_204331
20190714-01,2019-07-14,2019,7,14,Sun,18,29,35,40,45,167,2,3,1,baseline.csv,20260425_204331
20190714-02,2019-07-14,2019,7,14,Sun,1,4,17,19,38,79,2,3,1,baseline.csv,20260425_204331
20190715-01,2019-07-15,2019,7,15,Mon,8,10,18,39,43,118,3,2,1,baseline.csv,20260425_204331
20190715-02,2019-07-15,2019,7,15,Mon,3,10,24,35,43,115,2,3,1,baseline.csv,20260425_204331
20190716-01,2019-07-16,2019,7,16,Tue,13,16,21,24,30,104,3,2,1,baseline.csv,20260425_204331
20190716-02,2019-07-16,2019,7,16,Tue,14,16,22,23,26,101,4,1,2,baseline.csv,20260425_204331
20190717-01,2019-07-17,2019,7,17,Wed,3,17,25,29,45,119,0,5,1,baseline.csv,20260425_204331
20190717-02,2019-07-17,2019,7,17,Wed,4,15,28,34,42,123,4,1,1,baseline.csv,20260425_204331
20190718-01,2019-07-18,2019,7,18,Thu,5,7,24,29,40,105,2,3,1,baseline.csv,20260425_204331
20190718-02,2019-07-18,2019,7,18,Thu,3,6,8,10,17,44,3,2,1,baseline.csv,20260425_204331
20190719-01,2019-07-19,2019,7,19,Fri,2,7,15,28,31,83,2,3,1,baseline.csv,20260425_204331
20190719-02,2019-07-19,2019,7,19,Fri,6,8,9,27,41,91,2,3,2,baseline.csv,20260425_204331
20190720-01,2019-07-20,2019,7,20,Sat,3,11,25,29,41,109,0,5,1,baseline.csv,20260425_204331
20190720-02,2019-07-20,2019,7,20,Sat,3,10,29,30,39,111,2,3,2,baseline.csv,20260425_204331
20190721-01,2019-07-21,2019,7,21,Sun,19,20,40,41,45,165,2,3,2,baseline.csv,20260425_204331
20190721-02,2019-07-21,2019,7,21,Sun,3,31,33,37,42,146,1,4,1,baseline.csv,20260425_204331
20190722-01,2019-07-22,2019,7,22,Mon,9,10,19,29,35,102,1,4,2,baseline.csv,20260425_204331
20190722-02,2019-07-22,2019,7,22,Mon,33,38,39,44,45,199,2,3,2,baseline.csv,20260425_204331
20190723-01,2019-07-23,2019,7,23,Tue,8,20,32,38,41,139,4,1,1,baseline.csv,20260425_204331
20190723-02,2019-07-23,2019,7,23,Tue,4,11,21,43,44,123,2,3,2,baseline.csv,20260425_204331
20190724-01,2019-07-24,2019,7,24,Wed,9,20,33,34,45,141,2,3,2,baseline.csv,20260425_204331
20190724-02,2019-07-24,2019,7,24,Wed,3,10,16,29,38,96,3,2,1,baseline.csv,20260425_204331
20190725-01,2019-07-25,2019,7,25,Thu,2,26,30,31,41,130,3,2,2,baseline.csv,20260425_204331
20190725-02,2019-07-25,2019,7,25,Thu,7,16,24,42,43,132,3,2,2,baseline.csv,20260425_204331
20190726-01,2019-07-26,2019,7,26,Fri,5,13,15,17,30,80,1,4,1,baseline.csv,20260425_204331
20190726-02,2019-07-26,2019,7,26,Fri,10,14,20,27,29,100,3,2,1,baseline.csv,20260425_204331
20190727-01,2019-07-27,2019,7,27,Sat,2,12,14,23,31,82,3,2,1,baseline.csv,20260425_204331
20190727-02,2019-07-27,2019,7,27,Sat,2,8,10,13,34,67,4,1,1,baseline.csv,20260425_204331
20190728-01,2019-07-28,2019,7,28,Sun,2,7,25,43,45,122,1,4,1,baseline.csv,20260425_204331
20190728-02,2019-07-28,2019,7,28,Sun,3,9,12,39,40,103,2,3,2,baseline.csv,20260425_204331
20190729-01,2019-07-29,2019,7,29,Mon,9,12,21,22,34,98,3,2,2,baseline.csv,20260425_204331
20190729-02,2019-07-29,2019,7,29,Mon,4,19,25,33,45,126,1,4,1,baseline.csv,20260425_204331
20190730-01,2019-07-30,2019,7,30,Tue,2,7,25,34,35,103,2,3,2,baseline.csv,20260425_204331
20190730-02,2019-07-30,2019,7,30,Tue,3,5,11,25,33,77,0,5,1,baseline.csv,20260425_204331
20190731-01,2019-07-31,2019,7,31,Wed,9,14,19,21,24,87,2,3,1,baseline.csv,20260425_204331
20190731-02,2019-07-31,2019,7,31,Wed,1,15,18,35,40,109,2,3,1,baseline.csv,20260425_204331
20190801-01,2019-08-01,2019,8,1,Thu,6,9,19,31,44,109,2,3,1,baseline.csv,20260425_204331
20190801-02,2019-08-01,2019,8,1,Thu,7,22,29,30,40,128,3,2,2,baseline.csv,20260425_204331
20190802-01,2019-08-02,2019,8,2,Fri,4,7,25,26,27,89,2,3,3,baseline.csv,20260425_204331
20190802-02,2019-08-02,2019,8,2,Fri,4,10,11,37,41,103,2,3,2,baseline.csv,20260425_204331
20190803-01,2019-08-03,2019,8,3,Sat,14,16,18,32,45,125,4,1,1,baseline.csv,20260425_204331
20190803-02,2019-08-03,2019,8,3,Sat,5,8,14,22,30,79,4,1,1,baseline.csv,20260425_204331
20190804-01,2019-08-04,2019,8,4,Sun,2,6,32,33,42,115,4,1,2,baseline.csv,20260425_204331
20190804-02,2019-08-04,2019,8,4,Sun,7,10,17,35,40,109,2,3,1,baseline.csv,20260425_204331
20190805-01,2019-08-05,2019,8,5,Mon,5,11,14,15,33,78,1,4,2,baseline.csv,20260425_204331
20190805-02,2019-08-05,2019,8,5,Mon,3,10,11,29,40,93,2,3,2,baseline.csv,20260425_204331
20190806-01,2019-08-06,2019,8,6,Tue,4,24,25,32,35,120,3,2,2,baseline.csv,20260425_204331
20190806-02,2019-08-06,2019,8,6,Tue,13,19,33,38,45,148,1,4,1,baseline.csv,20260425_204331
20190807-01,2019-08-07,2019,8,7,Wed,20,22,26,30,35,133,4,1,1,baseline.csv,20260425_204331
20190807-02,2019-08-07,2019,8,7,Wed,6,19,20,22,39,106,3,2,2,baseline.csv,20260425_204331
20190808-01,2019-08-08,2019,8,8,Thu,4,9,17,18,37,85,2,3,2,baseline.csv,20260425_204331
20190808-02,2019-08-08,2019,8,8,Thu,10,28,30,41,44,153,4,1,1,baseline.csv,20260425_204331
20190809-01,2019-08-09,2019,8,9,Fri,7,15,17,21,24,84,1,4,1,baseline.csv,20260425_204331
20190809-02,2019-08-09,2019,8,9,Fri,14,27,35,40,45,161,2,3,1,baseline.csv,20260425_204331
20190810-01,2019-08-10,2019,8,10,Sat,16,24,33,38,44,155,4,1,1,baseline.csv,20260425_204331
20190810-02,2019-08-10,2019,8,10,Sat,15,17,27,28,45,132,1,4,2,baseline.csv,20260425_204331
20190811-01,2019-08-11,2019,8,11,Sun,5,8,11,27,41,92,1,4,1,baseline.csv,20260425_204331
20190811-02,2019-08-11,2019,8,11,Sun,2,9,12,13,24,60,3,2,2,baseline.csv,20260425_204331
20190812-01,2019-08-12,2019,8,12,Mon,12,15,17,39,43,126,1,4,1,baseline.csv,20260425_204331
20190812-02,2019-08-12,2019,8,12,Mon,2,10,20,23,35,90,3,2,1,baseline.csv,20260425_204331
20190813-01,2019-08-13,2019,8,13,Tue,8,9,11,33,42,103,2,3,2,baseline.csv,20260425_204331
20190813-02,2019-08-13,2019,8,13,Tue,6,9,16,35,36,102,3,2,2,baseline.csv,20260425_204331
20190814-01,2019-08-14,2019,8,14,Wed,2,19,23,25,36,105,2,3,1,baseline.csv,20260425_204331
20190814-02,2019-08-14,2019,8,14,Wed,12,17,18,32,38,117,4,1,2,baseline.csv,20260425_204331
20190815-01,2019-08-15,2019,8,15,Thu,5,6,26,30,37,104,3,2,2,baseline.csv,20260425_204331
20190815-02,2019-08-15,2019,8,15,Thu,27,32,38,40,45,182,3,2,1,baseline.csv,20260425_204331
20190816-01,2019-08-16,2019,8,16,Fri,17,19,23,26,28,113,2,3,1,baseline.csv,20260425_204331
20190816-02,2019-08-16,2019,8,16,Fri,1,12,16,31,34,94,3,2,1,baseline.csv,20260425_204331
20190817-01,2019-08-17,2019,8,17,Sat,5,12,14,21,31,83,2,3,1,baseline.csv,20260425_204331
20190817-02,2019-08-17,2019,8,17,Sat,17,25,26,27,41,136,1,4,3,baseline.csv,20260425_204331
20190818-01,2019-08-18,2019,8,18,Sun,2,10,12,42,44,110,5,0,1,baseline.csv,20260425_204331
20190818-02,2019-08-18,2019,8,18,Sun,21,25,30,32,33,141,2,3,2,baseline.csv,20260425_204331
20190819-01,2019-08-19,2019,8,19,Mon,7,19,31,32,33,122,1,4,3,baseline.csv,20260425_204331
20190819-02,2019-08-19,2019,8,19,Mon,6,14,35,37,41,133,2,3,1,baseline.csv,20260425_204331
20190820-01,2019-08-20,2019,8,20,Tue,2,9,20,21,25,77,2,3,2,baseline.csv,20260425_204331
20190820-02,2019-08-20,2019,8,20,Tue,12,18,23,27,31,111,2,3,1,baseline.csv,20260425_204331
20190821-01,2019-08-21,2019,8,21,Wed,8,26,34,37,39,144,3,2,1,baseline.csv,20260425_204331
20190821-02,2019-08-21,2019,8,21,Wed,9,15,21,25,38,108,1,4,1,baseline.csv,20260425_204331
20190822-01,2019-08-22,2019,8,22,Thu,6,9,27,28,42,112,3,2,2,baseline.csv,20260425_204331
20190822-02,2019-08-22,2019,8,22,Thu,2,5,6,30,37,80,3,2,2,baseline.csv,20260425_204331
20190823-01,2019-08-23,2019,8,23,Fri,5,7,15,29,40,96,1,4,1,baseline.csv,20260425_204331
20190823-02,2019-08-23,2019,8,23,Fri,13,20,21,26,33,113,2,3,2,baseline.csv,20260425_204331
20190824-01,2019-08-24,2019,8,24,Sat,8,10,13,27,32,90,3,2,1,baseline.csv,20260425_204331
20190824-02,2019-08-24,2019,8,24,Sat,27,28,30,34,35,154,3,2,2,baseline.csv,20260425_204331
20190825-01,2019-08-25,2019,8,25,Sun,8,13,16,24,42,103,4,1,1,baseline.csv,20260425_204331
20190825-02,2019-08-25,2019,8,25,Sun,3,12,16,30,34,95,4,1,1,baseline.csv,20260425_204331
20190826-01,2019-08-26,2019,8,26,Mon,16,23,25,29,44,137,2,3,1,baseline.csv,20260425_204331
20190826-02,2019-08-26,2019,8,26,Mon,2,11,18,39,41,111,2,3,1,baseline.csv,20260425_204331
20190827-01,2019-08-27,2019,8,27,Tue,21,25,30,31,43,150,1,4,2,baseline.csv,20260425_204331
20190827-02,2019-08-27,2019,8,27,Tue,9,20,27,38,40,134,3,2,1,baseline.csv,20260425_204331
20190828-01,2019-08-28,2019,8,28,Wed,11,17,21,27,45,121,0,5,1,baseline.csv,20260425_204331
20190828-02,2019-08-28,2019,8,28,Wed,5,7,34,36,38,120,3,2,1,baseline.csv,20260425_204331
20190829-01,2019-08-29,2019,8,29,Thu,2,10,36,42,45,135,4,1,1,baseline.csv,20260425_204331
20190829-02,2019-08-29,2019,8,29,Thu,12,23,28,31,43,137,2,3,1,baseline.csv,20260425_204331
20190830-01,2019-08-30,2019,8,30,Fri,1,5,26,32,40,104,3,2,1,baseline.csv,20260425_204331
20190830-02,2019-08-30,2019,8,30,Fri,1,4,13,19,28,65,2,3,1,baseline.csv,20260425_204331
20190831-01,2019-08-31,2019,8,31,Sat,2,3,7,32,37,81,2,3,2,baseline.csv,20260425_204331
20190831-02,2019-08-31,2019,8,31,Sat,8,10,23,32,38,111,4,1,1,baseline.csv,20260425_204331
20190901-01,2019-09-01,2019,9,1,Sun,10,12,26,36,38,122,5,0,1,baseline.csv,20260425_204331
20190901-02,2019-09-01,2019,9,1,Sun,6,20,25,30,45,126,3,2,1,baseline.csv,20260425_204331
20190902-01,2019-09-02,2019,9,2,Mon,4,7,12,13,23,59,2,3,2,baseline.csv,20260425_204331
20190902-02,2019-09-02,2019,9,2,Mon,2,15,22,25,28,92,3,2,1,baseline.csv,20260425_204331
20190903-01,2019-09-03,2019,9,3,Tue,2,19,20,31,35,107,2,3,2,baseline.csv,20260425_204331
20190903-02,2019-09-03,2019,9,3,Tue,13,19,27,29,32,120,1,4,1,baseline.csv,20260425_204331
20190904-01,2019-09-04,2019,9,4,Wed,11,13,14,21,34,93,2,3,2,baseline.csv,20260425_204331
20190904-02,2019-09-04,2019,9,4,Wed,2,3,8,26,33,72,3,2,2,baseline.csv,20260425_204331
20190905-01,2019-09-05,2019,9,5,Thu,20,24,27,39,45,155,2,3,1,baseline.csv,20260425_204331
20190905-02,2019-09-05,2019,9,5,Thu,16,17,18,21,43,115,2,3,3,baseline.csv,20260425_204331
20190906-01,2019-09-06,2019,9,6,Fri,13,15,26,30,31,115,2,3,2,baseline.csv,20260425_204331
20190906-02,2019-09-06,2019,9,6,Fri,7,8,9,19,27,70,1,4,3,baseline.csv,20260425_204331
20190907-01,2019-09-07,2019,9,7,Sat,2,13,15,16,45,91,2,3,2,baseline.csv,20260425_204331
20190907-02,2019-09-07,2019,9,7,Sat,4,19,25,26,44,118,3,2,2,baseline.csv,20260425_204331
20190908-01,2019-09-08,2019,9,8,Sun,2,3,17,29,36,87,2,3,2,baseline.csv,20260425_204331
20190908-02,2019-09-08,2019,9,8,Sun,8,10,16,32,43,109,4,1,1,baseline.csv,20260425_204331
20190909-01,2019-09-09,2019,9,9,Mon,5,26,28,31,39,129,2,3,1,baseline.csv,20260425_204331
20190909-02,2019-09-09,2019,9,9,Mon,1,11,12,41,43,108,1,4,2,baseline.csv,20260425_204331
20190910-01,2019-09-10,2019,9,10,Tue,13,24,29,31,45,142,1,4,1,baseline.csv,20260425_204331
20190910-02,2019-09-10,2019,9,10,Tue,6,27,28,30,42,133,4,1,2,baseline.csv,20260425_204331
20190911-01,2019-09-11,2019,9,11,Wed,1,2,23,24,38,88,3,2,2,baseline.csv,20260425_204331
20190911-02,2019-09-11,2019,9,11,Wed,11,22,33,42,44,152,3,2,1,baseline.csv,20260425_204331
20190912-01,2019-09-12,2019,9,12,Thu,1,10,24,27,31,93,2,3,1,baseline.csv,20260425_204331
20190912-02,2019-09-12,2019,9,12,Thu,3,19,34,35,38,129,2,3,2,baseline.csv,20260425_204331
20190913-01,2019-09-13,2019,9,13,Fri,1,25,26,28,42,122,3,2,2,baseline.csv,20260425_204331
20190913-02,2019-09-13,2019,9,13,Fri,23,24,33,37,40,157,2,3,2,baseline.csv,20260425_204331
20190914-01,2019-09-14,2019,9,14,Sat,6,18,20,29,39,112,3,2,1,baseline.csv,20260425_204331
20190914-02,2019-09-14,2019,9,14,Sat,11,12,27,40,41,131,2,3,2,baseline.csv,20260425_204331
20190915-01,2019-09-15,2019,9,15,Sun,23,27,31,42,45,168,1,4,1,baseline.csv,20260425_204331
20190915-02,2019-09-15,2019,9,15,Sun,9,16,21,29,35,110,1,4,1,baseline.csv,20260425_204331
20190916-01,2019-09-16,2019,9,16,Mon,3,9,14,16,42,84,3,2,1,baseline.csv,20260425_204331
20190916-02,2019-09-16,2019,9,16,Mon,3,11,28,38,39,119,2,3,2,baseline.csv,20260425_204331
20190917-01,2019-09-17,2019,9,17,Tue,4,10,15,27,35,91,2,3,1,baseline.csv,20260425_204331
20190917-02,2019-09-17,2019,9,17,Tue,3,17,32,38,40,130,3,2,1,baseline.csv,20260425_204331
20190918-01,2019-09-18,2019,9,18,Wed,4,14,16,29,36,99,4,1,1,baseline.csv,20260425_204331
20190918-02,2019-09-18,2019,9,18,Wed,4,5,21,32,42,104,3,2,2,baseline.csv,20260425_204331
20190919-01,2019-09-19,2019,9,19,Thu,8,14,15,21,25,83,2,3,2,baseline.csv,20260425_204331
20190919-02,2019-09-19,2019,9,19,Thu,4,15,21,37,42,119,2,3,1,baseline.csv,20260425_204331
20190920-01,2019-09-20,2019,9,20,Fri,11,13,14,22,26,86,3,2,2,baseline.csv,20260425_204331
20190920-02,2019-09-20,2019,9,20,Fri,5,7,13,32,36,93,2,3,1,baseline.csv,20260425_204331
20190921-01,2019-09-21,2019,9,21,Sat,11,17,18,19,38,103,2,3,3,baseline.csv,20260425_204331
20190921-02,2019-09-21,2019,9,21,Sat,2,4,25,29,33,93,2,3,1,baseline.csv,20260425_204331
20190922-01,2019-09-22,2019,9,22,Sun,16,19,32,36,42,145,4,1,1,baseline.csv,20260425_204331
20190922-02,2019-09-22,2019,9,22,Sun,27,28,31,32,36,154,3,2,2,baseline.csv,20260425_204331
20190923-01,2019-09-23,2019,9,23,Mon,6,18,20,31,38,113,4,1,1,baseline.csv,20260425_204331
20190923-02,2019-09-23,2019,9,23,Mon,10,34,37,43,44,168,3,2,2,baseline.csv,20260425_204331
20190924-01,2019-09-24,2019,9,24,Tue,4,22,25,33,34,118,3,2,2,baseline.csv,20260425_204331
20190924-02,2019-09-24,2019,9,24,Tue,4,13,14,23,37,91,2,3,2,baseline.csv,20260425_204331
20190925-01,2019-09-25,2019,9,25,Wed,3,10,24,25,29,91,2,3,2,baseline.csv,20260425_204331
20190925-02,2019-09-25,2019,9,25,Wed,2,6,10,35,42,95,4,1,1,baseline.csv,20260425_204331
20190926-01,2019-09-26,2019,9,26,Thu,8,11,16,33,36,104,3,2,1,baseline.csv,20260425_204331
20190926-02,2019-09-26,2019,9,26,Thu,3,7,29,31,42,112,1,4,1,baseline.csv,20260425_204331
20190927-01,2019-09-27,2019,9,27,Fri,16,18,27,38,43,142,3,2,1,baseline.csv,20260425_204331
20190927-02,2019-09-27,2019,9,27,Fri,9,11,18,31,32,101,2,3,2,baseline.csv,20260425_204331
20190928-01,2019-09-28,2019,9,28,Sat,10,15,17,38,40,120,3,2,1,baseline.csv,20260425_204331
20190928-02,2019-09-28,2019,9,28,Sat,3,11,25,26,38,103,2,3,2,baseline.csv,20260425_204331
20190929-01,2019-09-29,2019,9,29,Sun,9,13,19,25,43,109,0,5,1,baseline.csv,20260425_204331
20190929-02,2019-09-29,2019,9,29,Sun,11,12,22,30,33,108,3,2,2,baseline.csv,20260425_204331
20190930-01,2019-09-30,2019,9,30,Mon,5,16,22,31,40,114,3,2,1,baseline.csv,20260425_204331
20190930-02,2019-09-30,2019,9,30,Mon,3,6,13,23,37,82,1,4,1,baseline.csv,20260425_204331
20191001-01,2019-10-01,2019,10,1,Tue,1,16,20,34,38,109,4,1,1,baseline.csv,20260425_204331
20191001-02,2019-10-01,2019,10,1,Tue,11,13,21,25,32,102,1,4,1,baseline.csv,20260425_204331
20191002-01,2019-10-02,2019,10,2,Wed,3,11,13,21,43,91,0,5,1,baseline.csv,20260425_204331
20191002-02,2019-10-02,2019,10,2,Wed,5,16,24,30,43,118,3,2,1,baseline.csv,20260425_204331
20191003-01,2019-10-03,2019,10,3,Thu,4,12,15,27,34,92,3,2,1,baseline.csv,20260425_204331
20191003-02,2019-10-03,2019,10,3,Thu,1,9,18,34,45,107,2,3,1,baseline.csv,20260425_204331
20191004-01,2019-10-04,2019,10,4,Fri,4,20,22,28,36,110,5,0,1,baseline.csv,20260425_204331
20191004-02,2019-10-04,2019,10,4,Fri,4,5,28,38,44,119,4,1,2,baseline.csv,20260425_204331
20191005-01,2019-10-05,2019,10,5,Sat,17,23,25,33,40,138,1,4,1,baseline.csv,20260425_204331
20191005-02,2019-10-05,2019,10,5,Sat,1,3,28,40,45,117,2,3,1,baseline.csv,20260425_204331
20191006-01,2019-10-06,2019,10,6,Sun,3,15,33,36,40,127,2,3,1,baseline.csv,20260425_204331
20191006-02,2019-10-06,2019,10,6,Sun,2,14,26,41,43,126,3,2,1,baseline.csv,20260425_204331
20191007-01,2019-10-07,2019,10,7,Mon,20,23,38,39,41,161,2,3,2,baseline.csv,20260425_204331
20191007-02,2019-10-07,2019,10,7,Mon,4,18,20,23,26,91,4,1,1,baseline.csv,20260425_204331
20191008-01,2019-10-08,2019,10,8,Tue,18,19,20,38,44,139,4,1,3,baseline.csv,20260425_204331
20191008-02,2019-10-08,2019,10,8,Tue,9,22,32,33,45,141,2,3,2,baseline.csv,20260425_204331
20191009-01,2019-10-09,2019,10,9,Wed,2,22,35,37,39,135,2,3,1,baseline.csv,20260425_204331
20191009-02,2019-10-09,2019,10,9,Wed,6,10,19,38,40,113,4,1,1,baseline.csv,20260425_204331
20191010-01,2019-10-10,2019,10,10,Thu,3,9,31,33,43,119,0,5,1,baseline.csv,20260425_204331
20191010-02,2019-10-10,2019,10,10,Thu,6,12,25,33,40,116,3,2,1,baseline.csv,20260425_204331
20191011-01,2019-10-11,2019,10,11,Fri,2,15,29,36,42,124,3,2,1,baseline.csv,20260425_204331
20191011-02,2019-10-11,2019,10,11,Fri,6,8,14,15,16,59,4,1,3,baseline.csv,20260425_204331
20191012-01,2019-10-12,2019,10,12,Sat,5,12,18,22,34,91,4,1,1,baseline.csv,20260425_204331
20191012-02,2019-10-12,2019,10,12,Sat,7,15,22,28,37,109,2,3,1,baseline.csv,20260425_204331
20191013-01,2019-10-13,2019,10,13,Sun,5,6,29,34,35,109,2,3,2,baseline.csv,20260425_204331
20191013-02,2019-10-13,2019,10,13,Sun,10,13,26,31,35,115,2,3,1,baseline.csv,20260425_204331
20191014-01,2019-10-14,2019,10,14,Mon,5,8,9,29,34,85,2,3,2,baseline.csv,20260425_204331
20191014-02,2019-10-14,2019,10,14,Mon,16,25,36,37,39,153,2,3,2,baseline.csv,20260425_204331
20191015-01,2019-10-15,2019,10,15,Tue,9,23,36,41,45,154,1,4,1,baseline.csv,20260425_204331
20191015-02,2019-10-15,2019,10,15,Tue,9,20,30,31,41,131,2,3,2,baseline.csv,20260425_204331
20191016-01,2019-10-16,2019,10,16,Wed,2,3,28,38,39,110,3,2,2,baseline.csv,20260425_204331
20191016-02,2019-10-16,2019,10,16,Wed,5,17,29,32,33,116,1,4,2,baseline.csv,20260425_204331
20191017-01,2019-10-17,2019,10,17,Thu,28,32,38,41,44,183,4,1,1,baseline.csv,20260425_204331
20191017-02,2019-10-17,2019,10,17,Thu,3,7,23,33,34,100,1,4,2,baseline.csv,20260425_204331
20191018-01,2019-10-18,2019,10,18,Fri,3,17,18,28,43,109,2,3,2,baseline.csv,20260425_204331
20191018-02,2019-10-18,2019,10,18,Fri,13,15,20,35,37,120,1,4,1,baseline.csv,20260425_204331
20191019-01,2019-10-19,2019,10,19,Sat,6,11,19,20,39,95,2,3,2,baseline.csv,20260425_204331
20191019-02,2019-10-19,2019,10,19,Sat,1,12,24,30,44,111,4,1,1,baseline.csv,20260425_204331
20191020-01,2019-10-20,2019,10,20,Sun,3,6,21,40,43,113,2,3,1,baseline.csv,20260425_204331
20191020-02,2019-10-20,2019,10,20,Sun,2,7,17,23,40,89,2,3,1,baseline.csv,20260425_204331
20191021-01,2019-10-21,2019,10,21,Mon,17,30,35,37,39,158,1,4,1,baseline.csv,20260425_204331
20191021-02,2019-10-21,2019,10,21,Mon,17,23,27,39,40,146,1,4,2,baseline.csv,20260425_204331
20191022-01,2019-10-22,2019,10,22,Tue,8,18,28,32,35,121,4,1,1,baseline.csv,20260425_204331
20191022-02,2019-10-22,2019,10,22,Tue,9,15,23,39,40,126,1,4,2,baseline.csv,20260425_204331
20191023-01,2019-10-23,2019,10,23,Wed,1,11,27,37,43,119,0,5,1,baseline.csv,20260425_204331
20191023-02,2019-10-23,2019,10,23,Wed,3,10,18,28,39,98,3,2,1,baseline.csv,20260425_204331
20191024-01,2019-10-24,2019,10,24,Thu,19,27,32,36,37,151,2,3,2,baseline.csv,20260425_204331
20191024-02,2019-10-24,2019,10,24,Thu,2,4,6,11,25,48,3,2,1,baseline.csv,20260425_204331
20191025-01,2019-10-25,2019,10,25,Fri,1,6,16,23,31,77,2,3,1,baseline.csv,20260425_204331
20191025-02,2019-10-25,2019,10,25,Fri,14,28,32,33,40,147,4,1,2,baseline.csv,20260425_204331
20191026-01,2019-10-26,2019,10,26,Sat,17,22,39,40,43,161,2,3,2,baseline.csv,20260425_204331
20191026-02,2019-10-26,2019,10,26,Sat,7,8,34,36,42,127,4,1,2,baseline.csv,20260425_204331
20191027-01,2019-10-27,2019,10,27,Sun,6,11,12,29,37,95,2,3,2,baseline.csv,20260425_204331
20191027-02,2019-10-27,2019,10,27,Sun,11,19,31,39,43,143,0,5,1,baseline.csv,20260425_204331
20191028-01,2019-10-28,2019,10,28,Mon,5,12,18,26,42,103,4,1,1,baseline.csv,20260425_204331
20191028-02,2019-10-28,2019,10,28,Mon,21,22,27,39,41,150,1,4,2,baseline.csv,20260425_204331
20191029-01,2019-10-29,2019,10,29,Tue,4,8,18,31,35,96,3,2,1,baseline.csv,20260425_204331
20191029-02,2019-10-29,2019,10,29,Tue,8,9,16,23,37,93,2,3,2,baseline.csv,20260425_204331
20191030-01,2019-10-30,2019,10,30,Wed,4,28,31,34,41,138,3,2,1,baseline.csv,20260425_204331
20191030-02,2019-10-30,2019,10,30,Wed,5,21,24,41,45,136,1,4,1,baseline.csv,20260425_204331
20191031-01,2019-10-31,2019,10,31,Thu,5,36,37,43,45,166,1,4,2,baseline.csv,20260425_204331
20191031-02,2019-10-31,2019,10,31,Thu,30,33,34,36,39,172,3,2,2,baseline.csv,20260425_204331
20191101-01,2019-11-01,2019,11,1,Fri,1,2,6,13,23,45,2,3,2,baseline.csv,20260425_204331
20191101-02,2019-11-01,2019,11,1,Fri,6,9,12,28,32,87,4,1,1,baseline.csv,20260425_204331
20191102-01,2019-11-02,2019,11,2,Sat,25,26,27,44,45,167,2,3,3,baseline.csv,20260425_204331
20191102-02,2019-11-02,2019,11,2,Sat,7,12,17,20,24,80,3,2,1,baseline.csv,20260425_204331
20191103-01,2019-11-03,2019,11,3,Sun,24,28,30,38,44,164,5,0,1,baseline.csv,20260425_204331
20191103-02,2019-11-03,2019,11,3,Sun,16,18,26,32,35,127,4,1,1,baseline.csv,20260425_204331
20191104-01,2019-11-04,2019,11,4,Mon,12,13,21,44,45,135,2,3,2,baseline.csv,20260425_204331
20191104-02,2019-11-04,2019,11,4,Mon,1,5,26,29,38,99,2,3,1,baseline.csv,20260425_204331
20191105-01,2019-11-05,2019,11,5,Tue,1,7,32,42,44,126,3,2,1,baseline.csv,20260425_204331
20191105-02,2019-11-05,2019,11,5,Tue,3,6,14,27,35,85,2,3,1,baseline.csv,20260425_204331
20191106-01,2019-11-06,2019,11,6,Wed,10,14,25,41,42,132,3,2,2,baseline.csv,20260425_204331
20191106-02,2019-11-06,2019,11,6,Wed,28,30,31,33,36,158,3,2,2,baseline.csv,20260425_204331
20191107-01,2019-11-07,2019,11,7,Thu,4,7,19,36,39,105,2,3,1,baseline.csv,20260425_204331
20191107-02,2019-11-07,2019,11,7,Thu,1,11,16,17,31,76,1,4,2,baseline.csv,20260425_204331
20191108-01,2019-11-08,2019,11,8,Fri,12,28,29,31,39,139,2,3,2,baseline.csv,20260425_204331
20191108-02,2019-11-08,2019,11,8,Fri,2,13,16,35,43,109,2,3,1,baseline.csv,20260425_204331
20191109-01,2019-11-09,2019,11,9,Sat,1,13,16,18,23,71,2,3,1,baseline.csv,20260425_204331
20191109-02,2019-11-09,2019,11,9,Sat,11,16,18,32,45,122,3,2,1,baseline.csv,20260425_204331
20191110-01,2019-11-10,2019,11,10,Sun,16,29,33,42,43,163,2,3,2,baseline.csv,20260425_204331
20191110-02,2019-11-10,2019,11,10,Sun,24,26,33,35,38,156,3,2,1,baseline.csv,20260425_204331
20191111-01,2019-11-11,2019,11,11,Mon,5,6,22,27,44,104,3,2,2,baseline.csv,20260425_204331
20191111-02,2019-11-11,2019,11,11,Mon,5,13,16,29,37,100,1,4,1,baseline.csv,20260425_204331
20191112-01,2019-11-12,2019,11,12,Tue,4,8,9,24,39,84,3,2,2,baseline.csv,20260425_204331
20191112-02,2019-11-12,2019,11,12,Tue,4,9,15,39,43,110,1,4,1,baseline.csv,20260425_204331
20191113-01,2019-11-13,2019,11,13,Wed,11,16,28,35,38,128,3,2,1,baseline.csv,20260425_204331
20191113-02,2019-11-13,2019,11,13,Wed,4,19,23,32,36,114,3,2,1,baseline.csv,20260425_204331
20191114-01,2019-11-14,2019,11,14,Thu,4,12,22,31,44,113,4,1,1,baseline.csv,20260425_204331
20191114-02,2019-11-14,2019,11,14,Thu,5,10,25,31,32,103,2,3,2,baseline.csv,20260425_204331
20191115-01,2019-11-15,2019,11,15,Fri,2,4,8,9,40,63,4,1,2,baseline.csv,20260425_204331
20191115-02,2019-11-15,2019,11,15,Fri,11,14,21,25,42,113,2,3,1,baseline.csv,20260425_204331
20191116-01,2019-11-16,2019,11,16,Sat,20,23,26,27,32,128,3,2,2,baseline.csv,20260425_204331
20191116-02,2019-11-16,2019,11,16,Sat,6,18,29,30,42,125,4,1,2,baseline.csv,20260425_204331
20191117-01,2019-11-17,2019,11,17,Sun,10,19,30,35,38,132,3,2,1,baseline.csv,20260425_204331
20191117-02,2019-11-17,2019,11,17,Sun,18,19,24,28,29,118,3,2,2,baseline.csv,20260425_204331
20191118-01,2019-11-18,2019,11,18,Mon,1,8,9,34,43,95,2,3,2,baseline.csv,20260425_204331
20191118-02,2019-11-18,2019,11,18,Mon,3,11,39,40,42,135,2,3,2,baseline.csv,20260425_204331
20191119-01,2019-11-19,2019,11,19,Tue,13,16,30,36,38,133,4,1,1,baseline.csv,20260425_204331
20191119-02,2019-11-19,2019,11,19,Tue,3,6,13,25,29,76,1,4,1,baseline.csv,20260425_204331
20191120-01,2019-11-20,2019,11,20,Wed,8,29,31,36,39,143,2,3,1,baseline.csv,20260425_204331
20191120-02,2019-11-20,2019,11,20,Wed,3,14,19,30,32,98,3,2,1,baseline.csv,20260425_204331
20191121-01,2019-11-21,2019,11,21,Thu,16,19,26,27,44,132,3,2,2,baseline.csv,20260425_204331
20191121-02,2019-11-21,2019,11,21,Thu,14,16,17,20,40,107,4,1,2,baseline.csv,20260425_204331
20191122-01,2019-11-22,2019,11,22,Fri,15,21,31,32,35,134,1,4,2,baseline.csv,20260425_204331
20191122-02,2019-11-22,2019,11,22,Fri,11,15,39,41,43,149,0,5,1,baseline.csv,20260425_204331
20191123-01,2019-11-23,2019,11,23,Sat,5,7,11,16,17,56,1,4,2,baseline.csv,20260425_204331
20191123-02,2019-11-23,2019,11,23,Sat,7,24,28,37,38,134,3,2,2,baseline.csv,20260425_204331
20191124-01,2019-11-24,2019,11,24,Sun,16,17,27,29,40,129,2,3,2,baseline.csv,20260425_204331
20191124-02,2019-11-24,2019,11,24,Sun,10,17,21,22,30,100,3,2,2,baseline.csv,20260425_204331
20191125-01,2019-11-25,2019,11,25,Mon,4,21,24,30,35,114,3,2,1,baseline.csv,20260425_204331
20191125-02,2019-11-25,2019,11,25,Mon,8,14,24,39,40,125,4,1,2,baseline.csv,20260425_204331
20191126-01,2019-11-26,2019,11,26,Tue,5,13,22,42,44,126,3,2,1,baseline.csv,20260425_204331
20191126-02,2019-11-26,2019,11,26,Tue,12,25,30,36,37,140,3,2,2,baseline.csv,20260425_204331
20191127-01,2019-11-27,2019,11,27,Wed,6,10,27,28,43,114,3,2,2,baseline.csv,20260425_204331
20191127-02,2019-11-27,2019,11,27,Wed,11,19,23,41,44,138,1,4,1,baseline.csv,20260425_204331
20191128-01,2019-11-28,2019,11,28,Thu,6,9,14,29,41,99,2,3,1,baseline.csv,20260425_204331
20191128-02,2019-11-28,2019,11,28,Thu,1,7,9,14,28,59,2,3,1,baseline.csv,20260425_204331
20191129-01,2019-11-29,2019,11,29,Fri,1,23,30,35,45,134,1,4,1,baseline.csv,20260425_204331
20191129-02,2019-11-29,2019,11,29,Fri,10,21,29,34,39,133,2,3,1,baseline.csv,20260425_204331
20191130-01,2019-11-30,2019,11,30,Sat,3,6,37,41,45,132,1,4,1,baseline.csv,20260425_204331
20191130-02,2019-11-30,2019,11,30,Sat,2,8,10,16,20,56,5,0,1,baseline.csv,20260425_204331
20191201-01,2019-12-01,2019,12,1,Sun,2,11,15,27,42,97,2,3,1,baseline.csv,20260425_204331
20191201-02,2019-12-01,2019,12,1,Sun,3,7,22,25,38,95,2,3,1,baseline.csv,20260425_204331
20191202-01,2019-12-02,2019,12,2,Mon,9,12,23,30,37,111,2,3,1,baseline.csv,20260425_204331
20191202-02,2019-12-02,2019,12,2,Mon,1,20,25,27,31,104,1,4,1,baseline.csv,20260425_204331
20191203-01,2019-12-03,2019,12,3,Tue,3,16,21,22,24,86,3,2,2,baseline.csv,20260425_204331
20191203-02,2019-12-03,2019,12,3,Tue,6,12,27,32,33,110,3,2,2,baseline.csv,20260425_204331
20191204-01,2019-12-04,2019,12,4,Wed,2,3,25,40,42,112,3,2,2,baseline.csv,20260425_204331
20191204-02,2019-12-04,2019,12,4,Wed,9,16,20,33,41,119,2,3,1,baseline.csv,20260425_204331
20191205-01,2019-12-05,2019,12,5,Thu,15,18,19,24,27,103,2,3,2,baseline.csv,20260425_204331
20191205-02,2019-12-05,2019,12,5,Thu,11,20,26,30,36,123,4,1,1,baseline.csv,20260425_204331
20191206-01,2019-12-06,2019,12,6,Fri,23,24,29,35,42,153,2,3,2,baseline.csv,20260425_204331
20191206-02,2019-12-06,2019,12,6,Fri,5,6,29,30,36,106,3,2,2,baseline.csv,20260425_204331
20191207-01,2019-12-07,2019,12,7,Sat,1,9,20,23,35,88,1,4,1,baseline.csv,20260425_204331
20191207-02,2019-12-07,2019,12,7,Sat,3,19,30,41,45,138,1,4,1,baseline.csv,20260425_204331
20191208-01,2019-12-08,2019,12,8,Sun,13,23,25,43,44,148,1,4,2,baseline.csv,20260425_204331
20191208-02,2019-12-08,2019,12,8,Sun,15,17,31,32,40,135,2,3,2,baseline.csv,20260425_204331
20191209-01,2019-12-09,2019,12,9,Mon,1,13,22,23,31,90,1,4,2,baseline.csv,20260425_204331
20191209-02,2019-12-09,2019,12,9,Mon,2,8,16,25,29,80,3,2,1,baseline.csv,20260425_204331
20191210-01,2019-12-10,2019,12,10,Tue,1,12,15,27,29,84,1,4,1,baseline.csv,20260425_204331
20191210-02,2019-12-10,2019,12,10,Tue,6,8,18,37,39,108,3,2,1,baseline.csv,20260425_204331
20191211-01,2019-12-11,2019,12,11,Wed,4,16,30,37,42,129,4,1,1,baseline.csv,20260425_204331
20191211-02,2019-12-11,2019,12,11,Wed,4,19,27,39,43,132,1,4,1,baseline.csv,20260425_204331
20191212-01,2019-12-12,2019,12,12,Thu,16,21,29,37,45,148,1,4,1,baseline.csv,20260425_204331
20191212-02,2019-12-12,2019,12,12,Thu,9,12,20,29,31,101,2,3,1,baseline.csv,20260425_204331
20191213-01,2019-12-13,2019,12,13,Fri,13,22,27,40,43,145,2,3,1,baseline.csv,20260425_204331
20191213-02,2019-12-13,2019,12,13,Fri,1,14,27,28,36,106,3,2,2,baseline.csv,20260425_204331
20191214-01,2019-12-14,2019,12,14,Sat,7,16,27,30,39,119,2,3,1,baseline.csv,20260425_204331
20191214-02,2019-12-14,2019,12,14,Sat,5,12,20,36,42,115,4,1,1,baseline.csv,20260425_204331
20191215-01,2019-12-15,2019,12,15,Sun,2,16,24,34,44,120,5,0,1,baseline.csv,20260425_204331
20191215-02,2019-12-15,2019,12,15,Sun,18,19,21,27,32,117,2,3,2,baseline.csv,20260425_204331
20191216-01,2019-12-16,2019,12,16,Mon,5,8,12,14,38,77,4,1,1,baseline.csv,20260425_204331
20191216-02,2019-12-16,2019,12,16,Mon,7,15,20,32,41,115,2,3,1,baseline.csv,20260425_204331
20191217-01,2019-12-17,2019,12,17,Tue,9,12,19,41,43,124,1,4,1,baseline.csv,20260425_204331
20191217-02,2019-12-17,2019,12,17,Tue,12,14,28,33,35,122,3,2,1,baseline.csv,20260425_204331
20191218-01,2019-12-18,2019,12,18,Wed,8,21,28,32,42,131,4,1,1,baseline.csv,20260425_204331
20191218-02,2019-12-18,2019,12,18,Wed,15,23,24,27,28,117,2,3,2,baseline.csv,20260425_204331
20191219-01,2019-12-19,2019,12,19,Thu,6,12,14,28,31,91,4,1,1,baseline.csv,20260425_204331
20191219-02,2019-12-19,2019,12,19,Thu,2,5,12,17,26,62,3,2,1,baseline.csv,20260425_204331
20191220-01,2019-12-20,2019,12,20,Fri,18,27,32,40,42,159,4,1,1,baseline.csv,20260425_204331
20191220-02,2019-12-20,2019,12,20,Fri,5,12,26,32,40,115,4,1,1,baseline.csv,20260425_204331
20191221-01,2019-12-21,2019,12,21,Sat,4,13,35,39,45,136,1,4,1,baseline.csv,20260425_204331
20191221-02,2019-12-21,2019,12,21,Sat,7,16,36,43,45,147,2,3,1,baseline.csv,20260425_204331
20191222-01,2019-12-22,2019,12,22,Sun,18,20,22,32,45,137,4,1,1,baseline.csv,20260425_204331
20191222-02,2019-12-22,2019,12,22,Sun,23,24,25,35,36,143,2,3,3,baseline.csv,20260425_204331
20191223-01,2019-12-23,2019,12,23,Mon,4,13,31,37,44,129,2,3,1,baseline.csv,20260425_204331
20191223-02,2019-12-23,2019,12,23,Mon,12,22,23,29,44,130,3,2,2,baseline.csv,20260425_204331
20191224-01,2019-12-24,2019,12,24,Tue,5,9,13,38,41,106,1,4,1,baseline.csv,20260425_204331
20191224-02,2019-12-24,2019,12,24,Tue,14,32,33,35,39,153,2,3,2,baseline.csv,20260425_204331
20191225-01,2019-12-25,2019,12,25,Wed,8,25,26,30,43,132,3,2,2,baseline.csv,20260425_204331
20191225-02,2019-12-25,2019,12,25,Wed,1,13,15,30,32,91,2,3,1,baseline.csv,20260425_204331
20191226-01,2019-12-26,2019,12,26,Thu,3,24,31,32,33,123,2,3,3,baseline.csv,20260425_204331
20191226-02,2019-12-26,2019,12,26,Thu,7,11,31,43,44,136,1,4,2,baseline.csv,20260425_204331
20191227-01,2019-12-27,2019,12,27,Fri,4,11,12,16,18,61,4,1,2,baseline.csv,20260425_204331
20191227-02,2019-12-27,2019,12,27,Fri,5,23,37,40,43,148,1,4,1,baseline.csv,20260425_204331
20191228-01,2019-12-28,2019,12,28,Sat,1,7,10,28,31,77,2,3,1,baseline.csv,20260425_204331
20191228-02,2019-12-28,2019,12,28,Sat,10,14,17,21,45,107,2,3,1,baseline.csv,20260425_204331
20191229-01,2019-12-29,2019,12,29,Sun,10,12,29,44,45,140,3,2,2,baseline.csv,20260425_204331
20191229-02,2019-12-29,2019,12,29,Sun,16,22,33,34,44,149,4,1,2,baseline.csv,20260425_204331
20191230-01,2019-12-30,2019,12,30,Mon,18,26,28,35,43,150,3,2,1,baseline.csv,20260425_204331
20191230-02,2019-12-30,2019,12,30,Mon,1,5,20,21,29,76,1,4,2,baseline.csv,20260425_204331
20191231-01,2019-12-31,2019,12,31,Tue,1,5,6,17,18,47,2,3,2,baseline.csv,20260425_204331
20191231-02,2019-12-31,2019,12,31,Tue,19,22,31,35,44,151,2,3,1,baseline.csv,20260425_204331
20200101-01,2020-01-01,2020,1,1,Wed,16,19,22,32,42,131,4,1,1,baseline.csv,20260425_204331
20200101-02,2020-01-01,2020,1,1,Wed,7,8,26,37,44,122,3,2,2,baseline.csv,20260425_204331
20200102-01,2020-01-02,2020,1,2,Thu,5,11,28,40,43,127,2,3,1,baseline.csv,20260425_204331
20200102-02,2020-01-02,2020,1,2,Thu,14,15,32,39,42,142,3,2,2,baseline.csv,20260425_204331
20200103-01,2020-01-03,2020,1,3,Fri,12,33,34,35,42,156,3,2,3,baseline.csv,20260425_204331
20200103-02,2020-01-03,2020,1,3,Fri,3,20,23,24,34,104,3,2,2,baseline.csv,20260425_204331
20200104-01,2020-01-04,2020,1,4,Sat,5,17,30,43,44,139,2,3,2,baseline.csv,20260425_204331
20200104-02,2020-01-04,2020,1,4,Sat,2,8,22,24,42,98,5,0,1,baseline.csv,20260425_204331
20200105-01,2020-01-05,2020,1,5,Sun,6,7,17,34,37,101,2,3,2,baseline.csv,20260425_204331
20200105-02,2020-01-05,2020,1,5,Sun,4,5,21,28,43,101,2,3,2,baseline.csv,20260425_204331
20200106-01,2020-01-06,2020,1,6,Mon,3,12,16,24,38,93,4,1,1,baseline.csv,20260425_204331
20200106-02,2020-01-06,2020,1,6,Mon,11,12,35,40,41,139,2,3,2,baseline.csv,20260425_204331
20200107-01,2020-01-07,2020,1,7,Tue,2,7,21,24,32,86,3,2,1,baseline.csv,20260425_204331
20200107-02,2020-01-07,2020,1,7,Tue,3,14,21,22,43,103,2,3,2,baseline.csv,20260425_204331
20200108-01,2020-01-08,2020,1,8,Wed,13,21,25,33,38,130,1,4,1,baseline.csv,20260425_204331
20200108-02,2020-01-08,2020,1,8,Wed,12,15,21,26,34,108,3,2,1,baseline.csv,20260425_204331
20200109-01,2020-01-09,2020,1,9,Thu,27,28,31,33,45,164,1,4,2,baseline.csv,20260425_204331
20200109-02,2020-01-09,2020,1,9,Thu,1,2,12,19,33,67,2,3,2,baseline.csv,20260425_204331
20200110-01,2020-01-10,2020,1,10,Fri,5,17,33,35,38,128,1,4,1,baseline.csv,20260425_204331
20200110-02,2020-01-10,2020,1,10,Fri,2,3,7,15,20,47,2,3,2,baseline.csv,20260425_204331
20200111-01,2020-01-11,2020,1,11,Sat,8,11,26,28,39,112,3,2,1,baseline.csv,20260425_204331
20200111-02,2020-01-11,2020,1,11,Sat,1,7,14,25,27,74,1,4,1,baseline.csv,20260425_204331
20200112-01,2020-01-12,2020,1,12,Sun,11,17,18,26,27,99,2,3,2,baseline.csv,20260425_204331
20200112-02,2020-01-12,2020,1,12,Sun,2,7,9,15,40,73,2,3,1,baseline.csv,20260425_204331
20200113-01,2020-01-13,2020,1,13,Mon,1,6,30,35,39,111,2,3,1,baseline.csv,20260425_204331
20200113-02,2020-01-13,2020,1,13,Mon,3,8,27,34,44,116,3,2,1,baseline.csv,20260425_204331
20200114-01,2020-01-14,2020,1,14,Tue,1,13,20,24,38,96,3,2,1,baseline.csv,20260425_204331
20200114-02,2020-01-14,2020,1,14,Tue,14,17,29,38,45,143,2,3,1,baseline.csv,20260425_204331
20200115-01,2020-01-15,2020,1,15,Wed,4,19,28,43,45,139,2,3,1,baseline.csv,20260425_204331
20200115-02,2020-01-15,2020,1,15,Wed,11,19,27,35,36,128,1,4,2,baseline.csv,20260425_204331
20200116-01,2020-01-16,2020,1,16,Thu,8,17,18,21,41,105,2,3,2,baseline.csv,20260425_204331
20200116-02,2020-01-16,2020,1,16,Thu,5,6,13,31,32,87,2,3,2,baseline.csv,20260425_204331
20200117-01,2020-01-17,2020,1,17,Fri,2,5,8,30,43,88,3,2,1,baseline.csv,20260425_204331
20200117-02,2020-01-17,2020,1,17,Fri,14,25,27,39,45,150,1,4,1,baseline.csv,20260425_204331
20200118-01,2020-01-18,2020,1,18,Sat,6,19,37,40,45,147,2,3,1,baseline.csv,20260425_204331
20200118-02,2020-01-18,2020,1,18,Sat,13,22,29,34,35,133,2,3,2,baseline.csv,20260425_204331
20200119-01,2020-01-19,2020,1,19,Sun,1,23,31,39,43,137,0,5,1,baseline.csv,20260425_204331
20200119-02,2020-01-19,2020,1,19,Sun,9,13,19,28,43,112,1,4,1,baseline.csv,20260425_204331
20200120-01,2020-01-20,2020,1,20,Mon,9,10,15,33,44,111,2,3,2,baseline.csv,20260425_204331
20200120-02,2020-01-20,2020,1,20,Mon,7,12,38,39,40,136,3,2,3,baseline.csv,20260425_204331
20200121-01,2020-01-21,2020,1,21,Tue,4,6,13,14,45,82,3,2,2,baseline.csv,20260425_204331
20200121-02,2020-01-21,2020,1,21,Tue,2,3,32,40,44,121,4,1,2,baseline.csv,20260425_204331
20200122-01,2020-01-22,2020,1,22,Wed,11,15,20,21,37,104,1,4,2,baseline.csv,20260425_204331
20200122-02,2020-01-22,2020,1,22,Wed,1,3,13,22,26,65,2,3,1,baseline.csv,20260425_204331
20200123-01,2020-01-23,2020,1,23,Thu,16,27,32,37,44,156,3,2,1,baseline.csv,20260425_204331
20200123-02,2020-01-23,2020,1,23,Thu,4,12,14,20,43,93,4,1,1,baseline.csv,20260425_204331
20200124-01,2020-01-24,2020,1,24,Fri,18,28,35,36,40,157,4,1,2,baseline.csv,20260425_204331
20200124-02,2020-01-24,2020,1,24,Fri,2,8,13,21,33,77,2,3,1,baseline.csv,20260425_204331
20200125-01,2020-01-25,2020,1,25,Sat,12,14,16,19,38,99,4,1,1,baseline.csv,20260425_204331
20200125-02,2020-01-25,2020,1,25,Sat,21,28,30,33,43,155,2,3,1,baseline.csv,20260425_204331
20200126-01,2020-01-26,2020,1,26,Sun,10,24,30,43,44,151,4,1,2,baseline.csv,20260425_204331
20200126-02,2020-01-26,2020,1,26,Sun,14,16,19,20,31,100,3,2,2,baseline.csv,20260425_204331
20200127-01,2020-01-27,2020,1,27,Mon,3,5,34,38,44,124,3,2,1,baseline.csv,20260425_204331
20200127-02,2020-01-27,2020,1,27,Mon,21,23,34,40,44,162,3,2,1,baseline.csv,20260425_204331
20200128-01,2020-01-28,2020,1,28,Tue,2,8,26,32,38,106,5,0,1,baseline.csv,20260425_204331
20200128-02,2020-01-28,2020,1,28,Tue,6,29,32,36,41,144,3,2,1,baseline.csv,20260425_204331
20200129-01,2020-01-29,2020,1,29,Wed,5,13,16,25,44,103,2,3,1,baseline.csv,20260425_204331
20200129-02,2020-01-29,2020,1,29,Wed,8,10,20,24,39,101,4,1,1,baseline.csv,20260425_204331
20200130-01,2020-01-30,2020,1,30,Thu,6,13,25,29,42,115,2,3,1,baseline.csv,20260425_204331
20200130-02,2020-01-30,2020,1,30,Thu,3,18,19,34,44,118,3,2,2,baseline.csv,20260425_204331
20200131-01,2020-01-31,2020,1,31,Fri,6,9,15,17,25,72,1,4,1,baseline.csv,20260425_204331
20200131-02,2020-01-31,2020,1,31,Fri,2,18,19,27,42,108,3,2,2,baseline.csv,20260425_204331
20200201-01,2020-02-01,2020,2,1,Sat,6,14,17,23,38,98,3,2,1,baseline.csv,20260425_204331
20200201-02,2020-02-01,2020,2,1,Sat,10,26,27,29,38,130,3,2,2,baseline.csv,20260425_204331
20200202-01,2020-02-02,2020,2,2,Sun,8,28,39,40,45,160,3,2,2,baseline.csv,20260425_204331
20200202-02,2020-02-02,2020,2,2,Sun,2,28,29,39,41,139,2,3,2,baseline.csv,20260425_204331
20200203-01,2020-02-03,2020,2,3,Mon,13,27,28,35,45,148,1,4,2,baseline.csv,20260425_204331
20200203-02,2020-02-03,2020,2,3,Mon,11,14,15,34,38,112,3,2,2,baseline.csv,20260425_204331
20200204-01,2020-02-04,2020,2,4,Tue,17,20,24,28,40,129,4,1,1,baseline.csv,20260425_204331
20200204-02,2020-02-04,2020,2,4,Tue,6,26,27,36,38,133,4,1,2,baseline.csv,20260425_204331
20200205-01,2020-02-05,2020,2,5,Wed,9,24,29,37,39,138,1,4,1,baseline.csv,20260425_204331
20200205-02,2020-02-05,2020,2,5,Wed,8,14,18,40,43,123,4,1,1,baseline.csv,20260425_204331
20200206-01,2020-02-06,2020,2,6,Thu,6,7,13,14,17,57,2,3,2,baseline.csv,20260425_204331
20200206-02,2020-02-06,2020,2,6,Thu,13,18,28,32,45,136,3,2,1,baseline.csv,20260425_204331
20200207-01,2020-02-07,2020,2,7,Fri,2,12,15,29,32,90,3,2,1,baseline.csv,20260425_204331
20200207-02,2020-02-07,2020,2,7,Fri,3,21,23,35,41,123,0,5,1,baseline.csv,20260425_204331
20200208-01,2020-02-08,2020,2,8,Sat,8,20,31,33,38,130,3,2,1,baseline.csv,20260425_204331
20200208-02,2020-02-08,2020,2,8,Sat,1,10,35,38,40,124,3,2,1,baseline.csv,20260425_204331
20200209-01,2020-02-09,2020,2,9,Sun,7,16,32,35,39,129,2,3,1,baseline.csv,20260425_204331
20200209-02,2020-02-09,2020,2,9,Sun,13,15,18,25,38,109,2,3,1,baseline.csv,20260425_204331
20200210-01,2020-02-10,2020,2,10,Mon,12,26,32,33,41,144,3,2,2,baseline.csv,20260425_204331
20200210-02,2020-02-10,2020,2,10,Mon,5,28,29,34,45,141,2,3,2,baseline.csv,20260425_204331
20200211-01,2020-02-11,2020,2,11,Tue,20,22,24,33,42,141,4,1,1,baseline.csv,20260425_204331
20200211-02,2020-02-11,2020,2,11,Tue,8,9,14,24,38,93,4,1,2,baseline.csv,20260425_204331
20200212-01,2020-02-12,2020,2,12,Wed,5,8,17,24,32,86,3,2,1,baseline.csv,20260425_204331
20200212-02,2020-02-12,2020,2,12,Wed,4,14,15,19,35,87,2,3,2,baseline.csv,20260425_204331
20200213-01,2020-02-13,2020,2,13,Thu,6,19,22,29,32,108,3,2,1,baseline.csv,20260425_204331
20200213-02,2020-02-13,2020,2,13,Thu,2,33,36,37,43,151,2,3,2,baseline.csv,20260425_204331
20200214-01,2020-02-14,2020,2,14,Fri,5,6,11,12,45,79,2,3,2,baseline.csv,20260425_204331
20200214-02,2020-02-14,2020,2,14,Fri,1,5,9,13,29,57,0,5,1,baseline.csv,20260425_204331
20200215-01,2020-02-15,2020,2,15,Sat,16,25,28,33,40,142,3,2,1,baseline.csv,20260425_204331
20200215-02,2020-02-15,2020,2,15,Sat,8,11,17,29,38,103,2,3,1,baseline.csv,20260425_204331
20200216-01,2020-02-16,2020,2,16,Sun,5,7,18,26,35,91,2,3,1,baseline.csv,20260425_204331
20200216-02,2020-02-16,2020,2,16,Sun,14,16,17,31,45,123,2,3,2,baseline.csv,20260425_204331
20200217-01,2020-02-17,2020,2,17,Mon,6,20,23,26,45,120,3,2,1,baseline.csv,20260425_204331
20200217-02,2020-02-17,2020,2,17,Mon,3,6,7,37,45,98,1,4,2,baseline.csv,20260425_204331
20200218-01,2020-02-18,2020,2,18,Tue,8,21,23,28,33,113,2,3,1,baseline.csv,20260425_204331
20200218-02,2020-02-18,2020,2,18,Tue,13,20,31,37,38,139,2,3,2,baseline.csv,20260425_204331
20200219-01,2020-02-19,2020,2,19,Wed,11,12,28,40,42,133,4,1,2,baseline.csv,20260425_204331
20200219-02,2020-02-19,2020,2,19,Wed,10,14,30,37,38,129,4,1,2,baseline.csv,20260425_204331
20200220-01,2020-02-20,2020,2,20,Thu,10,23,27,36,44,140,3,2,1,baseline.csv,20260425_204331
20200220-02,2020-02-20,2020,2,20,Thu,6,17,18,27,45,113,2,3,2,baseline.csv,20260425_204331
20200221-01,2020-02-21,2020,2,21,Fri,1,10,18,32,39,100,3,2,1,baseline.csv,20260425_204331
20200221-02,2020-02-21,2020,2,21,Fri,5,9,12,13,23,62,1,4,2,baseline.csv,20260425_204331
20200222-01,2020-02-22,2020,2,22,Sat,1,25,30,36,42,134,3,2,1,baseline.csv,20260425_204331
20200222-02,2020-02-22,2020,2,22,Sat,1,18,24,35,45,123,2,3,1,baseline.csv,20260425_204331
20200223-01,2020-02-23,2020,2,23,Sun,12,21,31,38,40,142,3,2,1,baseline.csv,20260425_204331
20200223-02,2020-02-23,2020,2,23,Sun,7,17,21,37,40,122,1,4,1,baseline.csv,20260425_204331
20200224-01,2020-02-24,2020,2,24,Mon,16,19,26,36,40,137,4,1,1,baseline.csv,20260425_204331
20200224-02,2020-02-24,2020,2,24,Mon,7,28,32,40,43,150,3,2,1,baseline.csv,20260425_204331
20200225-01,2020-02-25,2020,2,25,Tue,4,15,18,19,27,83,2,3,2,baseline.csv,20260425_204331
20200225-02,2020-02-25,2020,2,25,Tue,19,20,29,42,45,155,2,3,2,baseline.csv,20260425_204331
20200226-01,2020-02-26,2020,2,26,Wed,13,18,26,35,42,134,3,2,1,baseline.csv,20260425_204331
20200226-02,2020-02-26,2020,2,26,Wed,14,22,30,35,38,139,4,1,1,baseline.csv,20260425_204331
20200227-01,2020-02-27,2020,2,27,Thu,5,18,19,32,39,113,2,3,2,baseline.csv,20260425_204331
20200227-02,2020-02-27,2020,2,27,Thu,4,6,12,13,32,67,4,1,2,baseline.csv,20260425_204331
20200228-01,2020-02-28,2020,2,28,Fri,3,9,11,14,36,73,2,3,1,baseline.csv,20260425_204331
20200228-02,2020-02-28,2020,2,28,Fri,6,15,19,22,44,106,3,2,1,baseline.csv,20260425_204331
20200229-01,2020-02-29,2020,2,29,Sat,14,18,23,28,33,116,3,2,1,baseline.csv,20260425_204331
20200229-02,2020-02-29,2020,2,29,Sat,3,21,26,28,39,117,2,3,1,baseline.csv,20260425_204331
20200301-01,2020-03-01,2020,3,1,Sun,1,9,10,19,45,84,1,4,2,baseline.csv,20260425_204331
20200301-02,2020-03-01,2020,3,1,Sun,3,21,22,24,45,115,2,3,2,baseline.csv,20260425_204331
20200302-01,2020-03-02,2020,3,2,Mon,15,22,27,36,37,137,2,3,2,baseline.csv,20260425_204331
20200302-02,2020-03-02,2020,3,2,Mon,2,13,16,35,42,108,3,2,1,baseline.csv,20260425_204331
20200303-01,2020-03-03,2020,3,3,Tue,5,10,15,19,37,86,1,4,1,baseline.csv,20260425_204331
20200303-02,2020-03-03,2020,3,3,Tue,3,4,9,17,21,54,1,4,2,baseline.csv,20260425_204331
20200304-01,2020-03-04,2020,3,4,Wed,2,18,26,35,37,118,3,2,1,baseline.csv,20260425_204331
20200304-02,2020-03-04,2020,3,4,Wed,7,8,15,34,38,102,3,2,2,baseline.csv,20260425_204331
20200305-01,2020-03-05,2020,3,5,Thu,4,6,29,31,39,109,2,3,1,baseline.csv,20260425_204331
20200305-02,2020-03-05,2020,3,5,Thu,4,12,19,20,37,92,3,2,2,baseline.csv,20260425_204331
20200306-01,2020-03-06,2020,3,6,Fri,13,14,19,29,41,116,1,4,2,baseline.csv,20260425_204331
20200306-02,2020-03-06,2020,3,6,Fri,3,24,29,38,45,139,2,3,1,baseline.csv,20260425_204331
20200307-01,2020-03-07,2020,3,7,Sat,4,31,33,35,40,143,2,3,1,baseline.csv,20260425_204331
20200307-02,2020-03-07,2020,3,7,Sat,8,9,17,20,44,98,3,2,2,baseline.csv,20260425_204331
20200308-01,2020-03-08,2020,3,8,Sun,1,11,18,19,42,91,2,3,2,baseline.csv,20260425_204331
20200308-02,2020-03-08,2020,3,8,Sun,5,10,26,28,32,101,4,1,1,baseline.csv,20260425_204331
20200309-01,2020-03-09,2020,3,9,Mon,2,8,29,43,45,127,2,3,1,baseline.csv,20260425_204331
20200309-02,2020-03-09,2020,3,9,Mon,9,33,35,41,42,160,1,4,2,baseline.csv,20260425_204331
20200310-01,2020-03-10,2020,3,10,Tue,1,15,20,30,31,97,2,3,2,baseline.csv,20260425_204331
20200310-02,2020-03-10,2020,3,10,Tue,1,2,4,7,16,30,3,2,2,baseline.csv,20260425_204331
20200311-01,2020-03-11,2020,3,11,Wed,13,14,28,29,43,127,2,3,2,baseline.csv,20260425_204331
20200311-02,2020-03-11,2020,3,11,Wed,1,19,22,30,32,104,3,2,1,baseline.csv,20260425_204331
20200312-01,2020-03-12,2020,3,12,Thu,9,13,14,36,42,114,3,2,2,baseline.csv,20260425_204331
20200312-02,2020-03-12,2020,3,12,Thu,9,14,38,40,43,144,3,2,1,baseline.csv,20260425_204331
20200313-01,2020-03-13,2020,3,13,Fri,7,19,23,36,44,129,2,3,1,baseline.csv,20260425_204331
20200313-02,2020-03-13,2020,3,13,Fri,16,27,33,38,40,154,3,2,1,baseline.csv,20260425_204331
20200314-01,2020-03-14,2020,3,14,Sat,1,5,9,17,28,60,1,4,1,baseline.csv,20260425_204331
20200314-02,2020-03-14,2020,3,14,Sat,11,26,27,36,43,143,2,3,2,baseline.csv,20260425_204331
20200315-01,2020-03-15,2020,3,15,Sun,3,4,30,35,40,112,3,2,2,baseline.csv,20260425_204331
20200315-02,2020-03-15,2020,3,15,Sun,4,25,26,34,38,127,4,1,2,baseline.csv,20260425_204331
20200316-01,2020-03-16,2020,3,16,Mon,12,20,22,31,41,126,3,2,1,baseline.csv,20260425_204331
20200316-02,2020-03-16,2020,3,16,Mon,2,5,7,27,28,69,2,3,2,baseline.csv,20260425_204331
20200317-01,2020-03-17,2020,3,17,Tue,12,20,28,34,40,134,5,0,1,baseline.csv,20260425_204331
20200317-02,2020-03-17,2020,3,17,Tue,19,20,22,32,38,131,4,1,2,baseline.csv,20260425_204331
20200318-01,2020-03-18,2020,3,18,Wed,1,2,20,23,26,72,3,2,2,baseline.csv,20260425_204331
20200318-02,2020-03-18,2020,3,18,Wed,4,5,26,29,33,97,2,3,2,baseline.csv,20260425_204331
20200319-01,2020-03-19,2020,3,19,Thu,5,9,23,36,43,116,1,4,1,baseline.csv,20260425_204331
20200319-02,2020-03-19,2020,3,19,Thu,4,13,31,42,44,134,3,2,1,baseline.csv,20260425_204331
20200320-01,2020-03-20,2020,3,20,Fri,4,8,15,28,39,94,3,2,1,baseline.csv,20260425_204331
20200320-02,2020-03-20,2020,3,20,Fri,9,12,16,27,41,105,2,3,1,baseline.csv,20260425_204331
20200321-01,2020-03-21,2020,3,21,Sat,20,22,25,26,35,128,3,2,2,baseline.csv,20260425_204331
20200321-02,2020-03-21,2020,3,21,Sat,2,3,20,30,42,97,4,1,2,baseline.csv,20260425_204331
20200322-01,2020-03-22,2020,3,22,Sun,16,18,27,33,44,138,3,2,1,baseline.csv,20260425_204331
20200322-02,2020-03-22,2020,3,22,Sun,6,19,28,41,44,138,3,2,1,baseline.csv,20260425_204331
20200323-01,2020-03-23,2020,3,23,Mon,7,17,30,37,40,131,2,3,1,baseline.csv,20260425_204331
20200323-02,2020-03-23,2020,3,23,Mon,3,6,21,28,43,101,2,3,1,baseline.csv,20260425_204331
20200324-01,2020-03-24,2020,3,24,Tue,1,29,30,44,45,149,2,3,2,baseline.csv,20260425_204331
20200324-02,2020-03-24,2020,3,24,Tue,13,20,21,32,40,126,3,2,2,baseline.csv,20260425_204331
20200325-01,2020-03-25,2020,3,25,Wed,1,2,5,33,36,77,2,3,2,baseline.csv,20260425_204331
20200325-02,2020-03-25,2020,3,25,Wed,2,5,17,25,45,94,1,4,1,baseline.csv,20260425_204331
20200326-01,2020-03-26,2020,3,26,Thu,1,6,12,26,32,77,4,1,1,baseline.csv,20260425_204331
20200326-02,2020-03-26,2020,3,26,Thu,19,20,27,34,39,139,2,3,2,baseline.csv,20260425_204331
20200327-01,2020-03-27,2020,3,27,Fri,7,12,30,34,38,121,4,1,1,baseline.csv,20260425_204331
20200327-02,2020-03-27,2020,3,27,Fri,4,19,23,25,27,98,1,4,1,baseline.csv,20260425_204331
20200328-01,2020-03-28,2020,3,28,Sat,17,22,33,34,42,148,3,2,2,baseline.csv,20260425_204331
20200328-02,2020-03-28,2020,3,28,Sat,7,17,21,32,44,121,2,3,1,baseline.csv,20260425_204331
20200329-01,2020-03-29,2020,3,29,Sun,4,8,13,24,32,81,4,1,1,baseline.csv,20260425_204331
20200329-02,2020-03-29,2020,3,29,Sun,5,6,10,30,34,85,4,1,2,baseline.csv,20260425_204331
20200330-01,2020-03-30,2020,3,30,Mon,4,34,40,43,45,166,3,2,1,baseline.csv,20260425_204331
20200330-02,2020-03-30,2020,3,30,Mon,7,13,20,35,37,112,1,4,1,baseline.csv,20260425_204331
20200331-01,2020-03-31,2020,3,31,Tue,6,14,23,27,30,100,3,2,1,baseline.csv,20260425_204331
20200331-02,2020-03-31,2020,3,31,Tue,4,5,6,37,43,95,2,3,3,baseline.csv,20260425_204331
20200401-01,2020-04-01,2020,4,1,Wed,6,13,14,27,40,100,3,2,2,baseline.csv,20260425_204331
20200401-02,2020-04-01,2020,4,1,Wed,3,10,26,28,40,107,4,1,1,baseline.csv,20260425_204331
20200402-01,2020-04-02,2020,4,2,Thu,7,15,16,35,41,114,1,4,2,baseline.csv,20260425_204331
20200402-02,2020-04-02,2020,4,2,Thu,4,13,21,39,41,118,1,4,1,baseline.csv,20260425_204331
20200403-01,2020-04-03,2020,4,3,Fri,8,13,20,21,27,89,2,3,2,baseline.csv,20260425_204331
20200403-02,2020-04-03,2020,4,3,Fri,1,26,29,35,37,128,1,4,1,baseline.csv,20260425_204331
20200404-01,2020-04-04,2020,4,4,Sat,2,9,10,16,36,73,4,1,2,baseline.csv,20260425_204331
20200404-02,2020-04-04,2020,4,4,Sat,7,18,29,40,42,136,3,2,1,baseline.csv,20260425_204331
20200405-01,2020-04-05,2020,4,5,Sun,6,12,20,35,41,114,3,2,1,baseline.csv,20260425_204331
20200405-02,2020-04-05,2020,4,5,Sun,10,22,33,37,40,142,3,2,1,baseline.csv,20260425_204331
20200406-01,2020-04-06,2020,4,6,Mon,1,13,21,40,44,119,2,3,1,baseline.csv,20260425_204331
20200406-02,2020-04-06,2020,4,6,Mon,2,11,13,25,34,85,2,3,1,baseline.csv,20260425_204331
20200407-01,2020-04-07,2020,4,7,Tue,4,29,31,35,40,139,2,3,1,baseline.csv,20260425_204331
20200407-02,2020-04-07,2020,4,7,Tue,8,18,19,23,28,96,3,2,2,baseline.csv,20260425_204331
20200408-01,2020-04-08,2020,4,8,Wed,12,16,22,27,32,109,4,1,1,baseline.csv,20260425_204331
20200408-02,2020-04-08,2020,4,8,Wed,15,16,17,33,39,120,1,4,3,baseline.csv,20260425_204331
20200409-01,2020-04-09,2020,4,9,Thu,2,7,9,24,41,83,2,3,1,baseline.csv,20260425_204331
20200409-02,2020-04-09,2020,4,9,Thu,1,2,28,32,39,102,3,2,2,baseline.csv,20260425_204331
20200410-01,2020-04-10,2020,4,10,Fri,9,14,23,38,41,125,2,3,1,baseline.csv,20260425_204331
20200410-02,2020-04-10,2020,4,10,Fri,1,5,18,25,44,93,2,3,1,baseline.csv,20260425_204331
20200411-01,2020-04-11,2020,4,11,Sat,4,6,11,19,36,76,3,2,1,baseline.csv,20260425_204331
20200411-02,2020-04-11,2020,4,11,Sat,1,17,32,33,36,119,2,3,2,baseline.csv,20260425_204331
20200412-01,2020-04-12,2020,4,12,Sun,12,25,26,33,41,137,2,3,2,baseline.csv,20260425_204331
20200412-02,2020-04-12,2020,4,12,Sun,5,32,37,42,44,160,3,2,1,baseline.csv,20260425_204331
20200413-01,2020-04-13,2020,4,13,Mon,18,21,29,37,43,148,1,4,1,baseline.csv,20260425_204331
20200413-02,2020-04-13,2020,4,13,Mon,29,35,39,41,42,186,1,4,2,baseline.csv,20260425_204331
20200414-01,2020-04-14,2020,4,14,Tue,1,8,29,37,41,116,1,4,1,baseline.csv,20260425_204331
20200414-02,2020-04-14,2020,4,14,Tue,6,9,10,16,39,80,3,2,2,baseline.csv,20260425_204331
20200415-01,2020-04-15,2020,4,15,Wed,16,30,38,41,43,168,3,2,1,baseline.csv,20260425_204331
20200415-02,2020-04-15,2020,4,15,Wed,9,16,19,30,39,113,2,3,1,baseline.csv,20260425_204331
20200416-01,2020-04-16,2020,4,16,Thu,4,11,30,35,44,124,3,2,1,baseline.csv,20260425_204331
20200416-02,2020-04-16,2020,4,16,Thu,10,20,26,28,40,124,5,0,1,baseline.csv,20260425_204331
20200417-01,2020-04-17,2020,4,17,Fri,3,11,18,35,36,103,2,3,2,baseline.csv,20260425_204331
20200417-02,2020-04-17,2020,4,17,Fri,2,10,29,30,34,105,4,1,2,baseline.csv,20260425_204331
20200418-01,2020-04-18,2020,4,18,Sat,11,15,21,24,28,99,2,3,1,baseline.csv,20260425_204331
20200418-02,2020-04-18,2020,4,18,Sat,16,21,29,37,40,143,2,3,1,baseline.csv,20260425_204331
20200419-01,2020-04-19,2020,4,19,Sun,3,11,23,32,43,112,1,4,1,baseline.csv,20260425_204331
20200419-02,2020-04-19,2020,4,19,Sun,6,10,30,42,43,131,4,1,2,baseline.csv,20260425_204331
20200420-01,2020-04-20,2020,4,20,Mon,6,16,23,24,25,94,3,2,3,baseline.csv,20260425_204331
20200420-02,2020-04-20,2020,4,20,Mon,2,19,26,27,29,103,2,3,2,baseline.csv,20260425_204331
20200421-01,2020-04-21,2020,4,21,Tue,4,10,15,25,37,91,2,3,1,baseline.csv,20260425_204331
20200421-02,2020-04-21,2020,4,21,Tue,8,22,24,36,39,129,4,1,1,baseline.csv,20260425_204331
20200422-01,2020-04-22,2020,4,22,Wed,21,22,28,30,45,146,3,2,2,baseline.csv,20260425_204331
20200422-02,2020-04-22,2020,4,22,Wed,8,13,19,21,23,84,1,4,1,baseline.csv,20260425_204331
20200423-01,2020-04-23,2020,4,23,Thu,18,24,26,28,45,141,4,1,1,baseline.csv,20260425_204331
20200423-02,2020-04-23,2020,4,23,Thu,1,7,14,29,37,88,1,4,1,baseline.csv,20260425_204331
20200424-01,2020-04-24,2020,4,24,Fri,2,25,32,39,41,139,2,3,1,baseline.csv,20260425_204331
20200424-02,2020-04-24,2020,4,24,Fri,10,29,32,44,45,160,3,2,2,baseline.csv,20260425_204331
20200425-01,2020-04-25,2020,4,25,Sat,1,12,13,25,41,92,1,4,2,baseline.csv,20260425_204331
20200425-02,2020-04-25,2020,4,25,Sat,5,7,11,14,33,70,1,4,1,baseline.csv,20260425_204331
20200426-01,2020-04-26,2020,4,26,Sun,16,18,36,38,41,149,4,1,1,baseline.csv,20260425_204331
20200426-02,2020-04-26,2020,4,26,Sun,23,27,35,36,44,165,2,3,2,baseline.csv,20260425_204331
20200427-01,2020-04-27,2020,4,27,Mon,15,25,31,33,45,149,0,5,1,baseline.csv,20260425_204331
20200427-02,2020-04-27,2020,4,27,Mon,1,17,28,29,39,114,1,4,2,baseline.csv,20260425_204331
20200428-01,2020-04-28,2020,4,28,Tue,6,12,13,23,35,89,2,3,2,baseline.csv,20260425_204331
20200428-02,2020-04-28,2020,4,28,Tue,27,28,31,39,43,168,1,4,2,baseline.csv,20260425_204331
20200429-01,2020-04-29,2020,4,29,Wed,7,8,15,30,38,98,3,2,2,baseline.csv,20260425_204331
20200429-02,2020-04-29,2020,4,29,Wed,2,4,38,39,40,123,4,1,3,baseline.csv,20260425_204331
20200430-01,2020-04-30,2020,4,30,Thu,5,22,23,36,44,130,3,2,2,baseline.csv,20260425_204331
20200430-02,2020-04-30,2020,4,30,Thu,7,16,17,40,42,122,3,2,2,baseline.csv,20260425_204331
20200501-01,2020-05-01,2020,5,1,Fri,4,19,22,41,43,129,2,3,1,baseline.csv,20260425_204331
20200501-02,2020-05-01,2020,5,1,Fri,12,20,29,32,37,130,3,2,1,baseline.csv,20260425_204331
20200502-01,2020-05-02,2020,5,2,Sat,6,13,18,26,33,96,3,2,1,baseline.csv,20260425_204331
20200502-02,2020-05-02,2020,5,2,Sat,3,15,20,26,35,99,2,3,1,baseline.csv,20260425_204331
20200503-01,2020-05-03,2020,5,3,Sun,13,17,20,33,44,127,2,3,1,baseline.csv,20260425_204331
20200503-02,2020-05-03,2020,5,3,Sun,6,7,19,44,45,121,2,3,2,baseline.csv,20260425_204331
20200504-01,2020-05-04,2020,5,4,Mon,10,22,26,32,39,129,4,1,1,baseline.csv,20260425_204331
20200504-02,2020-05-04,2020,5,4,Mon,10,22,30,37,41,140,3,2,1,baseline.csv,20260425_204331
20200505-01,2020-05-05,2020,5,5,Tue,17,24,27,41,43,152,1,4,1,baseline.csv,20260425_204331
20200505-02,2020-05-05,2020,5,5,Tue,2,7,22,27,40,98,3,2,1,baseline.csv,20260425_204331
20200506-01,2020-05-06,2020,5,6,Wed,1,13,14,23,25,76,1,4,2,baseline.csv,20260425_204331
20200506-02,2020-05-06,2020,5,6,Wed,19,22,33,38,44,156,3,2,1,baseline.csv,20260425_204331
20200507-01,2020-05-07,2020,5,7,Thu,15,16,21,26,29,107,2,3,2,baseline.csv,20260425_204331
20200507-02,2020-05-07,2020,5,7,Thu,11,23,28,31,43,136,1,4,1,baseline.csv,20260425_204331
20200508-01,2020-05-08,2020,5,8,Fri,2,20,30,41,45,138,3,2,1,baseline.csv,20260425_204331
20200508-02,2020-05-08,2020,5,8,Fri,9,28,37,39,44,157,2,3,1,baseline.csv,20260425_204331
20200509-01,2020-05-09,2020,5,9,Sat,2,15,19,28,42,106,3,2,1,baseline.csv,20260425_204331
20200509-02,2020-05-09,2020,5,9,Sat,10,15,19,26,40,110,3,2,1,baseline.csv,20260425_204331
20200510-01,2020-05-10,2020,5,10,Sun,26,28,30,33,43,160,3,2,1,baseline.csv,20260425_204331
20200510-02,2020-05-10,2020,5,10,Sun,3,7,21,29,41,101,0,5,1,baseline.csv,20260425_204331
20200511-01,2020-05-11,2020,5,11,Mon,1,10,19,22,45,97,2,3,1,baseline.csv,20260425_204331
20200511-02,2020-05-11,2020,5,11,Mon,10,26,34,37,42,149,4,1,1,baseline.csv,20260425_204331
20200512-01,2020-05-12,2020,5,12,Tue,11,26,38,40,43,158,3,2,1,baseline.csv,20260425_204331
20200512-02,2020-05-12,2020,5,12,Tue,3,11,18,22,34,88,3,2,1,baseline.csv,20260425_204331
20200513-01,2020-05-13,2020,5,13,Wed,16,19,31,34,43,143,2,3,1,baseline.csv,20260425_204331
20200513-02,2020-05-13,2020,5,13,Wed,12,19,31,39,42,143,2,3,1,baseline.csv,20260425_204331
20200514-01,2020-05-14,2020,5,14,Thu,7,9,11,17,20,64,1,4,1,baseline.csv,20260425_204331
20200514-02,2020-05-14,2020,5,14,Thu,2,11,16,17,21,67,2,3,2,baseline.csv,20260425_204331
20200515-01,2020-05-15,2020,5,15,Fri,2,8,13,29,33,85,2,3,1,baseline.csv,20260425_204331
20200515-02,2020-05-15,2020,5,15,Fri,5,9,10,15,18,57,2,3,2,baseline.csv,20260425_204331
20200516-01,2020-05-16,2020,5,16,Sat,9,14,18,31,42,114,3,2,1,baseline.csv,20260425_204331
20200516-02,2020-05-16,2020,5,16,Sat,7,13,30,35,36,121,2,3,2,baseline.csv,20260425_204331
20200517-01,2020-05-17,2020,5,17,Sun,5,11,21,38,41,116,1,4,1,baseline.csv,20260425_204331
20200517-02,2020-05-17,2020,5,17,Sun,7,17,27,29,30,110,1,4,2,baseline.csv,20260425_204331
20200518-01,2020-05-18,2020,5,18,Mon,22,24,30,35,40,151,4,1,1,baseline.csv,20260425_204331
20200518-02,2020-05-18,2020,5,18,Mon,25,28,30,35,44,162,3,2,1,baseline.csv,20260425_204331
20200519-01,2020-05-19,2020,5,19,Tue,19,21,32,34,36,142,3,2,1,baseline.csv,20260425_204331
20200519-02,2020-05-19,2020,5,19,Tue,13,15,17,41,44,130,1,4,1,baseline.csv,20260425_204331
20200520-01,2020-05-20,2020,5,20,Wed,3,5,30,38,39,115,2,3,2,baseline.csv,20260425_204331
20200520-02,2020-05-20,2020,5,20,Wed,2,12,16,28,35,93,4,1,1,baseline.csv,20260425_204331
20200521-01,2020-05-21,2020,5,21,Thu,1,28,29,32,33,123,2,3,2,baseline.csv,20260425_204331
20200521-02,2020-05-21,2020,5,21,Thu,11,25,34,36,37,143,2,3,2,baseline.csv,20260425_204331
20200522-01,2020-05-22,2020,5,22,Fri,18,24,25,35,42,144,3,2,2,baseline.csv,20260425_204331
20200522-02,2020-05-22,2020,5,22,Fri,1,13,23,39,42,118,1,4,1,baseline.csv,20260425_204331
20200523-01,2020-05-23,2020,5,23,Sat,11,13,30,31,34,119,2,3,2,baseline.csv,20260425_204331
20200523-02,2020-05-23,2020,5,23,Sat,18,23,33,37,45,156,1,4,1,baseline.csv,20260425_204331
20200524-01,2020-05-24,2020,5,24,Sun,12,14,19,23,43,111,2,3,1,baseline.csv,20260425_204331
20200524-02,2020-05-24,2020,5,24,Sun,1,13,25,30,33,102,1,4,1,baseline.csv,20260425_204331
20200525-01,2020-05-25,2020,5,25,Mon,2,3,16,23,32,76,3,2,2,baseline.csv,20260425_204331
20200525-02,2020-05-25,2020,5,25,Mon,3,4,7,32,42,88,3,2,2,baseline.csv,20260425_204331
20200526-01,2020-05-26,2020,5,26,Tue,5,12,24,44,45,130,3,2,2,baseline.csv,20260425_204331
20200526-02,2020-05-26,2020,5,26,Tue,6,11,17,24,30,88,3,2,1,baseline.csv,20260425_204331
20200527-01,2020-05-27,2020,5,27,Wed,23,26,41,44,45,179,2,3,2,baseline.csv,20260425_204331
20200527-02,2020-05-27,2020,5,27,Wed,7,10,13,15,40,85,2,3,1,baseline.csv,20260425_204331
20200528-01,2020-05-28,2020,5,28,Thu,3,9,17,26,33,88,1,4,1,baseline.csv,20260425_204331
20200528-02,2020-05-28,2020,5,28,Thu,2,9,16,37,43,107,2,3,1,baseline.csv,20260425_204331
20200529-01,2020-05-29,2020,5,29,Fri,2,8,9,26,37,82,3,2,2,baseline.csv,20260425_204331
20200529-02,2020-05-29,2020,5,29,Fri,3,11,16,20,42,92,3,2,1,baseline.csv,20260425_204331
20200530-01,2020-05-30,2020,5,30,Sat,12,14,16,19,39,100,3,2,1,baseline.csv,20260425_204331
20200530-02,2020-05-30,2020,5,30,Sat,1,5,14,43,44,107,2,3,2,baseline.csv,20260425_204331
20200531-01,2020-05-31,2020,5,31,Sun,7,13,31,38,39,128,1,4,2,baseline.csv,20260425_204331
20200531-02,2020-05-31,2020,5,31,Sun,27,36,40,41,44,188,3,2,2,baseline.csv,20260425_204331
20200601-01,2020-06-01,2020,6,1,Mon,1,4,27,33,40,105,2,3,1,baseline.csv,20260425_204331
20200601-02,2020-06-01,2020,6,1,Mon,4,6,8,15,23,56,3,2,1,baseline.csv,20260425_204331
20200602-01,2020-06-02,2020,6,2,Tue,2,16,27,38,43,126,3,2,1,baseline.csv,20260425_204331
20200602-02,2020-06-02,2020,6,2,Tue,8,22,31,33,37,131,2,3,1,baseline.csv,20260425_204331
20200603-01,2020-06-03,2020,6,3,Wed,6,17,19,33,36,111,2,3,1,baseline.csv,20260425_204331
20200603-02,2020-06-03,2020,6,3,Wed,7,25,26,35,45,138,1,4,2,baseline.csv,20260425_204331
20200604-01,2020-06-04,2020,6,4,Thu,6,16,23,29,44,118,3,2,1,baseline.csv,20260425_204331
20200604-02,2020-06-04,2020,6,4,Thu,13,15,24,28,39,119,2,3,1,baseline.csv,20260425_204331
20200605-01,2020-06-05,2020,6,5,Fri,9,17,22,23,27,98,1,4,2,baseline.csv,20260425_204331
20200605-02,2020-06-05,2020,6,5,Fri,19,25,29,31,33,137,0,5,1,baseline.csv,20260425_204331
20200606-01,2020-06-06,2020,6,6,Sat,18,23,24,33,38,136,3,2,2,baseline.csv,20260425_204331
20200606-02,2020-06-06,2020,6,6,Sat,4,12,30,33,44,123,4,1,1,baseline.csv,20260425_204331
20200607-01,2020-06-07,2020,6,7,Sun,7,9,10,15,38,79,2,3,2,baseline.csv,20260425_204331
20200607-02,2020-06-07,2020,6,7,Sun,10,21,23,26,37,117,2,3,1,baseline.csv,20260425_204331
20200608-01,2020-06-08,2020,6,8,Mon,9,22,34,35,36,136,3,2,3,baseline.csv,20260425_204331
20200608-02,2020-06-08,2020,6,8,Mon,6,7,28,33,39,113,2,3,2,baseline.csv,20260425_204331
20200609-01,2020-06-09,2020,6,9,Tue,4,5,12,17,18,56,3,2,2,baseline.csv,20260425_204331
20200609-02,2020-06-09,2020,6,9,Tue,5,7,10,28,39,89,2,3,1,baseline.csv,20260425_204331
20200610-01,2020-06-10,2020,6,10,Wed,25,26,29,35,42,157,2,3,2,baseline.csv,20260425_204331
20200610-02,2020-06-10,2020,6,10,Wed,8,30,33,41,45,157,2,3,1,baseline.csv,20260425_204331
20200611-01,2020-06-11,2020,6,11,Thu,26,27,31,36,37,157,2,3,2,baseline.csv,20260425_204331
20200611-02,2020-06-11,2020,6,11,Thu,11,16,22,37,39,125,2,3,1,baseline.csv,20260425_204331
20200612-01,2020-06-12,2020,6,12,Fri,3,10,26,27,28,94,3,2,3,baseline.csv,20260425_204331
20200612-02,2020-06-12,2020,6,12,Fri,4,5,7,11,37,64,1,4,2,baseline.csv,20260425_204331
20200613-01,2020-06-13,2020,6,13,Sat,13,27,33,35,36,144,1,4,2,baseline.csv,20260425_204331
20200613-02,2020-06-13,2020,6,13,Sat,8,19,20,22,37,106,3,2,2,baseline.csv,20260425_204331
20200614-01,2020-06-14,2020,6,14,Sun,12,13,20,25,26,96,3,2,2,baseline.csv,20260425_204331
20200614-02,2020-06-14,2020,6,14,Sun,4,6,12,31,44,97,4,1,1,baseline.csv,20260425_204331
20200615-01,2020-06-15,2020,6,15,Mon,2,15,31,36,38,122,3,2,1,baseline.csv,20260425_204331
20200615-02,2020-06-15,2020,6,15,Mon,3,6,8,26,32,75,4,1,1,baseline.csv,20260425_204331
20200616-01,2020-06-16,2020,6,16,Tue,14,31,32,33,41,151,2,3,3,baseline.csv,20260425_204331
20200616-02,2020-06-16,2020,6,16,Tue,16,18,28,29,40,131,4,1,2,baseline.csv,20260425_204331
20200617-01,2020-06-17,2020,6,17,Wed,1,10,22,24,27,84,3,2,1,baseline.csv,20260425_204331
20200617-02,2020-06-17,2020,6,17,Wed,16,20,25,39,41,141,2,3,1,baseline.csv,20260425_204331
20200618-01,2020-06-18,2020,6,18,Thu,2,3,33,34,39,111,2,3,2,baseline.csv,20260425_204331
20200618-02,2020-06-18,2020,6,18,Thu,6,11,13,14,36,80,3,2,2,baseline.csv,20260425_204331
20200619-01,2020-06-19,2020,6,19,Fri,1,22,28,40,41,132,3,2,2,baseline.csv,20260425_204331
20200619-02,2020-06-19,2020,6,19,Fri,5,15,16,32,33,101,2,3,2,baseline.csv,20260425_204331
20200620-01,2020-06-20,2020,6,20,Sat,12,19,33,36,45,145,2,3,1,baseline.csv,20260425_204331
20200620-02,2020-06-20,2020,6,20,Sat,14,23,32,34,45,148,3,2,1,baseline.csv,20260425_204331
20200621-01,2020-06-21,2020,6,21,Sun,3,5,25,32,40,105,2,3,1,baseline.csv,20260425_204331
20200621-02,2020-06-21,2020,6,21,Sun,4,17,37,43,45,146,1,4,1,baseline.csv,20260425_204331
20200622-01,2020-06-22,2020,6,22,Mon,3,19,27,37,40,126,1,4,1,baseline.csv,20260425_204331
20200622-02,2020-06-22,2020,6,22,Mon,3,7,23,33,44,110,1,4,1,baseline.csv,20260425_204331
20200623-01,2020-06-23,2020,6,23,Tue,5,11,22,38,43,119,2,3,1,baseline.csv,20260425_204331
20200623-02,2020-06-23,2020,6,23,Tue,5,15,26,27,36,109,2,3,2,baseline.csv,20260425_204331
20200624-01,2020-06-24,2020,6,24,Wed,1,15,24,34,45,119,2,3,1,baseline.csv,20260425_204331
20200624-02,2020-06-24,2020,6,24,Wed,6,12,15,36,38,107,4,1,1,baseline.csv,20260425_204331
20200625-01,2020-06-25,2020,6,25,Thu,1,4,5,9,30,49,2,3,2,baseline.csv,20260425_204331
20200625-02,2020-06-25,2020,6,25,Thu,7,15,21,24,36,103,2,3,1,baseline.csv,20260425_204331
20200626-01,2020-06-26,2020,6,26,Fri,3,9,13,18,43,86,1,4,1,baseline.csv,20260425_204331
20200626-02,2020-06-26,2020,6,26,Fri,7,15,16,22,31,91,2,3,2,baseline.csv,20260425_204331
20200627-01,2020-06-27,2020,6,27,Sat,6,7,8,38,39,98,3,2,3,baseline.csv,20260425_204331
20200627-02,2020-06-27,2020,6,27,Sat,10,12,23,25,37,107,2,3,1,baseline.csv,20260425_204331
20200628-01,2020-06-28,2020,6,28,Sun,2,5,6,11,21,45,2,3,2,baseline.csv,20260425_204331
20200628-02,2020-06-28,2020,6,28,Sun,2,6,17,19,43,87,2,3,1,baseline.csv,20260425_204331
20200629-01,2020-06-29,2020,6,29,Mon,4,9,11,31,45,100,1,4,1,baseline.csv,20260425_204331
20200629-02,2020-06-29,2020,6,29,Mon,2,27,28,34,36,127,4,1,2,baseline.csv,20260425_204331
20200630-01,2020-06-30,2020,6,30,Tue,8,16,20,23,34,101,4,1,1,baseline.csv,20260425_204331
20200630-02,2020-06-30,2020,6,30,Tue,2,3,8,14,43,70,3,2,2,baseline.csv,20260425_204331
20200701-01,2020-07-01,2020,7,1,Wed,1,4,7,8,45,65,2,3,2,baseline.csv,20260425_204331
20200701-02,2020-07-01,2020,7,1,Wed,6,17,31,36,43,133,2,3,1,baseline.csv,20260425_204331
20200702-01,2020-07-02,2020,7,2,Thu,12,18,19,23,31,103,2,3,2,baseline.csv,20260425_204331
20200702-02,2020-07-02,2020,7,2,Thu,13,22,23,24,32,114,3,2,3,baseline.csv,20260425_204331
20200703-01,2020-07-03,2020,7,3,Fri,10,12,20,25,29,96,3,2,1,baseline.csv,20260425_204331
20200703-02,2020-07-03,2020,7,3,Fri,6,9,18,31,42,106,3,2,1,baseline.csv,20260425_204331
20200704-01,2020-07-04,2020,7,4,Sat,2,3,24,35,41,105,2,3,2,baseline.csv,20260425_204331
20200704-02,2020-07-04,2020,7,4,Sat,8,11,13,31,34,97,2,3,1,baseline.csv,20260425_204331
20200705-01,2020-07-05,2020,7,5,Sun,1,15,34,38,40,128,3,2,1,baseline.csv,20260425_204331
20200705-02,2020-07-05,2020,7,5,Sun,4,17,24,37,43,125,2,3,1,baseline.csv,20260425_204331
20200706-01,2020-07-06,2020,7,6,Mon,11,13,22,37,40,123,2,3,1,baseline.csv,20260425_204331
20200706-02,2020-07-06,2020,7,6,Mon,11,14,25,27,33,110,1,4,1,baseline.csv,20260425_204331
20200707-01,2020-07-07,2020,7,7,Tue,17,27,28,33,38,143,2,3,2,baseline.csv,20260425_204331
20200707-02,2020-07-07,2020,7,7,Tue,3,6,30,34,40,113,4,1,1,baseline.csv,20260425_204331
20200708-01,2020-07-08,2020,7,8,Wed,4,5,10,20,31,70,3,2,2,baseline.csv,20260425_204331
20200708-02,2020-07-08,2020,7,8,Wed,14,19,23,41,45,142,1,4,1,baseline.csv,20260425_204331
20200709-01,2020-07-09,2020,7,9,Thu,11,14,19,22,36,102,3,2,1,baseline.csv,20260425_204331
20200709-02,2020-07-09,2020,7,9,Thu,2,15,20,30,40,107,4,1,1,baseline.csv,20260425_204331
20200710-01,2020-07-10,2020,7,10,Fri,5,11,27,35,43,121,0,5,1,baseline.csv,20260425_204331
20200710-02,2020-07-10,2020,7,10,Fri,8,12,17,26,31,94,3,2,1,baseline.csv,20260425_204331
20200711-01,2020-07-11,2020,7,11,Sat,2,6,12,30,33,83,4,1,1,baseline.csv,20260425_204331
20200711-02,2020-07-11,2020,7,11,Sat,5,13,14,21,37,90,1,4,2,baseline.csv,20260425_204331
20200712-01,2020-07-12,2020,7,12,Sun,5,8,28,37,42,120,3,2,1,baseline.csv,20260425_204331
20200712-02,2020-07-12,2020,7,12,Sun,17,29,30,31,45,152,1,4,3,baseline.csv,20260425_204331
20200713-01,2020-07-13,2020,7,13,Mon,1,4,12,16,27,60,3,2,1,baseline.csv,20260425_204331
20200713-02,2020-07-13,2020,7,13,Mon,3,7,10,36,37,93,2,3,2,baseline.csv,20260425_204331
20200714-01,2020-07-14,2020,7,14,Tue,9,16,25,29,30,109,2,3,2,baseline.csv,20260425_204331
20200714-02,2020-07-14,2020,7,14,Tue,6,7,25,33,41,112,1,4,2,baseline.csv,20260425_204331
20200715-01,2020-07-15,2020,7,15,Wed,8,11,18,23,30,90,3,2,1,baseline.csv,20260425_204331
20200715-02,2020-07-15,2020,7,15,Wed,1,12,32,36,40,121,4,1,1,baseline.csv,20260425_204331
20200716-01,2020-07-16,2020,7,16,Thu,10,13,15,22,29,89,2,3,1,baseline.csv,20260425_204331
20200716-02,2020-07-16,2020,7,16,Thu,4,17,31,42,43,137,2,3,2,baseline.csv,20260425_204331
20200717-01,2020-07-17,2020,7,17,Fri,15,26,34,39,40,154,3,2,2,baseline.csv,20260425_204331
20200717-02,2020-07-17,2020,7,17,Fri,4,12,25,29,31,101,2,3,1,baseline.csv,20260425_204331
20200718-01,2020-07-18,2020,7,18,Sat,5,12,21,37,43,118,1,4,1,baseline.csv,20260425_204331
20200718-02,2020-07-18,2020,7,18,Sat,8,11,26,27,43,115,2,3,2,baseline.csv,20260425_204331
20200719-01,2020-07-19,2020,7,19,Sun,26,32,40,43,44,185,4,1,2,baseline.csv,20260425_204331
20200719-02,2020-07-19,2020,7,19,Sun,16,19,29,30,43,137,2,3,2,baseline.csv,20260425_204331
20200720-01,2020-07-20,2020,7,20,Mon,17,18,29,44,45,153,2,3,2,baseline.csv,20260425_204331
20200720-02,2020-07-20,2020,7,20,Mon,18,21,31,37,45,152,1,4,1,baseline.csv,20260425_204331
20200721-01,2020-07-21,2020,7,21,Tue,6,10,18,42,43,119,4,1,2,baseline.csv,20260425_204331
20200721-02,2020-07-21,2020,7,21,Tue,6,10,24,34,35,109,4,1,2,baseline.csv,20260425_204331
20200722-01,2020-07-22,2020,7,22,Wed,2,3,12,24,26,67,4,1,2,baseline.csv,20260425_204331
20200722-02,2020-07-22,2020,7,22,Wed,5,26,32,42,44,149,4,1,1,baseline.csv,20260425_204331
20200723-01,2020-07-23,2020,7,23,Thu,1,12,15,31,42,101,2,3,1,baseline.csv,20260425_204331
20200723-02,2020-07-23,2020,7,23,Thu,8,10,28,30,40,116,5,0,1,baseline.csv,20260425_204331
20200724-01,2020-07-24,2020,7,24,Fri,30,37,39,41,45,192,1,4,1,baseline.csv,20260425_204331
20200724-02,2020-07-24,2020,7,24,Fri,9,10,17,25,44,105,2,3,2,baseline.csv,20260425_204331
20200725-01,2020-07-25,2020,7,25,Sat,6,8,17,28,38,97,4,1,1,baseline.csv,20260425_204331
20200725-02,2020-07-25,2020,7,25,Sat,4,10,26,37,40,117,4,1,1,baseline.csv,20260425_204331
20200726-01,2020-07-26,2020,7,26,Sun,7,8,30,34,41,120,3,2,2,baseline.csv,20260425_204331
20200726-02,2020-07-26,2020,7,26,Sun,10,16,21,29,34,110,3,2,1,baseline.csv,20260425_204331
20200727-01,2020-07-27,2020,7,27,Mon,6,7,19,42,43,117,2,3,2,baseline.csv,20260425_204331
20200727-02,2020-07-27,2020,7,27,Mon,10,11,16,24,30,91,4,1,2,baseline.csv,20260425_204331
20200728-01,2020-07-28,2020,7,28,Tue,16,18,25,37,42,138,3,2,1,baseline.csv,20260425_204331
20200728-02,2020-07-28,2020,7,28,Tue,3,10,14,21,22,70,3,2,2,baseline.csv,20260425_204331
20200729-01,2020-07-29,2020,7,29,Wed,2,10,22,40,43,117,4,1,1,baseline.csv,20260425_204331
20200729-02,2020-07-29,2020,7,29,Wed,15,18,31,34,35,133,2,3,2,baseline.csv,20260425_204331
20200730-01,2020-07-30,2020,7,30,Thu,3,8,17,20,32,80,3,2,1,baseline.csv,20260425_204331
20200730-02,2020-07-30,2020,7,30,Thu,6,15,25,28,42,116,3,2,1,baseline.csv,20260425_204331
20200731-01,2020-07-31,2020,7,31,Fri,1,6,25,36,40,108,3,2,1,baseline.csv,20260425_204331
20200731-02,2020-07-31,2020,7,31,Fri,8,18,24,43,45,138,3,2,1,baseline.csv,20260425_204331
20200801-01,2020-08-01,2020,8,1,Sat,3,10,12,26,43,94,3,2,1,baseline.csv,20260425_204331
20200801-02,2020-08-01,2020,8,1,Sat,13,22,32,40,42,149,4,1,1,baseline.csv,20260425_204331
20200802-01,2020-08-02,2020,8,2,Sun,4,15,28,37,42,126,3,2,1,baseline.csv,20260425_204331
20200802-02,2020-08-02,2020,8,2,Sun,9,14,23,29,32,107,2,3,1,baseline.csv,20260425_204331
20200803-01,2020-08-03,2020,8,3,Mon,3,12,22,25,42,104,3,2,1,baseline.csv,20260425_204331
20200803-02,2020-08-03,2020,8,3,Mon,10,13,30,36,40,129,4,1,1,baseline.csv,20260425_204331
20200804-01,2020-08-04,2020,8,4,Tue,5,12,14,31,34,96,3,2,1,baseline.csv,20260425_204331
20200804-02,2020-08-04,2020,8,4,Tue,12,14,27,31,36,120,3,2,1,baseline.csv,20260425_204331
20200805-01,2020-08-05,2020,8,5,Wed,6,11,13,28,44,102,3,2,1,baseline.csv,20260425_204331
20200805-02,2020-08-05,2020,8,5,Wed,11,30,34,37,45,157,2,3,1,baseline.csv,20260425_204331
20200806-01,2020-08-06,2020,8,6,Thu,9,19,24,28,34,114,3,2,1,baseline.csv,20260425_204331
20200806-02,2020-08-06,2020,8,6,Thu,4,12,21,32,44,113,4,1,1,baseline.csv,20260425_204331
20200807-01,2020-08-07,2020,8,7,Fri,2,5,9,13,34,63,2,3,1,baseline.csv,20260425_204331
20200807-02,2020-08-07,2020,8,7,Fri,6,7,14,24,34,85,4,1,2,baseline.csv,20260425_204331
20200808-01,2020-08-08,2020,8,8,Sat,6,12,17,37,39,111,2,3,1,baseline.csv,20260425_204331
20200808-02,2020-08-08,2020,8,8,Sat,5,14,26,37,40,122,3,2,1,baseline.csv,20260425_204331
20200809-01,2020-08-09,2020,8,9,Sun,5,19,29,41,45,139,0,5,1,baseline.csv,20260425_204331
20200809-02,2020-08-09,2020,8,9,Sun,2,20,24,38,42,126,5,0,1,baseline.csv,20260425_204331
20200810-01,2020-08-10,2020,8,10,Mon,1,5,8,17,39,70,1,4,1,baseline.csv,20260425_204331
20200810-02,2020-08-10,2020,8,10,Mon,5,9,10,11,24,59,2,3,3,baseline.csv,20260425_204331
20200811-01,2020-08-11,2020,8,11,Tue,7,18,31,34,42,132,3,2,1,baseline.csv,20260425_204331
20200811-02,2020-08-11,2020,8,11,Tue,2,7,31,32,39,111,2,3,2,baseline.csv,20260425_204331
20200812-01,2020-08-12,2020,8,12,Wed,15,19,26,31,41,132,1,4,1,baseline.csv,20260425_204331
20200812-02,2020-08-12,2020,8,12,Wed,14,22,30,31,40,137,4,1,2,baseline.csv,20260425_204331
20200813-01,2020-08-13,2020,8,13,Thu,10,14,22,23,38,107,4,1,2,baseline.csv,20260425_204331
20200813-02,2020-08-13,2020,8,13,Thu,8,14,18,26,33,99,4,1,1,baseline.csv,20260425_204331
20200814-01,2020-08-14,2020,8,14,Fri,2,3,6,12,42,65,4,1,2,baseline.csv,20260425_204331
20200814-02,2020-08-14,2020,8,14,Fri,1,13,16,18,43,91,2,3,1,baseline.csv,20260425_204331
20200815-01,2020-08-15,2020,8,15,Sat,2,3,9,22,39,75,2,3,2,baseline.csv,20260425_204331
20200815-02,2020-08-15,2020,8,15,Sat,22,26,35,39,40,162,3,2,2,baseline.csv,20260425_204331
20200816-01,2020-08-16,2020,8,16,Sun,3,9,16,23,42,93,2,3,1,baseline.csv,20260425_204331
20200816-02,2020-08-16,2020,8,16,Sun,11,19,22,23,24,99,2,3,3,baseline.csv,20260425_204331
20200817-01,2020-08-17,2020,8,17,Mon,13,26,33,35,45,152,1,4,1,baseline.csv,20260425_204331
20200817-02,2020-08-17,2020,8,17,Mon,23,24,29,31,32,139,2,3,2,baseline.csv,20260425_204331
20200818-01,2020-08-18,2020,8,18,Tue,3,26,27,37,42,135,2,3,2,baseline.csv,20260425_204331
20200818-02,2020-08-18,2020,8,18,Tue,9,19,20,23,39,110,1,4,2,baseline.csv,20260425_204331
20200819-01,2020-08-19,2020,8,19,Wed,1,4,12,17,33,67,2,3,1,baseline.csv,20260425_204331
20200819-02,2020-08-19,2020,8,19,Wed,1,5,16,26,36,84,3,2,1,baseline.csv,20260425_204331
20200820-01,2020-08-20,2020,8,20,Thu,7,11,36,39,40,133,2,3,2,baseline.csv,20260425_204331
20200820-02,2020-08-20,2020,8,20,Thu,8,13,22,28,30,101,4,1,1,baseline.csv,20260425_204331
20200821-01,2020-08-21,2020,8,21,Fri,9,25,31,35,40,140,1,4,1,baseline.csv,20260425_204331
20200821-02,2020-08-21,2020,8,21,Fri,5,11,22,35,36,109,2,3,2,baseline.csv,20260425_204331
20200822-01,2020-08-22,2020,8,22,Sat,9,14,18,25,26,92,3,2,2,baseline.csv,20260425_204331
20200822-02,2020-08-22,2020,8,22,Sat,3,12,22,38,41,116,3,2,1,baseline.csv,20260425_204331
20200823-01,2020-08-23,2020,8,23,Sun,2,4,5,42,45,98,3,2,2,baseline.csv,20260425_204331
20200823-02,2020-08-23,2020,8,23,Sun,2,9,10,25,28,74,3,2,2,baseline.csv,20260425_204331
20200824-01,2020-08-24,2020,8,24,Mon,4,8,9,10,19,50,3,2,3,baseline.csv,20260425_204331
20200824-02,2020-08-24,2020,8,24,Mon,5,7,15,18,44,89,2,3,1,baseline.csv,20260425_204331
20200825-01,2020-08-25,2020,8,25,Tue,3,12,18,24,32,89,4,1,1,baseline.csv,20260425_204331
20200825-02,2020-08-25,2020,8,25,Tue,4,16,32,40,44,136,5,0,1,baseline.csv,20260425_204331
20200826-01,2020-08-26,2020,8,26,Wed,1,5,23,39,43,111,0,5,1,baseline.csv,20260425_204331
20200826-02,2020-08-26,2020,8,26,Wed,21,22,30,33,36,142,3,2,2,baseline.csv,20260425_204331
20200827-01,2020-08-27,2020,8,27,Thu,9,10,12,25,30,86,3,2,2,baseline.csv,20260425_204331
20200827-02,2020-08-27,2020,8,27,Thu,8,12,14,25,35,94,3,2,1,baseline.csv,20260425_204331
20200828-01,2020-08-28,2020,8,28,Fri,12,15,16,27,39,109,2,3,2,baseline.csv,20260425_204331
20200828-02,2020-08-28,2020,8,28,Fri,2,10,16,34,38,100,5,0,1,baseline.csv,20260425_204331
20200829-01,2020-08-29,2020,8,29,Sat,2,9,14,21,26,72,3,2,1,baseline.csv,20260425_204331
20200829-02,2020-08-29,2020,8,29,Sat,6,11,17,25,39,98,1,4,1,baseline.csv,20260425_204331
20200830-01,2020-08-30,2020,8,30,Sun,2,5,20,41,42,110,3,2,2,baseline.csv,20260425_204331
20200830-02,2020-08-30,2020,8,30,Sun,2,5,22,38,40,107,4,1,1,baseline.csv,20260425_204331
20200831-01,2020-08-31,2020,8,31,Mon,4,19,25,29,43,120,1,4,1,baseline.csv,20260425_204331
20200831-02,2020-08-31,2020,8,31,Mon,20,27,39,40,45,171,2,3,2,baseline.csv,20260425_204331
20200901-01,2020-09-01,2020,9,1,Tue,15,29,30,33,34,141,2,3,2,baseline.csv,20260425_204331
20200901-02,2020-09-01,2020,9,1,Tue,14,19,28,32,37,130,3,2,1,baseline.csv,20260425_204331
20200902-01,2020-09-02,2020,9,2,Wed,1,12,14,18,30,75,4,1,1,baseline.csv,20260425_204331
20200902-02,2020-09-02,2020,9,2,Wed,3,16,28,32,42,121,4,1,1,baseline.csv,20260425_204331
20200903-01,2020-09-03,2020,9,3,Thu,2,13,29,32,33,109,2,3,2,baseline.csv,20260425_204331
20200903-02,2020-09-03,2020,9,3,Thu,8,11,15,32,44,110,3,2,1,baseline.csv,20260425_204331
20200904-01,2020-09-04,2020,9,4,Fri,7,18,23,27,30,105,2,3,1,baseline.csv,20260425_204331
20200904-02,2020-09-04,2020,9,4,Fri,5,18,22,32,38,115,4,1,1,baseline.csv,20260425_204331
20200905-01,2020-09-05,2020,9,5,Sat,4,18,25,26,36,109,4,1,2,baseline.csv,20260425_204331
20200905-02,2020-09-05,2020,9,5,Sat,11,20,31,32,40,134,3,2,2,baseline.csv,20260425_204331
20200906-01,2020-09-06,2020,9,6,Sun,17,37,38,39,44,175,2,3,3,baseline.csv,20260425_204331
20200906-02,2020-09-06,2020,9,6,Sun,1,9,10,25,43,88,1,4,2,baseline.csv,20260425_204331
20200907-01,2020-09-07,2020,9,7,Mon,4,28,34,38,39,143,4,1,2,baseline.csv,20260425_204331
20200907-02,2020-09-07,2020,9,7,Mon,6,17,28,32,35,118,3,2,1,baseline.csv,20260425_204331
20200908-01,2020-09-08,2020,9,8,Tue,7,26,37,41,44,155,2,3,1,baseline.csv,20260425_204331
20200908-02,2020-09-08,2020,9,8,Tue,3,5,10,16,23,57,2,3,1,baseline.csv,20260425_204331
20200909-01,2020-09-09,2020,9,9,Wed,5,15,34,43,44,141,2,3,2,baseline.csv,20260425_204331
20200909-02,2020-09-09,2020,9,9,Wed,7,22,29,35,42,135,2,3,1,baseline.csv,20260425_204331
20200910-01,2020-09-10,2020,9,10,Thu,5,7,19,29,44,104,1,4,1,baseline.csv,20260425_204331
20200910-02,2020-09-10,2020,9,10,Thu,9,29,30,38,45,151,2,3,2,baseline.csv,20260425_204331
20200911-01,2020-09-11,2020,9,11,Fri,4,5,15,31,37,92,1,4,2,baseline.csv,20260425_204331
20200911-02,2020-09-11,2020,9,11,Fri,4,6,10,14,43,77,4,1,1,baseline.csv,20260425_204331
20200912-01,2020-09-12,2020,9,12,Sat,3,15,40,42,43,143,2,3,2,baseline.csv,20260425_204331
20200912-02,2020-09-12,2020,9,12,Sat,5,13,19,29,42,108,1,4,1,baseline.csv,20260425_204331
20200913-01,2020-09-13,2020,9,13,Sun,6,8,20,23,40,97,4,1,1,baseline.csv,20260425_204331
20200913-02,2020-09-13,2020,9,13,Sun,7,24,29,36,39,135,2,3,1,baseline.csv,20260425_204331
20200914-01,2020-09-14,2020,9,14,Mon,10,15,17,25,32,99,2,3,1,baseline.csv,20260425_204331
20200914-02,2020-09-14,2020,9,14,Mon,1,10,13,21,44,89,2,3,1,baseline.csv,20260425_204331
20200915-01,2020-09-15,2020,9,15,Tue,10,14,17,38,44,123,4,1,1,baseline.csv,20260425_204331
20200915-02,2020-09-15,2020,9,15,Tue,4,16,24,26,30,100,5,0,1,baseline.csv,20260425_204331
20200916-01,2020-09-16,2020,9,16,Wed,8,20,24,34,43,129,4,1,1,baseline.csv,20260425_204331
20200916-02,2020-09-16,2020,9,16,Wed,1,9,22,25,45,102,1,4,1,baseline.csv,20260425_204331
20200917-01,2020-09-17,2020,9,17,Thu,1,10,17,18,42,88,3,2,2,baseline.csv,20260425_204331
20200917-02,2020-09-17,2020,9,17,Thu,8,16,17,23,36,100,3,2,2,baseline.csv,20260425_204331
20200918-01,2020-09-18,2020,9,18,Fri,11,17,35,37,41,141,0,5,1,baseline.csv,20260425_204331
20200918-02,2020-09-18,2020,9,18,Fri,2,22,26,27,31,108,3,2,2,baseline.csv,20260425_204331
20200919-01,2020-09-19,2020,9,19,Sat,1,19,30,37,39,126,1,4,1,baseline.csv,20260425_204331
20200919-02,2020-09-19,2020,9,19,Sat,7,33,37,39,43,159,0,5,1,baseline.csv,20260425_204331
20200920-01,2020-09-20,2020,9,20,Sun,6,10,14,18,32,80,5,0,1,baseline.csv,20260425_204331
20200920-02,2020-09-20,2020,9,20,Sun,12,14,18,19,20,83,4,1,3,baseline.csv,20260425_204331
20200921-01,2020-09-21,2020,9,21,Mon,9,20,29,39,44,141,2,3,1,baseline.csv,20260425_204331
20200921-02,2020-09-21,2020,9,21,Mon,2,6,24,29,34,95,4,1,1,baseline.csv,20260425_204331
20200922-01,2020-09-22,2020,9,22,Tue,25,28,30,40,43,166,3,2,1,baseline.csv,20260425_204331
20200922-02,2020-09-22,2020,9,22,Tue,3,9,13,19,42,86,1,4,1,baseline.csv,20260425_204331
20200923-01,2020-09-23,2020,9,23,Wed,22,33,37,42,44,178,3,2,1,baseline.csv,20260425_204331
20200923-02,2020-09-23,2020,9,23,Wed,1,5,28,38,41,113,2,3,1,baseline.csv,20260425_204331
20200924-01,2020-09-24,2020,9,24,Thu,10,17,25,30,37,119,2,3,1,baseline.csv,20260425_204331
20200924-02,2020-09-24,2020,9,24,Thu,11,13,14,36,44,118,3,2,2,baseline.csv,20260425_204331
20200925-01,2020-09-25,2020,9,25,Fri,9,26,35,37,39,146,1,4,1,baseline.csv,20260425_204331
20200925-02,2020-09-25,2020,9,25,Fri,9,16,22,35,45,127,2,3,1,baseline.csv,20260425_204331
20200926-01,2020-09-26,2020,9,26,Sat,3,10,11,13,29,66,1,4,2,baseline.csv,20260425_204331
20200926-02,2020-09-26,2020,9,26,Sat,9,13,24,40,45,131,2,3,1,baseline.csv,20260425_204331
20200927-01,2020-09-27,2020,9,27,Sun,3,36,40,42,43,164,3,2,2,baseline.csv,20260425_204331
20200927-02,2020-09-27,2020,9,27,Sun,2,7,14,26,33,82,3,2,1,baseline.csv,20260425_204331
20200928-01,2020-09-28,2020,9,28,Mon,1,7,34,42,44,128,3,2,1,baseline.csv,20260425_204331
20200928-02,2020-09-28,2020,9,28,Mon,3,4,13,17,31,68,1,4,2,baseline.csv,20260425_204331
20200929-01,2020-09-29,2020,9,29,Tue,3,13,19,28,30,93,2,3,1,baseline.csv,20260425_204331
20200929-02,2020-09-29,2020,9,29,Tue,7,19,32,42,44,144,3,2,1,baseline.csv,20260425_204331
20200930-01,2020-09-30,2020,9,30,Wed,1,5,9,24,32,71,2,3,1,baseline.csv,20260425_204331
20200930-02,2020-09-30,2020,9,30,Wed,16,21,25,30,39,131,2,3,1,baseline.csv,20260425_204331
20201001-01,2020-10-01,2020,10,1,Thu,3,16,19,22,24,84,3,2,1,baseline.csv,20260425_204331
20201001-02,2020-10-01,2020,10,1,Thu,8,21,28,34,40,131,4,1,1,baseline.csv,20260425_204331
20201002-01,2020-10-02,2020,10,2,Fri,13,29,39,41,44,166,1,4,1,baseline.csv,20260425_204331
20201002-02,2020-10-02,2020,10,2,Fri,2,26,31,41,43,143,2,3,1,baseline.csv,20260425_204331
20201003-01,2020-10-03,2020,10,3,Sat,7,11,13,27,42,100,1,4,1,baseline.csv,20260425_204331
20201003-02,2020-10-03,2020,10,3,Sat,10,18,33,34,36,131,4,1,2,baseline.csv,20260425_204331
20201004-01,2020-10-04,2020,10,4,Sun,2,13,21,24,39,99,2,3,1,baseline.csv,20260425_204331
20201004-02,2020-10-04,2020,10,4,Sun,9,20,23,26,31,109,2,3,1,baseline.csv,20260425_204331
20201005-01,2020-10-05,2020,10,5,Mon,3,7,17,18,28,73,2,3,2,baseline.csv,20260425_204331
20201005-02,2020-10-05,2020,10,5,Mon,3,13,18,37,45,116,1,4,1,baseline.csv,20260425_204331
20201006-01,2020-10-06,2020,10,6,Tue,4,11,19,33,40,107,2,3,1,baseline.csv,20260425_204331
20201006-02,2020-10-06,2020,10,6,Tue,9,11,12,15,29,76,1,4,2,baseline.csv,20260425_204331
20201007-01,2020-10-07,2020,10,7,Wed,2,3,4,16,17,42,3,2,3,baseline.csv,20260425_204331
20201007-02,2020-10-07,2020,10,7,Wed,1,12,15,34,40,102,3,2,1,baseline.csv,20260425_204331
20201008-01,2020-10-08,2020,10,8,Thu,4,7,20,22,27,80,3,2,1,baseline.csv,20260425_204331
20201008-02,2020-10-08,2020,10,8,Thu,7,9,14,32,38,100,3,2,1,baseline.csv,20260425_204331
20201009-01,2020-10-09,2020,10,9,Fri,15,16,34,35,38,138,3,2,2,baseline.csv,20260425_204331
20201009-02,2020-10-09,2020,10,9,Fri,22,29,33,35,37,156,1,4,1,baseline.csv,20260425_204331
20201010-01,2020-10-10,2020,10,10,Sat,10,27,32,34,36,139,4,1,1,baseline.csv,20260425_204331
20201010-02,2020-10-10,2020,10,10,Sat,13,24,30,37,42,146,3,2,1,baseline.csv,20260425_204331
20201011-01,2020-10-11,2020,10,11,Sun,7,14,19,32,39,111,2,3,1,baseline.csv,20260425_204331
20201011-02,2020-10-11,2020,10,11,Sun,15,16,22,24,37,114,3,2,2,baseline.csv,20260425_204331
20201012-01,2020-10-12,2020,10,12,Mon,15,28,35,39,42,159,2,3,1,baseline.csv,20260425_204331
20201012-02,2020-10-12,2020,10,12,Mon,11,13,16,20,38,98,3,2,1,baseline.csv,20260425_204331
20201013-01,2020-10-13,2020,10,13,Tue,9,22,31,41,43,146,1,4,1,baseline.csv,20260425_204331
20201013-02,2020-10-13,2020,10,13,Tue,5,8,29,35,44,121,2,3,1,baseline.csv,20260425_204331
20201014-01,2020-10-14,2020,10,14,Wed,6,31,38,43,44,162,3,2,2,baseline.csv,20260425_204331
20201014-02,2020-10-14,2020,10,14,Wed,23,26,27,39,40,155,2,3,2,baseline.csv,20260425_204331
20201015-01,2020-10-15,2020,10,15,Thu,9,24,29,40,45,147,2,3,1,baseline.csv,20260425_204331
20201015-02,2020-10-15,2020,10,15,Thu,3,11,15,16,28,73,2,3,2,baseline.csv,20260425_204331
20201016-01,2020-10-16,2020,10,16,Fri,11,23,24,42,44,144,3,2,2,baseline.csv,20260425_204331
20201016-02,2020-10-16,2020,10,16,Fri,5,18,22,36,39,120,3,2,1,baseline.csv,20260425_204331
20201017-01,2020-10-17,2020,10,17,Sat,7,10,18,25,27,87,2,3,1,baseline.csv,20260425_204331
20201017-02,2020-10-17,2020,10,17,Sat,1,21,23,26,43,114,1,4,1,baseline.csv,20260425_204331
20201018-01,2020-10-18,2020,10,18,Sun,3,4,6,31,40,84,3,2,2,baseline.csv,20260425_204331
20201018-02,2020-10-18,2020,10,18,Sun,7,12,16,23,34,92,3,2,1,baseline.csv,20260425_204331
20201019-01,2020-10-19,2020,10,19,Mon,3,5,13,16,19,56,1,4,1,baseline.csv,20260425_204331
20201019-02,2020-10-19,2020,10,19,Mon,5,22,26,28,42,123,4,1,1,baseline.csv,20260425_204331
20201020-01,2020-10-20,2020,10,20,Tue,8,12,25,26,41,112,3,2,2,baseline.csv,20260425_204331
20201020-02,2020-10-20,2020,10,20,Tue,10,23,33,35,43,144,1,4,1,baseline.csv,20260425_204331
20201021-01,2020-10-21,2020,10,21,Wed,11,19,25,42,43,140,1,4,2,baseline.csv,20260425_204331
20201021-02,2020-10-21,2020,10,21,Wed,4,6,31,38,44,123,4,1,1,baseline.csv,20260425_204331
20201022-01,2020-10-22,2020,10,22,Thu,16,18,27,37,45,143,2,3,1,baseline.csv,20260425_204331
20201022-02,2020-10-22,2020,10,22,Thu,2,6,20,28,31,87,4,1,1,baseline.csv,20260425_204331
20201023-01,2020-10-23,2020,10,23,Fri,22,24,26,33,38,143,4,1,1,baseline.csv,20260425_204331
20201023-02,2020-10-23,2020,10,23,Fri,24,30,34,37,40,165,4,1,1,baseline.csv,20260425_204331
20201024-01,2020-10-24,2020,10,24,Sat,1,13,17,21,35,87,0,5,1,baseline.csv,20260425_204331
20201024-02,2020-10-24,2020,10,24,Sat,8,11,28,29,34,110,3,2,2,baseline.csv,20260425_204331
20201025-01,2020-10-25,2020,10,25,Sun,31,32,36,42,43,184,3,2,2,baseline.csv,20260425_204331
20201025-02,2020-10-25,2020,10,25,Sun,7,14,32,39,44,136,3,2,1,baseline.csv,20260425_204331
20201026-01,2020-10-26,2020,10,26,Mon,3,15,16,29,39,102,1,4,2,baseline.csv,20260425_204331
20201026-02,2020-10-26,2020,10,26,Mon,11,17,21,23,34,106,1,4,1,baseline.csv,20260425_204331
20201027-01,2020-10-27,2020,10,27,Tue,18,22,27,29,36,132,3,2,1,baseline.csv,20260425_204331
20201027-02,2020-10-27,2020,10,27,Tue,14,22,30,31,41,138,3,2,2,baseline.csv,20260425_204331
20201028-01,2020-10-28,2020,10,28,Wed,10,12,28,42,44,136,5,0,1,baseline.csv,20260425_204331
20201028-02,2020-10-28,2020,10,28,Wed,9,17,19,27,38,110,1,4,1,baseline.csv,20260425_204331
20201029-01,2020-10-29,2020,10,29,Thu,3,10,21,26,29,89,2,3,1,baseline.csv,20260425_204331
20201029-02,2020-10-29,2020,10,29,Thu,3,9,12,26,37,87,2,3,1,baseline.csv,20260425_204331
20201030-01,2020-10-30,2020,10,30,Fri,13,25,29,37,43,147,0,5,1,baseline.csv,20260425_204331
20201030-02,2020-10-30,2020,10,30,Fri,17,19,30,33,42,141,2,3,1,baseline.csv,20260425_204331
20201031-01,2020-10-31,2020,10,31,Sat,2,12,16,27,45,102,3,2,1,baseline.csv,20260425_204331
20201031-02,2020-10-31,2020,10,31,Sat,1,2,4,9,24,40,3,2,2,baseline.csv,20260425_204331
20201101-01,2020-11-01,2020,11,1,Sun,8,14,23,27,32,104,3,2,1,baseline.csv,20260425_204331
20201101-02,2020-11-01,2020,11,1,Sun,2,18,32,38,45,135,4,1,1,baseline.csv,20260425_204331
20201102-01,2020-11-02,2020,11,2,Mon,5,16,19,38,45,123,2,3,1,baseline.csv,20260425_204331
20201102-02,2020-11-02,2020,11,2,Mon,2,6,9,12,32,61,4,1,1,baseline.csv,20260425_204331
20201103-01,2020-11-03,2020,11,3,Tue,12,18,25,27,43,125,2,3,1,baseline.csv,20260425_204331
20201103-02,2020-11-03,2020,11,3,Tue,9,15,28,31,37,120,1,4,1,baseline.csv,20260425_204331
20201104-01,2020-11-04,2020,11,4,Wed,3,18,33,41,44,139,2,3,1,baseline.csv,20260425_204331
20201104-02,2020-11-04,2020,11,4,Wed,9,10,20,23,44,106,3,2,2,baseline.csv,20260425_204331
20201105-01,2020-11-05,2020,11,5,Thu,6,18,20,22,42,108,5,0,1,baseline.csv,20260425_204331
20201105-02,2020-11-05,2020,11,5,Thu,10,14,33,35,37,129,2,3,1,baseline.csv,20260425_204331
20201106-01,2020-11-06,2020,11,6,Fri,12,27,33,39,43,154,1,4,1,baseline.csv,20260425_204331
20201106-02,2020-11-06,2020,11,6,Fri,4,5,27,31,32,99,2,3,2,baseline.csv,20260425_204331
20201107-01,2020-11-07,2020,11,7,Sat,7,17,36,39,43,142,1,4,1,baseline.csv,20260425_204331
20201107-02,2020-11-07,2020,11,7,Sat,1,26,37,38,42,144,3,2,2,baseline.csv,20260425_204331
20201108-01,2020-11-08,2020,11,8,Sun,7,11,17,33,35,103,0,5,1,baseline.csv,20260425_204331
20201108-02,2020-11-08,2020,11,8,Sun,2,13,14,19,37,85,2,3,2,baseline.csv,20260425_204331
20201109-01,2020-11-09,2020,11,9,Mon,1,12,21,25,41,100,1,4,1,baseline.csv,20260425_204331
20201109-02,2020-11-09,2020,11,9,Mon,11,16,32,36,43,138,3,2,1,baseline.csv,20260425_204331
20201110-01,2020-11-10,2020,11,10,Tue,2,15,29,30,45,121,2,3,2,baseline.csv,20260425_204331
20201110-02,2020-11-10,2020,11,10,Tue,4,15,17,23,26,85,2,3,1,baseline.csv,20260425_204331
20201111-01,2020-11-11,2020,11,11,Wed,1,7,22,37,42,109,2,3,1,baseline.csv,20260425_204331
20201111-02,2020-11-11,2020,11,11,Wed,3,13,20,25,33,94,1,4,1,baseline.csv,20260425_204331
20201112-01,2020-11-12,2020,11,12,Thu,6,14,19,33,38,110,3,2,1,baseline.csv,20260425_204331
20201112-02,2020-11-12,2020,11,12,Thu,3,7,20,31,44,105,2,3,1,baseline.csv,20260425_204331
20201113-01,2020-11-13,2020,11,13,Fri,1,2,3,34,44,84,3,2,3,baseline.csv,20260425_204331
20201113-02,2020-11-13,2020,11,13,Fri,2,21,23,24,41,111,2,3,2,baseline.csv,20260425_204331
20201114-01,2020-11-14,2020,11,14,Sat,6,9,28,30,37,110,3,2,1,baseline.csv,20260425_204331
20201114-02,2020-11-14,2020,11,14,Sat,4,8,16,26,39,93,4,1,1,baseline.csv,20260425_204331
20201115-01,2020-11-15,2020,11,15,Sun,8,13,30,34,39,124,3,2,1,baseline.csv,20260425_204331
20201115-02,2020-11-15,2020,11,15,Sun,3,29,35,39,43,149,0,5,1,baseline.csv,20260425_204331
20201116-01,2020-11-16,2020,11,16,Mon,16,23,31,39,40,149,2,3,2,baseline.csv,20260425_204331
20201116-02,2020-11-16,2020,11,16,Mon,7,31,33,41,42,154,1,4,2,baseline.csv,20260425_204331
20201117-01,2020-11-17,2020,11,17,Tue,1,4,5,19,32,61,2,3,2,baseline.csv,20260425_204331
20201117-02,2020-11-17,2020,11,17,Tue,8,37,40,41,45,171,2,3,2,baseline.csv,20260425_204331
20201118-01,2020-11-18,2020,11,18,Wed,11,28,38,43,44,164,3,2,2,baseline.csv,20260425_204331
20201118-02,2020-11-18,2020,11,18,Wed,23,27,40,42,45,177,2,3,1,baseline.csv,20260425_204331
20201119-01,2020-11-19,2020,11,19,Thu,8,28,32,35,36,139,4,1,2,baseline.csv,20260425_204331
20201119-02,2020-11-19,2020,11,19,Thu,14,20,36,38,44,152,5,0,1,baseline.csv,20260425_204331
20201120-01,2020-11-20,2020,11,20,Fri,23,24,33,36,45,161,2,3,2,baseline.csv,20260425_204331
20201120-02,2020-11-20,2020,11,20,Fri,6,15,16,31,33,101,2,3,2,baseline.csv,20260425_204331
20201121-01,2020-11-21,2020,11,21,Sat,1,3,25,30,37,96,1,4,1,baseline.csv,20260425_204331
20201121-02,2020-11-21,2020,11,21,Sat,11,15,17,26,38,107,2,3,1,baseline.csv,20260425_204331
20201122-01,2020-11-22,2020,11,22,Sun,7,13,24,33,37,114,1,4,1,baseline.csv,20260425_204331
20201122-02,2020-11-22,2020,11,22,Sun,3,5,11,25,44,88,1,4,1,baseline.csv,20260425_204331
20201123-01,2020-11-23,2020,11,23,Mon,2,12,19,26,34,93,4,1,1,baseline.csv,20260425_204331
20201123-02,2020-11-23,2020,11,23,Mon,5,6,14,19,30,74,3,2,2,baseline.csv,20260425_204331
20201124-01,2020-11-24,2020,11,24,Tue,11,14,28,34,45,132,3,2,1,baseline.csv,20260425_204331
20201124-02,2020-11-24,2020,11,24,Tue,3,4,8,11,45,71,2,3,2,baseline.csv,20260425_204331
20201125-01,2020-11-25,2020,11,25,Wed,1,17,27,38,39,122,1,4,2,baseline.csv,20260425_204331
20201125-02,2020-11-25,2020,11,25,Wed,3,17,32,36,44,132,3,2,1,baseline.csv,20260425_204331
20201126-01,2020-11-26,2020,11,26,Thu,4,23,32,42,44,145,4,1,1,baseline.csv,20260425_204331
20201126-02,2020-11-26,2020,11,26,Thu,6,8,10,12,37,73,4,1,1,baseline.csv,20260425_204331
20201127-01,2020-11-27,2020,11,27,Fri,1,6,18,38,39,102,3,2,2,baseline.csv,20260425_204331
20201127-02,2020-11-27,2020,11,27,Fri,5,12,15,26,36,94,3,2,1,baseline.csv,20260425_204331
20201128-01,2020-11-28,2020,11,28,Sat,2,10,22,25,27,86,3,2,1,baseline.csv,20260425_204331
20201128-02,2020-11-28,2020,11,28,Sat,2,8,20,28,38,96,5,0,1,baseline.csv,20260425_204331
20201129-01,2020-11-29,2020,11,29,Sun,5,17,22,27,44,115,2,3,1,baseline.csv,20260425_204331
20201129-02,2020-11-29,2020,11,29,Sun,15,21,25,31,38,130,1,4,1,baseline.csv,20260425_204331
20201130-01,2020-11-30,2020,11,30,Mon,15,19,23,43,44,144,1,4,2,baseline.csv,20260425_204331
20201130-02,2020-11-30,2020,11,30,Mon,10,17,23,27,40,117,2,3,1,baseline.csv,20260425_204331
20201201-01,2020-12-01,2020,12,1,Tue,8,14,33,38,39,132,3,2,2,baseline.csv,20260425_204331
20201201-02,2020-12-01,2020,12,1,Tue,4,15,39,43,44,145,2,3,2,baseline.csv,20260425_204331
20201202-01,2020-12-02,2020,12,2,Wed,11,13,16,18,38,96,3,2,1,baseline.csv,20260425_204331
20201202-02,2020-12-02,2020,12,2,Wed,19,36,39,40,43,177,2,3,2,baseline.csv,20260425_204331
20201203-01,2020-12-03,2020,12,3,Thu,2,5,8,9,24,48,3,2,2,baseline.csv,20260425_204331
20201203-02,2020-12-03,2020,12,3,Thu,5,6,8,18,38,75,4,1,2,baseline.csv,20260425_204331
20201204-01,2020-12-04,2020,12,4,Fri,20,28,39,40,41,168,3,2,3,baseline.csv,20260425_204331
20201204-02,2020-12-04,2020,12,4,Fri,3,20,33,36,41,133,2,3,1,baseline.csv,20260425_204331
20201205-01,2020-12-05,2020,12,5,Sat,9,14,24,29,44,120,3,2,1,baseline.csv,20260425_204331
20201205-02,2020-12-05,2020,12,5,Sat,8,21,22,27,32,110,3,2,2,baseline.csv,20260425_204331
20201206-01,2020-12-06,2020,12,6,Sun,10,32,35,38,40,155,4,1,1,baseline.csv,20260425_204331
20201206-02,2020-12-06,2020,12,6,Sun,6,20,31,32,38,127,4,1,2,baseline.csv,20260425_204331
20201207-01,2020-12-07,2020,12,7,Mon,4,11,28,38,40,121,4,1,1,baseline.csv,20260425_204331
20201207-02,2020-12-07,2020,12,7,Mon,11,14,16,25,41,107,2,3,1,baseline.csv,20260425_204331
20201208-01,2020-12-08,2020,12,8,Tue,24,31,32,39,41,167,2,3,2,baseline.csv,20260425_204331
20201208-02,2020-12-08,2020,12,8,Tue,1,4,12,30,36,83,4,1,1,baseline.csv,20260425_204331
20201209-01,2020-12-09,2020,12,9,Wed,11,15,36,38,41,141,2,3,1,baseline.csv,20260425_204331
20201209-02,2020-12-09,2020,12,9,Wed,5,7,8,39,44,103,2,3,2,baseline.csv,20260425_204331
20201210-01,2020-12-10,2020,12,10,Thu,11,13,20,26,37,107,2,3,1,baseline.csv,20260425_204331
20201210-02,2020-12-10,2020,12,10,Thu,1,12,14,24,25,76,3,2,2,baseline.csv,20260425_204331
20201211-01,2020-12-11,2020,12,11,Fri,2,11,14,23,37,87,2,3,1,baseline.csv,20260425_204331
20201211-02,2020-12-11,2020,12,11,Fri,6,9,10,11,18,54,3,2,3,baseline.csv,20260425_204331
20201212-01,2020-12-12,2020,12,12,Sat,14,20,37,41,43,155,2,3,1,baseline.csv,20260425_204331
20201212-02,2020-12-12,2020,12,12,Sat,1,5,18,34,35,93,2,3,2,baseline.csv,20260425_204331
20201213-01,2020-12-13,2020,12,13,Sun,22,23,37,38,42,162,3,2,2,baseline.csv,20260425_204331
20201213-02,2020-12-13,2020,12,13,Sun,4,15,17,21,43,100,1,4,1,baseline.csv,20260425_204331
20201214-01,2020-12-14,2020,12,14,Mon,10,16,20,29,31,106,3,2,1,baseline.csv,20260425_204331
20201214-02,2020-12-14,2020,12,14,Mon,5,6,27,29,42,109,2,3,2,baseline.csv,20260425_204331
20201215-01,2020-12-15,2020,12,15,Tue,5,14,25,31,39,114,1,4,1,baseline.csv,20260425_204331
20201215-02,2020-12-15,2020,12,15,Tue,17,26,28,39,43,153,2,3,1,baseline.csv,20260425_204331
20201216-01,2020-12-16,2020,12,16,Wed,5,6,15,29,33,88,1,4,2,baseline.csv,20260425_204331
20201216-02,2020-12-16,2020,12,16,Wed,3,4,10,26,44,87,4,1,2,baseline.csv,20260425_204331
20201217-01,2020-12-17,2020,12,17,Thu,6,8,14,19,39,86,3,2,1,baseline.csv,20260425_204331
20201217-02,2020-12-17,2020,12,17,Thu,9,16,22,26,27,100,3,2,2,baseline.csv,20260425_204331
20201218-01,2020-12-18,2020,12,18,Fri,2,8,24,37,39,110,3,2,1,baseline.csv,20260425_204331
20201218-02,2020-12-18,2020,12,18,Fri,4,11,12,17,37,81,2,3,2,baseline.csv,20260425_204331
20201219-01,2020-12-19,2020,12,19,Sat,1,3,15,22,35,76,1,4,1,baseline.csv,20260425_204331
20201219-02,2020-12-19,2020,12,19,Sat,15,27,38,40,43,163,2,3,1,baseline.csv,20260425_204331
20201220-01,2020-12-20,2020,12,20,Sun,1,6,11,12,30,60,3,2,2,baseline.csv,20260425_204331
20201220-02,2020-12-20,2020,12,20,Sun,3,6,18,24,43,94,3,2,1,baseline.csv,20260425_204331
20201221-01,2020-12-21,2020,12,21,Mon,12,17,23,41,42,135,2,3,2,baseline.csv,20260425_204331
20201221-02,2020-12-21,2020,12,21,Mon,8,33,35,36,42,154,3,2,2,baseline.csv,20260425_204331
20201222-01,2020-12-22,2020,12,22,Tue,7,14,16,21,29,87,2,3,1,baseline.csv,20260425_204331
20201222-02,2020-12-22,2020,12,22,Tue,18,27,29,38,45,157,2,3,1,baseline.csv,20260425_204331
20201223-01,2020-12-23,2020,12,23,Wed,6,14,18,27,28,93,4,1,2,baseline.csv,20260425_204331
20201223-02,2020-12-23,2020,12,23,Wed,30,36,38,39,42,185,4,1,2,baseline.csv,20260425_204331
20201224-01,2020-12-24,2020,12,24,Thu,21,24,32,42,43,162,3,2,2,baseline.csv,20260425_204331
20201224-02,2020-12-24,2020,12,24,Thu,5,18,21,22,30,96,3,2,2,baseline.csv,20260425_204331
20201225-01,2020-12-25,2020,12,25,Fri,2,15,21,30,37,105,2,3,1,baseline.csv,20260425_204331
20201225-02,2020-12-25,2020,12,25,Fri,11,18,35,36,40,140,3,2,2,baseline.csv,20260425_204331
20201226-01,2020-12-26,2020,12,26,Sat,15,20,25,34,45,139,2,3,1,baseline.csv,20260425_204331
20201226-02,2020-12-26,2020,12,26,Sat,6,20,26,30,32,114,5,0,1,baseline.csv,20260425_204331
20201227-01,2020-12-27,2020,12,27,Sun,8,11,37,41,45,142,1,4,1,baseline.csv,20260425_204331
20201227-02,2020-12-27,2020,12,27,Sun,4,12,16,37,45,114,3,2,1,baseline.csv,20260425_204331
20201228-01,2020-12-28,2020,12,28,Mon,3,24,27,39,40,133,2,3,2,baseline.csv,20260425_204331
20201228-02,2020-12-28,2020,12,28,Mon,4,5,6,31,32,78,3,2,3,baseline.csv,20260425_204331
20201229-01,2020-12-29,2020,12,29,Tue,9,11,21,22,43,106,1,4,2,baseline.csv,20260425_204331
20201229-02,2020-12-29,2020,12,29,Tue,4,14,19,28,37,102,3,2,1,baseline.csv,20260425_204331
20201230-01,2020-12-30,2020,12,30,Wed,8,29,34,38,39,148,3,2,2,baseline.csv,20260425_204331
20201230-02,2020-12-30,2020,12,30,Wed,5,14,33,40,45,137,2,3,1,baseline.csv,20260425_204331
20201231-01,2020-12-31,2020,12,31,Thu,13,30,32,33,38,146,3,2,2,baseline.csv,20260425_204331
20201231-02,2020-12-31,2020,12,31,Thu,12,13,19,35,45,124,1,4,2,baseline.csv,20260425_204331
20210101-01,2021-01-01,2021,1,1,Fri,6,7,10,29,39,91,2,3,2,baseline.csv,20260425_204331
20210101-02,2021-01-01,2021,1,1,Fri,4,10,20,32,35,101,4,1,1,baseline.csv,20260425_204331
20210102-01,2021-01-02,2021,1,2,Sat,8,16,31,37,41,133,2,3,1,baseline.csv,20260425_204331
20210102-02,2021-01-02,2021,1,2,Sat,7,13,14,15,16,65,2,3,4,baseline.csv,20260425_204331
20210103-01,2021-01-03,2021,1,3,Sun,4,9,20,21,31,85,2,3,2,baseline.csv,20260425_204331
20210103-02,2021-01-03,2021,1,3,Sun,2,8,34,38,44,126,5,0,1,baseline.csv,20260425_204331
20210104-01,2021-01-04,2021,1,4,Mon,12,16,26,37,38,129,4,1,2,baseline.csv,20260425_204331
20210104-02,2021-01-04,2021,1,4,Mon,4,11,22,23,33,93,2,3,2,baseline.csv,20260425_204331
20210105-01,2021-01-05,2021,1,5,Tue,15,30,34,36,39,154,3,2,1,baseline.csv,20260425_204331
20210105-02,2021-01-05,2021,1,5,Tue,4,20,21,30,33,108,3,2,2,baseline.csv,20260425_204331
20210106-01,2021-01-06,2021,1,6,Wed,3,7,16,25,42,93,2,3,1,baseline.csv,20260425_204331
20210106-02,2021-01-06,2021,1,6,Wed,17,27,28,40,43,155,2,3,2,baseline.csv,20260425_204331
20210107-01,2021-01-07,2021,1,7,Thu,8,15,31,35,41,130,1,4,1,baseline.csv,20260425_204331
20210107-02,2021-01-07,2021,1,7,Thu,6,17,21,26,36,106,3,2,1,baseline.csv,20260425_204331
20210108-01,2021-01-08,2021,1,8,Fri,6,12,18,33,44,113,4,1,1,baseline.csv,20260425_204331
20210108-02,2021-01-08,2021,1,8,Fri,13,15,19,20,34,101,2,3,2,baseline.csv,20260425_204331
20210109-01,2021-01-09,2021,1,9,Sat,12,20,28,29,31,120,3,2,2,baseline.csv,20260425_204331
20210109-02,2021-01-09,2021,1,9,Sat,2,12,14,20,45,93,4,1,1,baseline.csv,20260425_204331
20210110-01,2021-01-10,2021,1,10,Sun,3,16,24,37,44,124,3,2,1,baseline.csv,20260425_204331
20210110-02,2021-01-10,2021,1,10,Sun,7,9,18,26,41,101,2,3,1,baseline.csv,20260425_204331
20210111-01,2021-01-11,2021,1,11,Mon,9,21,35,44,45,154,1,4,2,baseline.csv,20260425_204331
20210111-02,2021-01-11,2021,1,11,Mon,11,12,18,26,30,97,4,1,2,baseline.csv,20260425_204331
20210112-01,2021-01-12,2021,1,12,Tue,4,7,17,19,36,83,2,3,1,baseline.csv,20260425_204331
20210112-02,2021-01-12,2021,1,12,Tue,6,19,32,33,34,124,3,2,3,baseline.csv,20260425_204331
20210113-01,2021-01-13,2021,1,13,Wed,6,21,25,40,45,137,2,3,1,baseline.csv,20260425_204331
20210113-02,2021-01-13,2021,1,13,Wed,11,19,28,31,34,123,2,3,1,baseline.csv,20260425_204331
20210114-01,2021-01-14,2021,1,14,Thu,22,25,30,31,35,143,2,3,2,baseline.csv,20260425_204331
20210114-02,2021-01-14,2021,1,14,Thu,7,15,26,33,43,124,1,4,1,baseline.csv,20260425_204331
20210115-01,2021-01-15,2021,1,15,Fri,2,14,16,17,35,84,3,2,2,baseline.csv,20260425_204331
20210115-02,2021-01-15,2021,1,15,Fri,3,15,17,20,35,90,1,4,1,baseline.csv,20260425_204331
20210116-01,2021-01-16,2021,1,16,Sat,12,18,28,39,44,141,4,1,1,baseline.csv,20260425_204331
20210116-02,2021-01-16,2021,1,16,Sat,4,5,7,39,45,100,1,4,2,baseline.csv,20260425_204331
20210117-01,2021-01-17,2021,1,17,Sun,5,13,16,38,40,112,3,2,1,baseline.csv,20260425_204331
20210117-02,2021-01-17,2021,1,17,Sun,6,10,26,30,44,116,5,0,1,baseline.csv,20260425_204331
20210118-01,2021-01-18,2021,1,18,Mon,8,13,15,22,26,84,3,2,1,baseline.csv,20260425_204331
20210118-02,2021-01-18,2021,1,18,Mon,1,7,11,26,43,88,1,4,1,baseline.csv,20260425_204331
20210119-01,2021-01-19,2021,1,19,Tue,4,15,18,21,45,103,2,3,1,baseline.csv,20260425_204331
20210119-02,2021-01-19,2021,1,19,Tue,3,5,7,13,44,72,1,4,1,baseline.csv,20260425_204331
20210120-01,2021-01-20,2021,1,20,Wed,16,22,24,35,43,140,3,2,1,baseline.csv,20260425_204331
20210120-02,2021-01-20,2021,1,20,Wed,15,16,24,31,42,128,3,2,2,baseline.csv,20260425_204331
20210121-01,2021-01-21,2021,1,21,Thu,5,28,37,42,45,157,2,3,1,baseline.csv,20260425_204331
20210121-02,2021-01-21,2021,1,21,Thu,22,25,26,29,32,134,3,2,2,baseline.csv,20260425_204331
20210122-01,2021-01-22,2021,1,22,Fri,10,27,33,40,42,152,3,2,1,baseline.csv,20260425_204331
20210122-02,2021-01-22,2021,1,22,Fri,7,9,24,27,29,96,1,4,1,baseline.csv,20260425_204331
20210123-01,2021-01-23,2021,1,23,Sat,9,19,21,30,42,121,2,3,1,baseline.csv,20260425_204331
20210123-02,2021-01-23,2021,1,23,Sat,3,12,16,20,29,80,3,2,1,baseline.csv,20260425_204331
20210124-01,2021-01-24,2021,1,24,Sun,12,20,22,29,31,114,3,2,1,baseline.csv,20260425_204331
20210124-02,2021-01-24,2021,1,24,Sun,3,16,35,43,44,141,2,3,2,baseline.csv,20260425_204331
20210125-01,2021-01-25,2021,1,25,Mon,5,8,28,32,42,115,4,1,1,baseline.csv,20260425_204331
20210125-02,2021-01-25,2021,1,25,Mon,6,28,29,35,45,143,2,3,2,baseline.csv,20260425_204331
20210126-01,2021-01-26,2021,1,26,Tue,9,28,35,41,43,156,1,4,1,baseline.csv,20260425_204331
20210126-02,2021-01-26,2021,1,26,Tue,6,8,36,38,43,131,4,1,1,baseline.csv,20260425_204331
20210127-01,2021-01-27,2021,1,27,Wed,5,24,26,30,38,123,4,1,1,baseline.csv,20260425_204331
20210127-02,2021-01-27,2021,1,27,Wed,21,22,25,36,42,146,3,2,2,baseline.csv,20260425_204331
20210128-01,2021-01-28,2021,1,28,Thu,11,15,17,35,37,115,0,5,1,baseline.csv,20260425_204331
20210128-02,2021-01-28,2021,1,28,Thu,3,10,17,23,40,93,2,3,1,baseline.csv,20260425_204331
20210129-01,2021-01-29,2021,1,29,Fri,7,9,16,19,33,84,1,4,1,baseline.csv,20260425_204331
20210129-02,2021-01-29,2021,1,29,Fri,2,9,23,31,43,108,1,4,1,baseline.csv,20260425_204331
20210130-01,2021-01-30,2021,1,30,Sat,12,19,26,27,38,122,3,2,2,baseline.csv,20260425_204331
20210130-02,2021-01-30,2021,1,30,Sat,17,24,27,32,38,138,3,2,1,baseline.csv,20260425_204331
20210131-01,2021-01-31,2021,1,31,Sun,8,11,20,35,41,115,2,3,1,baseline.csv,20260425_204331
20210131-02,2021-01-31,2021,1,31,Sun,3,6,7,26,40,82,3,2,2,baseline.csv,20260425_204331
20210201-01,2021-02-01,2021,2,1,Mon,14,20,21,30,37,122,3,2,2,baseline.csv,20260425_204331
20210201-02,2021-02-01,2021,2,1,Mon,7,10,12,15,42,86,3,2,1,baseline.csv,20260425_204331
20210202-01,2021-02-02,2021,2,2,Tue,18,33,39,44,45,179,2,3,2,baseline.csv,20260425_204331
20210202-02,2021-02-02,2021,2,2,Tue,13,18,34,42,44,151,4,1,1,baseline.csv,20260425_204331
20210203-01,2021-02-03,2021,2,3,Wed,14,15,18,40,43,130,3,2,2,baseline.csv,20260425_204331
20210203-02,2021-02-03,2021,2,3,Wed,27,29,30,34,38,158,3,2,2,baseline.csv,20260425_204331
20210204-01,2021-02-04,2021,2,4,Thu,3,5,18,31,35,92,1,4,1,baseline.csv,20260425_204331
20210204-02,2021-02-04,2021,2,4,Thu,2,11,14,24,40,91,4,1,1,baseline.csv,20260425_204331
20210205-01,2021-02-05,2021,2,5,Fri,15,21,35,37,45,153,0,5,1,baseline.csv,20260425_204331
20210205-02,2021-02-05,2021,2,5,Fri,9,11,14,17,44,95,2,3,1,baseline.csv,20260425_204331
20210206-01,2021-02-06,2021,2,6,Sat,1,2,7,16,28,54,3,2,2,baseline.csv,20260425_204331
20210206-02,2021-02-06,2021,2,6,Sat,2,17,18,19,36,92,3,2,3,baseline.csv,20260425_204331
20210207-01,2021-02-07,2021,2,7,Sun,2,24,26,41,43,136,3,2,1,baseline.csv,20260425_204331
20210207-02,2021-02-07,2021,2,7,Sun,4,6,15,18,30,73,4,1,1,baseline.csv,20260425_204331
20210208-01,2021-02-08,2021,2,8,Mon,20,24,33,37,43,157,2,3,1,baseline.csv,20260425_204331
20210208-02,2021-02-08,2021,2,8,Mon,5,8,18,35,36,102,3,2,2,baseline.csv,20260425_204331
20210209-01,2021-02-09,2021,2,9,Tue,11,14,28,31,33,117,2,3,1,baseline.csv,20260425_204331
20210209-02,2021-02-09,2021,2,9,Tue,20,29,31,32,40,152,3,2,2,baseline.csv,20260425_204331
20210210-01,2021-02-10,2021,2,10,Wed,7,11,17,23,32,90,1,4,1,baseline.csv,20260425_204331
20210210-02,2021-02-10,2021,2,10,Wed,14,16,27,36,40,133,4,1,1,baseline.csv,20260425_204331
20210211-01,2021-02-11,2021,2,11,Thu,14,20,29,33,38,134,3,2,1,baseline.csv,20260425_204331
20210211-02,2021-02-11,2021,2,11,Thu,1,13,22,29,40,105,2,3,1,baseline.csv,20260425_204331
20210212-01,2021-02-12,2021,2,12,Fri,4,15,26,40,45,130,3,2,1,baseline.csv,20260425_204331
20210212-02,2021-02-12,2021,2,12,Fri,4,6,14,27,30,81,4,1,1,baseline.csv,20260425_204331
20210213-01,2021-02-13,2021,2,13,Sat,2,5,8,19,27,61,2,3,1,baseline.csv,20260425_204331
20210213-02,2021-02-13,2021,2,13,Sat,3,9,26,31,32,101,2,3,2,baseline.csv,20260425_204331
20210214-01,2021-02-14,2021,2,14,Sun,8,17,19,24,34,102,3,2,1,baseline.csv,20260425_204331
20210214-02,2021-02-14,2021,2,14,Sun,5,22,29,35,45,136,1,4,1,baseline.csv,20260425_204331
20210215-01,2021-02-15,2021,2,15,Mon,3,8,16,23,25,75,2,3,1,baseline.csv,20260425_204331
20210215-02,2021-02-15,2021,2,15,Mon,1,4,7,27,29,68,1,4,1,baseline.csv,20260425_204331
20210216-01,2021-02-16,2021,2,16,Tue,6,8,9,11,39,73,2,3,2,baseline.csv,20260425_204331
20210216-02,2021-02-16,2021,2,16,Tue,12,14,16,25,44,111,4,1,1,baseline.csv,20260425_204331
20210217-01,2021-02-17,2021,2,17,Wed,4,14,20,25,42,105,4,1,1,baseline.csv,20260425_204331
20210217-02,2021-02-17,2021,2,17,Wed,3,23,32,36,41,135,2,3,1,baseline.csv,20260425_204331
20210218-01,2021-02-18,2021,2,18,Thu,2,17,23,26,40,108,3,2,1,baseline.csv,20260425_204331
20210218-02,2021-02-18,2021,2,18,Thu,11,20,30,36,37,134,3,2,2,baseline.csv,20260425_204331
20210219-01,2021-02-19,2021,2,19,Fri,13,30,33,39,41,156,1,4,1,baseline.csv,20260425_204331
20210219-02,2021-02-19,2021,2,19,Fri,9,15,33,36,37,130,1,4,2,baseline.csv,20260425_204331
20210220-01,2021-02-20,2021,2,20,Sat,1,21,32,33,41,128,1,4,2,baseline.csv,20260425_204331
20210220-02,2021-02-20,2021,2,20,Sat,2,4,11,38,40,95,4,1,1,baseline.csv,20260425_204331
20210221-01,2021-02-21,2021,2,21,Sun,1,7,26,30,44,108,3,2,1,baseline.csv,20260425_204331
20210221-02,2021-02-21,2021,2,21,Sun,22,29,39,42,44,176,3,2,1,baseline.csv,20260425_204331
20210222-01,2021-02-22,2021,2,22,Mon,6,9,13,18,20,66,3,2,1,baseline.csv,20260425_204331
20210222-02,2021-02-22,2021,2,22,Mon,12,13,21,26,40,112,3,2,2,baseline.csv,20260425_204331
20210223-01,2021-02-23,2021,2,23,Tue,6,12,20,27,42,107,4,1,1,baseline.csv,20260425_204331
20210223-02,2021-02-23,2021,2,23,Tue,29,35,38,44,45,191,2,3,2,baseline.csv,20260425_204331
20210224-01,2021-02-24,2021,2,24,Wed,2,5,14,25,42,88,3,2,1,baseline.csv,20260425_204331
20210224-02,2021-02-24,2021,2,24,Wed,6,10,17,32,44,109,4,1,1,baseline.csv,20260425_204331
20210225-01,2021-02-25,2021,2,25,Thu,1,2,6,13,38,60,3,2,2,baseline.csv,20260425_204331
20210225-02,2021-02-25,2021,2,25,Thu,10,12,17,32,33,104,3,2,2,baseline.csv,20260425_204331
20210226-01,2021-02-26,2021,2,26,Fri,23,28,30,36,37,154,3,2,2,baseline.csv,20260425_204331
20210226-02,2021-02-26,2021,2,26,Fri,5,7,24,34,45,115,2,3,1,baseline.csv,20260425_204331
20210227-01,2021-02-27,2021,2,27,Sat,2,14,15,17,34,82,3,2,2,baseline.csv,20260425_204331
20210227-02,2021-02-27,2021,2,27,Sat,13,15,18,23,32,101,2,3,1,baseline.csv,20260425_204331
20210228-01,2021-02-28,2021,2,28,Sun,21,24,25,35,38,143,2,3,2,baseline.csv,20260425_204331
20210228-02,2021-02-28,2021,2,28,Sun,9,14,27,28,32,110,3,2,2,baseline.csv,20260425_204331
20210301-01,2021-03-01,2021,3,1,Mon,4,14,21,32,37,108,3,2,1,baseline.csv,20260425_204331
20210301-02,2021-03-01,2021,3,1,Mon,25,27,35,38,42,167,2,3,1,baseline.csv,20260425_204331
20210302-01,2021-03-02,2021,3,2,Tue,5,15,29,30,39,118,1,4,2,baseline.csv,20260425_204331
20210302-02,2021-03-02,2021,3,2,Tue,16,27,30,36,39,148,3,2,1,baseline.csv,20260425_204331
20210303-01,2021-03-03,2021,3,3,Wed,5,6,8,15,18,52,3,2,2,baseline.csv,20260425_204331
20210303-02,2021-03-03,2021,3,3,Wed,1,29,31,41,45,147,0,5,1,baseline.csv,20260425_204331
20210304-01,2021-03-04,2021,3,4,Thu,1,14,29,32,39,115,2,3,1,baseline.csv,20260425_204331
20210304-02,2021-03-04,2021,3,4,Thu,2,16,23,30,41,112,3,2,1,baseline.csv,20260425_204331
20210305-01,2021-03-05,2021,3,5,Fri,21,22,35,36,38,152,3,2,2,baseline.csv,20260425_204331
20210305-02,2021-03-05,2021,3,5,Fri,2,10,22,26,28,88,5,0,1,baseline.csv,20260425_204331
20210306-01,2021-03-06,2021,3,6,Sat,3,4,17,30,43,97,2,3,2,baseline.csv,20260425_204331
20210306-02,2021-03-06,2021,3,6,Sat,4,12,24,34,39,113,4,1,1,baseline.csv,20260425_204331
20210307-01,2021-03-07,2021,3,7,Sun,12,15,27,33,43,130,1,4,1,baseline.csv,20260425_204331
20210307-02,2021-03-07,2021,3,7,Sun,19,20,22,28,44,133,4,1,2,baseline.csv,20260425_204331
20210308-01,2021-03-08,2021,3,8,Mon,9,18,23,25,33,108,1,4,1,baseline.csv,20260425_204331
20210308-02,2021-03-08,2021,3,8,Mon,7,20,30,40,44,141,4,1,1,baseline.csv,20260425_204331
20210309-01,2021-03-09,2021,3,9,Tue,21,23,31,34,35,144,1,4,2,baseline.csv,20260425_204331
20210309-02,2021-03-09,2021,3,9,Tue,1,5,20,25,33,84,1,4,1,baseline.csv,20260425_204331
20210310-01,2021-03-10,2021,3,10,Wed,2,5,37,42,43,129,2,3,2,baseline.csv,20260425_204331
20210310-02,2021-03-10,2021,3,10,Wed,7,9,27,29,37,109,0,5,1,baseline.csv,20260425_204331
20210311-01,2021-03-11,2021,3,11,Thu,7,34,39,41,44,165,2,3,1,baseline.csv,20260425_204331
20210311-02,2021-03-11,2021,3,11,Thu,3,6,19,34,42,104,3,2,1,baseline.csv,20260425_204331
20210312-01,2021-03-12,2021,3,12,Fri,2,7,11,31,33,84,1,4,1,baseline.csv,20260425_204331
20210312-02,2021-03-12,2021,3,12,Fri,4,16,32,41,42,135,4,1,2,baseline.csv,20260425_204331
20210313-01,2021-03-13,2021,3,13,Sat,1,2,7,19,33,62,1,4,2,baseline.csv,20260425_204331
20210313-02,2021-03-13,2021,3,13,Sat,2,18,19,31,37,107,2,3,2,baseline.csv,20260425_204331
20210314-01,2021-03-14,2021,3,14,Sun,2,23,26,36,39,126,3,2,1,baseline.csv,20260425_204331
20210314-02,2021-03-14,2021,3,14,Sun,2,10,12,19,34,77,4,1,1,baseline.csv,20260425_204331
20210315-01,2021-03-15,2021,3,15,Mon,7,11,23,39,43,123,0,5,1,baseline.csv,20260425_204331
20210315-02,2021-03-15,2021,3,15,Mon,15,25,30,36,45,151,2,3,1,baseline.csv,20260425_204331
20210316-01,2021-03-16,2021,3,16,Tue,6,8,11,16,45,86,3,2,1,baseline.csv,20260425_204331
20210316-02,2021-03-16,2021,3,16,Tue,4,21,28,37,40,130,3,2,1,baseline.csv,20260425_204331
20210317-01,2021-03-17,2021,3,17,Wed,5,20,29,38,43,135,2,3,1,baseline.csv,20260425_204331
20210317-02,2021-03-17,2021,3,17,Wed,9,12,28,35,39,123,2,3,1,baseline.csv,20260425_204331
20210318-01,2021-03-18,2021,3,18,Thu,14,17,19,24,35,109,2,3,1,baseline.csv,20260425_204331
20210318-02,2021-03-18,2021,3,18,Thu,2,11,25,34,40,112,3,2,1,baseline.csv,20260425_204331
20210319-01,2021-03-19,2021,3,19,Fri,3,12,31,38,42,126,3,2,1,baseline.csv,20260425_204331
20210319-02,2021-03-19,2021,3,19,Fri,11,12,17,24,45,109,2,3,2,baseline.csv,20260425_204331
20210320-01,2021-03-20,2021,3,20,Sat,4,5,7,36,41,93,2,3,2,baseline.csv,20260425_204331
20210320-02,2021-03-20,2021,3,20,Sat,7,13,15,37,38,110,1,4,2,baseline.csv,20260425_204331
20210321-01,2021-03-21,2021,3,21,Sun,3,14,19,40,44,120,3,2,1,baseline.csv,20260425_204331
20210321-02,2021-03-21,2021,3,21,Sun,3,9,30,32,33,107,2,3,2,baseline.csv,20260425_204331
20210322-01,2021-03-22,2021,3,22,Mon,4,12,20,42,43,121,4,1,2,baseline.csv,20260425_204331
20210322-02,2021-03-22,2021,3,22,Mon,19,22,26,32,33,132,3,2,2,baseline.csv,20260425_204331
20210323-01,2021-03-23,2021,3,23,Tue,1,3,8,9,14,35,2,3,2,baseline.csv,20260425_204331
20210323-02,2021-03-23,2021,3,23,Tue,5,9,12,24,35,85,2,3,1,baseline.csv,20260425_204331
20210324-01,2021-03-24,2021,3,24,Wed,3,10,16,40,45,114,3,2,1,baseline.csv,20260425_204331
20210324-02,2021-03-24,2021,3,24,Wed,23,26,29,37,39,154,1,4,1,baseline.csv,20260425_204331
20210325-01,2021-03-25,2021,3,25,Thu,1,2,13,19,28,63,2,3,2,baseline.csv,20260425_204331
20210325-02,2021-03-25,2021,3,25,Thu,6,15,17,30,37,105,2,3,1,baseline.csv,20260425_204331
20210326-01,2021-03-26,2021,3,26,Fri,8,9,25,36,40,118,3,2,2,baseline.csv,20260425_204331
20210326-02,2021-03-26,2021,3,26,Fri,5,10,14,29,40,98,3,2,1,baseline.csv,20260425_204331
20210327-01,2021-03-27,2021,3,27,Sat,4,5,11,28,34,82,3,2,2,baseline.csv,20260425_204331
20210327-02,2021-03-27,2021,3,27,Sat,9,14,19,29,36,107,2,3,1,baseline.csv,20260425_204331
20210328-01,2021-03-28,2021,3,28,Sun,12,14,16,23,32,97,4,1,1,baseline.csv,20260425_204331
20210328-02,2021-03-28,2021,3,28,Sun,12,14,20,21,38,105,4,1,2,baseline.csv,20260425_204331
20210329-01,2021-03-29,2021,3,29,Mon,6,10,18,19,32,85,4,1,2,baseline.csv,20260425_204331
20210329-02,2021-03-29,2021,3,29,Mon,5,15,20,22,40,102,3,2,1,baseline.csv,20260425_204331
20210330-01,2021-03-30,2021,3,30,Tue,1,13,20,22,31,87,2,3,1,baseline.csv,20260425_204331
20210330-02,2021-03-30,2021,3,30,Tue,5,9,20,23,38,95,2,3,1,baseline.csv,20260425_204331
20210331-01,2021-03-31,2021,3,31,Wed,8,14,30,31,43,126,3,2,2,baseline.csv,20260425_204331
20210331-02,2021-03-31,2021,3,31,Wed,5,6,12,14,16,53,4,1,2,baseline.csv,20260425_204331
20210401-01,2021-04-01,2021,4,1,Thu,2,11,26,37,43,119,2,3,1,baseline.csv,20260425_204331
20210401-02,2021-04-01,2021,4,1,Thu,11,12,13,17,38,91,2,3,3,baseline.csv,20260425_204331
20210402-01,2021-04-02,2021,4,2,Fri,9,13,15,33,36,106,1,4,1,baseline.csv,20260425_204331
20210402-02,2021-04-02,2021,4,2,Fri,5,8,19,39,40,111,2,3,2,baseline.csv,20260425_204331
20210403-01,2021-04-03,2021,4,3,Sat,11,12,24,28,30,105,4,1,2,baseline.csv,20260425_204331
20210403-02,2021-04-03,2021,4,3,Sat,1,22,29,33,41,126,1,4,1,baseline.csv,20260425_204331
20210404-01,2021-04-04,2021,4,4,Sun,6,25,27,31,43,132,1,4,1,baseline.csv,20260425_204331
20210404-02,2021-04-04,2021,4,4,Sun,3,22,32,34,37,128,3,2,1,baseline.csv,20260425_204331
20210405-01,2021-04-05,2021,4,5,Mon,14,32,35,42,43,166,3,2,2,baseline.csv,20260425_204331
20210405-02,2021-04-05,2021,4,5,Mon,17,20,28,44,45,154,3,2,2,baseline.csv,20260425_204331
20210406-01,2021-04-06,2021,4,6,Tue,2,11,26,35,41,115,2,3,1,baseline.csv,20260425_204331
20210406-02,2021-04-06,2021,4,6,Tue,12,18,23,30,35,118,3,2,1,baseline.csv,20260425_204331
20210407-01,2021-04-07,2021,4,7,Wed,3,15,22,37,44,121,2,3,1,baseline.csv,20260425_204331
20210407-02,2021-04-07,2021,4,7,Wed,5,17,29,39,44,134,1,4,1,baseline.csv,20260425_204331
20210408-01,2021-04-08,2021,4,8,Thu,10,11,16,35,41,113,2,3,2,baseline.csv,20260425_204331
20210408-02,2021-04-08,2021,4,8,Thu,1,11,26,40,43,121,2,3,1,baseline.csv,20260425_204331
20210409-01,2021-04-09,2021,4,9,Fri,3,10,28,35,37,113,2,3,1,baseline.csv,20260425_204331
20210409-02,2021-04-09,2021,4,9,Fri,17,19,36,39,43,154,1,4,1,baseline.csv,20260425_204331
20210410-01,2021-04-10,2021,4,10,Sat,6,8,16,28,34,92,5,0,1,baseline.csv,20260425_204331
20210410-02,2021-04-10,2021,4,10,Sat,11,16,22,23,34,106,3,2,2,baseline.csv,20260425_204331
20210411-01,2021-04-11,2021,4,11,Sun,7,26,27,39,43,142,1,4,2,baseline.csv,20260425_204331
20210411-02,2021-04-11,2021,4,11,Sun,9,25,30,42,43,149,2,3,2,baseline.csv,20260425_204331
20210412-01,2021-04-12,2021,4,12,Mon,12,19,25,29,36,121,2,3,1,baseline.csv,20260425_204331
20210412-02,2021-04-12,2021,4,12,Mon,2,19,33,41,44,139,2,3,1,baseline.csv,20260425_204331
20210413-01,2021-04-13,2021,4,13,Tue,1,17,18,20,35,91,2,3,2,baseline.csv,20260425_204331
20210413-02,2021-04-13,2021,4,13,Tue,12,13,23,24,26,98,3,2,2,baseline.csv,20260425_204331
20210414-01,2021-04-14,2021,4,14,Wed,2,10,15,17,26,70,3,2,1,baseline.csv,20260425_204331
20210414-02,2021-04-14,2021,4,14,Wed,24,25,35,39,42,165,2,3,2,baseline.csv,20260425_204331
20210415-01,2021-04-15,2021,4,15,Thu,30,34,36,38,41,179,4,1,1,baseline.csv,20260425_204331
20210415-02,2021-04-15,2021,4,15,Thu,8,10,17,24,34,93,4,1,1,baseline.csv,20260425_204331
20210416-01,2021-04-16,2021,4,16,Fri,12,16,24,25,36,113,4,1,2,baseline.csv,20260425_204331
20210416-02,2021-04-16,2021,4,16,Fri,10,16,22,26,42,116,5,0,1,baseline.csv,20260425_204331
20210417-01,2021-04-17,2021,4,17,Sat,2,7,19,26,37,91,2,3,1,baseline.csv,20260425_204331
20210417-02,2021-04-17,2021,4,17,Sat,13,15,18,20,28,94,3,2,1,baseline.csv,20260425_204331
20210418-01,2021-04-18,2021,4,18,Sun,2,23,26,35,44,130,3,2,1,baseline.csv,20260425_204331
20210418-02,2021-04-18,2021,4,18,Sun,2,12,14,19,26,73,4,1,1,baseline.csv,20260425_204331
20210419-01,2021-04-19,2021,4,19,Mon,8,9,12,37,38,104,3,2,2,baseline.csv,20260425_204331
20210419-02,2021-04-19,2021,4,19,Mon,1,7,12,37,39,96,1,4,1,baseline.csv,20260425_204331
20210420-01,2021-04-20,2021,4,20,Tue,2,8,28,37,43,118,3,2,1,baseline.csv,20260425_204331
20210420-02,2021-04-20,2021,4,20,Tue,1,4,5,22,40,72,3,2,2,baseline.csv,20260425_204331
20210421-01,2021-04-21,2021,4,21,Wed,19,29,31,43,45,167,0,5,1,baseline.csv,20260425_204331
20210421-02,2021-04-21,2021,4,21,Wed,13,23,26,35,37,134,1,4,1,baseline.csv,20260425_204331
20210422-01,2021-04-22,2021,4,22,Thu,11,13,16,18,27,85,2,3,1,baseline.csv,20260425_204331
20210422-02,2021-04-22,2021,4,22,Thu,31,32,37,42,45,187,2,3,2,baseline.csv,20260425_204331
20210423-01,2021-04-23,2021,4,23,Fri,1,8,31,38,41,119,2,3,1,baseline.csv,20260425_204331
20210423-02,2021-04-23,2021,4,23,Fri,4,5,15,27,41,92,1,4,2,baseline.csv,20260425_204331
20210424-01,2021-04-24,2021,4,24,Sat,5,10,11,24,31,81,2,3,2,baseline.csv,20260425_204331
20210424-02,2021-04-24,2021,4,24,Sat,11,16,17,21,26,91,2,3,2,baseline.csv,20260425_204331
20210425-01,2021-04-25,2021,4,25,Sun,18,19,21,40,43,141,2,3,2,baseline.csv,20260425_204331
20210425-02,2021-04-25,2021,4,25,Sun,6,12,15,44,45,122,3,2,2,baseline.csv,20260425_204331
20210426-01,2021-04-26,2021,4,26,Mon,2,18,29,34,44,127,4,1,1,baseline.csv,20260425_204331
20210426-02,2021-04-26,2021,4,26,Mon,9,31,36,39,40,155,2,3,2,baseline.csv,20260425_204331
20210427-01,2021-04-27,2021,4,27,Tue,1,13,17,21,43,95,0,5,1,baseline.csv,20260425_204331
20210427-02,2021-04-27,2021,4,27,Tue,7,9,10,21,33,80,1,4,2,baseline.csv,20260425_204331
20210428-01,2021-04-28,2021,4,28,Wed,5,6,11,34,40,96,3,2,2,baseline.csv,20260425_204331
20210428-02,2021-04-28,2021,4,28,Wed,5,15,27,28,35,110,1,4,2,baseline.csv,20260425_204331
20210429-01,2021-04-29,2021,4,29,Thu,2,18,35,38,43,136,3,2,1,baseline.csv,20260425_204331
20210429-02,2021-04-29,2021,4,29,Thu,11,14,19,28,38,110,3,2,1,baseline.csv,20260425_204331
20210430-01,2021-04-30,2021,4,30,Fri,5,11,16,34,41,107,2,3,1,baseline.csv,20260425_204331
20210430-02,2021-04-30,2021,4,30,Fri,5,16,26,30,36,113,4,1,1,baseline.csv,20260425_204331
20210501-01,2021-05-01,2021,5,1,Sat,4,22,30,34,35,125,4,1,2,baseline.csv,20260425_204331
20210501-02,2021-05-01,2021,5,1,Sat,2,21,23,34,35,115,2,3,2,baseline.csv,20260425_204331
20210502-01,2021-05-02,2021,5,2,Sun,17,18,21,23,36,115,2,3,2,baseline.csv,20260425_204331
20210502-02,2021-05-02,2021,5,2,Sun,8,13,14,19,32,86,3,2,2,baseline.csv,20260425_204331
20210503-01,2021-05-03,2021,5,3,Mon,3,11,17,27,45,103,0,5,1,baseline.csv,20260425_204331
20210503-02,2021-05-03,2021,5,3,Mon,1,7,26,32,44,110,3,2,1,baseline.csv,20260425_204331
20210504-01,2021-05-04,2021,5,4,Tue,2,12,17,33,36,100,3,2,1,baseline.csv,20260425_204331
20210504-02,2021-05-04,2021,5,4,Tue,3,7,29,32,36,107,2,3,1,baseline.csv,20260425_204331
20210505-01,2021-05-05,2021,5,5,Wed,6,12,16,30,34,98,5,0,1,baseline.csv,20260425_204331
20210505-02,2021-05-05,2021,5,5,Wed,2,16,23,43,45,129,2,3,1,baseline.csv,20260425_204331
20210506-01,2021-05-06,2021,5,6,Thu,5,13,15,19,34,86,1,4,1,baseline.csv,20260425_204331
20210506-02,2021-05-06,2021,5,6,Thu,5,8,17,25,28,83,2,3,1,baseline.csv,20260425_204331
20210507-01,2021-05-07,2021,5,7,Fri,8,20,21,37,39,125,2,3,2,baseline.csv,20260425_204331
20210507-02,2021-05-07,2021,5,7,Fri,9,11,20,22,24,86,3,2,1,baseline.csv,20260425_204331
20210508-01,2021-05-08,2021,5,8,Sat,11,12,15,24,27,89,2,3,2,baseline.csv,20260425_204331
20210508-02,2021-05-08,2021,5,8,Sat,1,6,18,19,39,83,2,3,2,baseline.csv,20260425_204331
20210509-01,2021-05-09,2021,5,9,Sun,7,18,33,40,42,140,3,2,1,baseline.csv,20260425_204331
20210509-02,2021-05-09,2021,5,9,Sun,2,5,6,8,33,54,3,2,2,baseline.csv,20260425_204331
20210510-01,2021-05-10,2021,5,10,Mon,2,6,21,27,42,98,3,2,1,baseline.csv,20260425_204331
20210510-02,2021-05-10,2021,5,10,Mon,4,11,31,32,34,112,3,2,2,baseline.csv,20260425_204331
20210511-01,2021-05-11,2021,5,11,Tue,4,16,20,27,29,96,3,2,1,baseline.csv,20260425_204331
20210511-02,2021-05-11,2021,5,11,Tue,15,22,31,35,38,141,2,3,1,baseline.csv,20260425_204331
20210512-01,2021-05-12,2021,5,12,Wed,1,3,7,13,33,57,0,5,1,baseline.csv,20260425_204331
20210512-02,2021-05-12,2021,5,12,Wed,11,28,31,42,44,156,3,2,1,baseline.csv,20260425_204331
20210513-01,2021-05-13,2021,5,13,Thu,6,13,15,29,44,107,2,3,1,baseline.csv,20260425_204331
20210513-02,2021-05-13,2021,5,13,Thu,2,8,23,25,43,101,2,3,1,baseline.csv,20260425_204331
20210514-01,2021-05-14,2021,5,14,Fri,1,11,22,30,41,105,2,3,1,baseline.csv,20260425_204331
20210514-02,2021-05-14,2021,5,14,Fri,4,5,12,26,35,82,3,2,2,baseline.csv,20260425_204331
20210515-01,2021-05-15,2021,5,15,Sat,7,25,29,32,36,129,2,3,1,baseline.csv,20260425_204331
20210515-02,2021-05-15,2021,5,15,Sat,2,6,18,28,29,83,4,1,2,baseline.csv,20260425_204331
20210516-01,2021-05-16,2021,5,16,Sun,11,31,36,39,40,157,2,3,2,baseline.csv,20260425_204331
20210516-02,2021-05-16,2021,5,16,Sun,9,14,18,24,37,102,3,2,1,baseline.csv,20260425_204331
20210517-01,2021-05-17,2021,5,17,Mon,3,8,22,29,42,104,3,2,1,baseline.csv,20260425_204331
20210517-02,2021-05-17,2021,5,17,Mon,1,2,3,24,37,67,2,3,3,baseline.csv,20260425_204331
20210518-01,2021-05-18,2021,5,18,Tue,13,18,20,33,36,120,3,2,1,baseline.csv,20260425_204331
20210518-02,2021-05-18,2021,5,18,Tue,6,8,9,28,39,90,3,2,2,baseline.csv,20260425_204331
20210519-01,2021-05-19,2021,5,19,Wed,5,6,9,26,35,81,2,3,2,baseline.csv,20260425_204331
20210519-02,2021-05-19,2021,5,19,Wed,7,13,23,33,41,117,0,5,1,baseline.csv,20260425_204331
20210520-01,2021-05-20,2021,5,20,Thu,18,24,30,31,35,138,3,2,2,baseline.csv,20260425_204331
20210520-02,2021-05-20,2021,5,20,Thu,10,15,29,36,38,128,3,2,1,baseline.csv,20260425_204331
20210521-01,2021-05-21,2021,5,21,Fri,3,16,17,29,44,109,2,3,2,baseline.csv,20260425_204331
20210521-02,2021-05-21,2021,5,21,Fri,11,15,20,21,42,109,2,3,2,baseline.csv,20260425_204331
20210522-01,2021-05-22,2021,5,22,Sat,2,3,10,21,33,69,2,3,2,baseline.csv,20260425_204331
20210522-02,2021-05-22,2021,5,22,Sat,8,9,12,17,44,90,3,2,2,baseline.csv,20260425_204331
20210523-01,2021-05-23,2021,5,23,Sun,4,16,31,33,34,118,3,2,2,baseline.csv,20260425_204331
20210523-02,2021-05-23,2021,5,23,Sun,12,14,15,16,19,76,3,2,3,baseline.csv,20260425_204331
20210524-01,2021-05-24,2021,5,24,Mon,1,16,38,41,43,139,2,3,1,baseline.csv,20260425_204331
20210524-02,2021-05-24,2021,5,24,Mon,1,14,27,35,44,121,2,3,1,baseline.csv,20260425_204331
20210525-01,2021-05-25,2021,5,25,Tue,13,21,25,31,43,133,0,5,1,baseline.csv,20260425_204331
20210525-02,2021-05-25,2021,5,25,Tue,6,26,35,43,45,155,2,3,1,baseline.csv,20260425_204331
20210526-01,2021-05-26,2021,5,26,Wed,23,36,38,44,45,186,3,2,2,baseline.csv,20260425_204331
20210526-02,2021-05-26,2021,5,26,Wed,6,25,27,28,31,117,2,3,2,baseline.csv,20260425_204331
20210527-01,2021-05-27,2021,5,27,Thu,8,19,27,36,40,130,3,2,1,baseline.csv,20260425_204331
20210527-02,2021-05-27,2021,5,27,Thu,12,22,26,34,44,138,5,0,1,baseline.csv,20260425_204331
20210528-01,2021-05-28,2021,5,28,Fri,1,4,20,25,35,85,2,3,1,baseline.csv,20260425_204331
20210528-02,2021-05-28,2021,5,28,Fri,4,7,28,33,34,106,3,2,2,baseline.csv,20260425_204331
20210529-01,2021-05-29,2021,5,29,Sat,9,13,29,38,43,132,1,4,1,baseline.csv,20260425_204331
20210529-02,2021-05-29,2021,5,29,Sat,3,4,17,30,32,86,3,2,2,baseline.csv,20260425_204331
20210530-01,2021-05-30,2021,5,30,Sun,2,25,32,34,35,128,3,2,2,baseline.csv,20260425_204331
20210530-02,2021-05-30,2021,5,30,Sun,19,25,27,41,43,155,0,5,1,baseline.csv,20260425_204331
20210531-01,2021-05-31,2021,5,31,Mon,2,3,16,29,36,86,3,2,2,baseline.csv,20260425_204331
20210531-02,2021-05-31,2021,5,31,Mon,12,15,28,37,38,130,3,2,2,baseline.csv,20260425_204331
20210601-01,2021-06-01,2021,6,1,Tue,4,7,9,15,29,64,1,4,1,baseline.csv,20260425_204331
20210601-02,2021-06-01,2021,6,1,Tue,12,13,16,40,43,124,3,2,2,baseline.csv,20260425_204331
20210602-01,2021-06-02,2021,6,2,Wed,2,3,12,18,45,80,3,2,2,baseline.csv,20260425_204331
20210602-02,2021-06-02,2021,6,2,Wed,2,11,41,42,44,140,3,2,2,baseline.csv,20260425_204331
20210603-01,2021-06-03,2021,6,3,Thu,7,20,27,35,42,131,2,3,1,baseline.csv,20260425_204331
20210603-02,2021-06-03,2021,6,3,Thu,20,21,23,24,26,114,3,2,2,baseline.csv,20260425_204331
20210604-01,2021-06-04,2021,6,4,Fri,7,14,27,28,41,117,2,3,2,baseline.csv,20260425_204331
20210604-02,2021-06-04,2021,6,4,Fri,4,8,19,33,40,104,3,2,1,baseline.csv,20260425_204331
20210605-01,2021-06-05,2021,6,5,Sat,1,20,25,30,41,117,2,3,1,baseline.csv,20260425_204331
20210605-02,2021-06-05,2021,6,5,Sat,15,31,35,42,43,166,1,4,2,baseline.csv,20260425_204331
20210606-01,2021-06-06,2021,6,6,Sun,1,5,16,22,44,88,3,2,1,baseline.csv,20260425_204331
20210606-02,2021-06-06,2021,6,6,Sun,15,26,34,37,45,157,2,3,1,baseline.csv,20260425_204331
20210607-01,2021-06-07,2021,6,7,Mon,8,15,26,39,45,133,2,3,1,baseline.csv,20260425_204331
20210607-02,2021-06-07,2021,6,7,Mon,7,20,26,37,42,132,3,2,1,baseline.csv,20260425_204331
20210608-01,2021-06-08,2021,6,8,Tue,10,11,17,41,45,124,1,4,2,baseline.csv,20260425_204331
20210608-02,2021-06-08,2021,6,8,Tue,17,30,31,40,43,161,2,3,2,baseline.csv,20260425_204331
20210609-01,2021-06-09,2021,6,9,Wed,1,6,24,41,42,114,3,2,2,baseline.csv,20260425_204331
20210609-02,2021-06-09,2021,6,9,Wed,9,14,27,36,43,129,2,3,1,baseline.csv,20260425_204331
20210610-01,2021-06-10,2021,6,10,Thu,4,10,12,30,38,94,5,0,1,baseline.csv,20260425_204331
20210610-02,2021-06-10,2021,6,10,Thu,1,13,31,34,37,116,1,4,1,baseline.csv,20260425_204331
20210611-01,2021-06-11,2021,6,11,Fri,4,8,9,20,21,62,3,2,2,baseline.csv,20260425_204331
20210611-02,2021-06-11,2021,6,11,Fri,5,11,33,35,45,129,0,5,1,baseline.csv,20260425_204331
20210612-01,2021-06-12,2021,6,12,Sat,3,27,29,30,36,125,2,3,2,baseline.csv,20260425_204331
20210612-02,2021-06-12,2021,6,12,Sat,1,2,16,29,36,84,3,2,2,baseline.csv,20260425_204331
20210613-01,2021-06-13,2021,6,13,Sun,18,27,30,32,44,151,4,1,1,baseline.csv,20260425_204331
20210613-02,2021-06-13,2021,6,13,Sun,15,20,29,30,37,131,2,3,2,baseline.csv,20260425_204331
20210614-01,2021-06-14,2021,6,14,Mon,12,14,36,41,42,145,4,1,2,baseline.csv,20260425_204331
20210614-02,2021-06-14,2021,6,14,Mon,6,9,29,34,41,119,2,3,1,baseline.csv,20260425_204331
20210615-01,2021-06-15,2021,6,15,Tue,15,20,23,33,35,126,1,4,1,baseline.csv,20260425_204331
20210615-02,2021-06-15,2021,6,15,Tue,13,18,30,32,36,129,4,1,1,baseline.csv,20260425_204331
20210616-01,2021-06-16,2021,6,16,Wed,4,7,26,30,37,104,3,2,1,baseline.csv,20260425_204331
20210616-02,2021-06-16,2021,6,16,Wed,2,8,15,19,37,81,2,3,1,baseline.csv,20260425_204331
20210617-01,2021-06-17,2021,6,17,Thu,12,19,34,40,41,146,3,2,2,baseline.csv,20260425_204331
20210617-02,2021-06-17,2021,6,17,Thu,6,10,18,28,37,99,4,1,1,baseline.csv,20260425_204331
20210618-01,2021-06-18,2021,6,18,Fri,1,11,35,40,43,130,1,4,1,baseline.csv,20260425_204331
20210618-02,2021-06-18,2021,6,18,Fri,6,9,21,25,45,106,1,4,1,baseline.csv,20260425_204331
20210619-01,2021-06-19,2021,6,19,Sat,12,17,25,28,29,111,2,3,2,baseline.csv,20260425_204331
20210619-02,2021-06-19,2021,6,19,Sat,12,28,29,35,36,140,3,2,2,baseline.csv,20260425_204331
20210620-01,2021-06-20,2021,6,20,Sun,9,17,27,32,44,129,2,3,1,baseline.csv,20260425_204331
20210620-02,2021-06-20,2021,6,20,Sun,4,6,19,28,34,91,4,1,1,baseline.csv,20260425_204331
20210621-01,2021-06-21,2021,6,21,Mon,8,9,23,28,45,113,2,3,2,baseline.csv,20260425_204331
20210621-02,2021-06-21,2021,6,21,Mon,11,20,21,30,41,123,2,3,2,baseline.csv,20260425_204331
20210622-01,2021-06-22,2021,6,22,Tue,4,11,12,13,39,79,2,3,3,baseline.csv,20260425_204331
20210622-02,2021-06-22,2021,6,22,Tue,5,9,14,26,33,87,2,3,1,baseline.csv,20260425_204331
20210623-01,2021-06-23,2021,6,23,Wed,3,9,19,31,40,102,1,4,1,baseline.csv,20260425_204331
20210623-02,2021-06-23,2021,6,23,Wed,3,31,43,44,45,166,1,4,3,baseline.csv,20260425_204331
20210624-01,2021-06-24,2021,6,24,Thu,1,13,14,23,26,77,2,3,2,baseline.csv,20260425_204331
20210624-02,2021-06-24,2021,6,24,Thu,10,19,36,38,40,143,4,1,1,baseline.csv,20260425_204331
20210625-01,2021-06-25,2021,6,25,Fri,4,13,16,20,32,85,4,1,1,baseline.csv,20260425_204331
20210625-02,2021-06-25,2021,6,25,Fri,1,6,13,18,45,83,2,3,1,baseline.csv,20260425_204331
20210626-01,2021-06-26,2021,6,26,Sat,38,39,41,42,43,203,2,3,3,baseline.csv,20260425_204331
20210626-02,2021-06-26,2021,6,26,Sat,4,6,11,25,39,85,2,3,1,baseline.csv,20260425_204331
20210627-01,2021-06-27,2021,6,27,Sun,9,33,35,36,45,158,1,4,2,baseline.csv,20260425_204331
20210627-02,2021-06-27,2021,6,27,Sun,1,3,19,24,27,74,1,4,1,baseline.csv,20260425_204331
20210628-01,2021-06-28,2021,6,28,Mon,4,16,17,29,45,111,2,3,2,baseline.csv,20260425_204331
20210628-02,2021-06-28,2021,6,28,Mon,4,25,26,33,45,133,2,3,2,baseline.csv,20260425_204331
20210629-01,2021-06-29,2021,6,29,Tue,1,9,29,34,38,111,2,3,1,baseline.csv,20260425_204331
20210629-02,2021-06-29,2021,6,29,Tue,2,11,13,28,45,99,2,3,1,baseline.csv,20260425_204331
20210630-01,2021-06-30,2021,6,30,Wed,5,6,9,22,35,77,2,3,2,baseline.csv,20260425_204331
20210630-02,2021-06-30,2021,6,30,Wed,5,7,29,39,40,120,1,4,2,baseline.csv,20260425_204331
20210701-01,2021-07-01,2021,7,1,Thu,6,12,25,29,41,113,2,3,1,baseline.csv,20260425_204331
20210701-02,2021-07-01,2021,7,1,Thu,1,25,34,41,45,146,1,4,1,baseline.csv,20260425_204331
20210702-01,2021-07-02,2021,7,2,Fri,22,28,32,42,45,169,4,1,1,baseline.csv,20260425_204331
20210702-02,2021-07-02,2021,7,2,Fri,5,9,17,20,34,85,2,3,1,baseline.csv,20260425_204331
20210703-01,2021-07-03,2021,7,3,Sat,9,19,25,33,36,122,1,4,1,baseline.csv,20260425_204331
20210703-02,2021-07-03,2021,7,3,Sat,2,14,15,23,43,97,2,3,2,baseline.csv,20260425_204331
20210704-01,2021-07-04,2021,7,4,Sun,1,3,8,24,35,71,2,3,1,baseline.csv,20260425_204331
20210704-02,2021-07-04,2021,7,4,Sun,5,17,19,21,40,102,1,4,1,baseline.csv,20260425_204331
20210705-01,2021-07-05,2021,7,5,Mon,12,16,27,30,45,130,3,2,1,baseline.csv,20260425_204331
20210705-02,2021-07-05,2021,7,5,Mon,14,16,27,38,45,140,3,2,1,baseline.csv,20260425_204331
20210706-01,2021-07-06,2021,7,6,Tue,21,23,32,42,45,163,2,3,1,baseline.csv,20260425_204331
20210706-02,2021-07-06,2021,7,6,Tue,2,4,26,30,34,96,5,0,1,baseline.csv,20260425_204331
20210707-01,2021-07-07,2021,7,7,Wed,4,24,28,30,43,129,4,1,1,baseline.csv,20260425_204331
20210707-02,2021-07-07,2021,7,7,Wed,1,13,17,33,37,101,0,5,1,baseline.csv,20260425_204331
20210708-01,2021-07-08,2021,7,8,Thu,3,9,18,27,35,92,1,4,1,baseline.csv,20260425_204331
20210708-02,2021-07-08,2021,7,8,Thu,18,27,28,36,43,152,3,2,2,baseline.csv,20260425_204331
20210709-01,2021-07-09,2021,7,9,Fri,9,14,24,38,43,128,3,2,1,baseline.csv,20260425_204331
20210709-02,2021-07-09,2021,7,9,Fri,11,14,20,27,36,108,3,2,1,baseline.csv,20260425_204331
20210710-01,2021-07-10,2021,7,10,Sat,5,12,18,24,42,101,4,1,1,baseline.csv,20260425_204331
20210710-02,2021-07-10,2021,7,10,Sat,11,13,15,20,22,81,2,3,1,baseline.csv,20260425_204331
20210711-01,2021-07-11,2021,7,11,Sun,5,12,20,25,26,88,3,2,2,baseline.csv,20260425_204331
20210711-02,2021-07-11,2021,7,11,Sun,5,12,17,18,31,83,2,3,2,baseline.csv,20260425_204331
20210712-01,2021-07-12,2021,7,12,Mon,3,15,32,34,39,123,2,3,1,baseline.csv,20260425_204331
20210712-02,2021-07-12,2021,7,12,Mon,10,24,29,32,41,136,3,2,1,baseline.csv,20260425_204331
20210713-01,2021-07-13,2021,7,13,Tue,9,18,28,29,32,116,3,2,2,baseline.csv,20260425_204331
20210713-02,2021-07-13,2021,7,13,Tue,2,6,8,23,35,74,3,2,1,baseline.csv,20260425_204331
20210714-01,2021-07-14,2021,7,14,Wed,13,19,28,36,41,137,2,3,1,baseline.csv,20260425_204331
20210714-02,2021-07-14,2021,7,14,Wed,15,24,25,39,41,144,1,4,2,baseline.csv,20260425_204331
20210715-01,2021-07-15,2021,7,15,Thu,4,5,27,31,41,108,1,4,2,baseline.csv,20260425_204331
20210715-02,2021-07-15,2021,7,15,Thu,9,15,16,33,45,118,1,4,2,baseline.csv,20260425_204331
20210716-01,2021-07-16,2021,7,16,Fri,11,12,15,32,38,108,3,2,2,baseline.csv,20260425_204331
20210716-02,2021-07-16,2021,7,16,Fri,1,23,28,33,43,128,1,4,1,baseline.csv,20260425_204331
20210717-01,2021-07-17,2021,7,17,Sat,1,16,24,30,31,102,3,2,2,baseline.csv,20260425_204331
20210717-02,2021-07-17,2021,7,17,Sat,9,11,35,40,42,137,2,3,1,baseline.csv,20260425_204331
20210718-01,2021-07-18,2021,7,18,Sun,4,5,9,19,29,66,1,4,2,baseline.csv,20260425_204331
20210718-02,2021-07-18,2021,7,18,Sun,11,16,21,42,43,133,2,3,2,baseline.csv,20260425_204331
20210719-01,2021-07-19,2021,7,19,Mon,3,15,22,30,44,114,3,2,1,baseline.csv,20260425_204331
20210719-02,2021-07-19,2021,7,19,Mon,11,18,21,25,40,115,2,3,1,baseline.csv,20260425_204331
20210720-01,2021-07-20,2021,7,20,Tue,2,3,10,18,25,58,3,2,2,baseline.csv,20260425_204331
20210720-02,2021-07-20,2021,7,20,Tue,4,6,8,15,40,73,4,1,1,baseline.csv,20260425_204331
20210721-01,2021-07-21,2021,7,21,Wed,9,12,20,28,45,114,3,2,1,baseline.csv,20260425_204331
20210721-02,2021-07-21,2021,7,21,Wed,5,7,9,30,39,90,1,4,1,baseline.csv,20260425_204331
20210722-01,2021-07-22,2021,7,22,Thu,6,21,36,38,39,140,3,2,2,baseline.csv,20260425_204331
20210722-02,2021-07-22,2021,7,22,Thu,1,14,19,28,32,94,3,2,1,baseline.csv,20260425_204331
20210723-01,2021-07-23,2021,7,23,Fri,7,31,35,36,43,152,1,4,2,baseline.csv,20260425_204331
20210723-02,2021-07-23,2021,7,23,Fri,4,6,21,31,43,105,2,3,1,baseline.csv,20260425_204331
20210724-01,2021-07-24,2021,7,24,Sat,6,7,11,25,37,86,1,4,2,baseline.csv,20260425_204331
20210724-02,2021-07-24,2021,7,24,Sat,4,22,24,31,45,126,3,2,1,baseline.csv,20260425_204331
20210725-01,2021-07-25,2021,7,25,Sun,4,14,23,32,34,107,4,1,1,baseline.csv,20260425_204331
20210725-02,2021-07-25,2021,7,25,Sun,6,12,16,33,43,110,3,2,1,baseline.csv,20260425_204331
20210726-01,2021-07-26,2021,7,26,Mon,15,24,29,30,35,133,2,3,2,baseline.csv,20260425_204331
20210726-02,2021-07-26,2021,7,26,Mon,16,20,23,28,39,126,3,2,1,baseline.csv,20260425_204331
20210727-01,2021-07-27,2021,7,27,Tue,8,10,13,31,43,105,2,3,1,baseline.csv,20260425_204331
20210727-02,2021-07-27,2021,7,27,Tue,10,17,25,40,43,135,2,3,1,baseline.csv,20260425_204331
20210728-01,2021-07-28,2021,7,28,Wed,11,18,29,35,43,136,1,4,1,baseline.csv,20260425_204331
20210728-02,2021-07-28,2021,7,28,Wed,19,20,41,43,44,167,2,3,2,baseline.csv,20260425_204331
20210729-01,2021-07-29,2021,7,29,Thu,12,14,15,39,40,120,3,2,2,baseline.csv,20260425_204331
20210729-02,2021-07-29,2021,7,29,Thu,23,24,27,30,34,138,3,2,2,baseline.csv,20260425_204331
20210730-01,2021-07-30,2021,7,30,Fri,5,10,30,43,44,132,3,2,2,baseline.csv,20260425_204331
20210730-02,2021-07-30,2021,7,30,Fri,5,25,27,28,43,128,1,4,2,baseline.csv,20260425_204331
20210731-01,2021-07-31,2021,7,31,Sat,9,34,36,43,45,167,2,3,1,baseline.csv,20260425_204331
20210731-02,2021-07-31,2021,7,31,Sat,5,8,20,29,32,94,3,2,1,baseline.csv,20260425_204331
20210801-01,2021-08-01,2021,8,1,Sun,1,7,29,33,40,110,1,4,1,baseline.csv,20260425_204331
20210801-02,2021-08-01,2021,8,1,Sun,23,29,34,40,41,167,2,3,2,baseline.csv,20260425_204331
20210802-01,2021-08-02,2021,8,2,Mon,11,21,22,35,45,134,1,4,2,baseline.csv,20260425_204331
20210802-02,2021-08-02,2021,8,2,Mon,5,11,13,16,35,80,1,4,1,baseline.csv,20260425_204331
20210803-01,2021-08-03,2021,8,3,Tue,4,16,26,35,38,119,4,1,1,baseline.csv,20260425_204331
20210803-02,2021-08-03,2021,8,3,Tue,5,23,26,28,44,126,3,2,1,baseline.csv,20260425_204331
20210804-01,2021-08-04,2021,8,4,Wed,13,14,26,28,45,126,3,2,2,baseline.csv,20260425_204331
20210804-02,2021-08-04,2021,8,4,Wed,6,7,32,39,42,126,3,2,2,baseline.csv,20260425_204331
20210805-01,2021-08-05,2021,8,5,Thu,26,27,29,33,35,150,1,4,2,baseline.csv,20260425_204331
20210805-02,2021-08-05,2021,8,5,Thu,15,18,35,36,42,146,3,2,2,baseline.csv,20260425_204331
20210806-01,2021-08-06,2021,8,6,Fri,5,19,31,37,45,137,0,5,1,baseline.csv,20260425_204331
20210806-02,2021-08-06,2021,8,6,Fri,13,16,40,41,44,154,3,2,2,baseline.csv,20260425_204331
20210807-01,2021-08-07,2021,8,7,Sat,13,17,28,38,41,137,2,3,1,baseline.csv,20260425_204331
20210807-02,2021-08-07,2021,8,7,Sat,12,17,26,34,45,134,3,2,1,baseline.csv,20260425_204331
20210808-01,2021-08-08,2021,8,8,Sun,1,3,10,24,30,68,3,2,1,baseline.csv,20260425_204331
20210808-02,2021-08-08,2021,8,8,Sun,5,10,13,33,36,97,2,3,1,baseline.csv,20260425_204331
20210809-01,2021-08-09,2021,8,9,Mon,6,13,26,27,31,103,2,3,2,baseline.csv,20260425_204331
20210809-02,2021-08-09,2021,8,9,Mon,15,24,28,36,38,141,4,1,1,baseline.csv,20260425_204331
20210810-01,2021-08-10,2021,8,10,Tue,6,11,21,32,36,106,3,2,1,baseline.csv,20260425_204331
20210810-02,2021-08-10,2021,8,10,Tue,5,6,8,26,45,90,3,2,2,baseline.csv,20260425_204331
20210811-01,2021-08-11,2021,8,11,Wed,7,13,32,36,44,132,3,2,1,baseline.csv,20260425_204331
20210811-02,2021-08-11,2021,8,11,Wed,1,10,13,16,27,67,2,3,1,baseline.csv,20260425_204331
20210812-01,2021-08-12,2021,8,12,Thu,13,20,25,28,30,116,3,2,1,baseline.csv,20260425_204331
20210812-02,2021-08-12,2021,8,12,Thu,8,11,32,33,36,120,3,2,2,baseline.csv,20260425_204331
20210813-01,2021-08-13,2021,8,13,Fri,12,18,20,26,37,113,4,1,1,baseline.csv,20260425_204331
20210813-02,2021-08-13,2021,8,13,Fri,2,4,6,10,36,58,5,0,1,baseline.csv,20260425_204331
20210814-01,2021-08-14,2021,8,14,Sat,8,14,23,30,41,116,3,2,1,baseline.csv,20260425_204331
20210814-02,2021-08-14,2021,8,14,Sat,11,29,30,32,40,142,3,2,2,baseline.csv,20260425_204331
20210815-01,2021-08-15,2021,8,15,Sun,2,10,17,39,45,113,2,3,1,baseline.csv,20260425_204331
20210815-02,2021-08-15,2021,8,15,Sun,8,14,31,32,42,127,4,1,2,baseline.csv,20260425_204331
20210816-01,2021-08-16,2021,8,16,Mon,5,7,23,28,40,103,2,3,1,baseline.csv,20260425_204331
20210816-02,2021-08-16,2021,8,16,Mon,10,20,21,26,44,121,4,1,2,baseline.csv,20260425_204331
20210817-01,2021-08-17,2021,8,17,Tue,3,15,17,31,42,108,1,4,1,baseline.csv,20260425_204331
20210817-02,2021-08-17,2021,8,17,Tue,2,17,25,28,40,112,3,2,1,baseline.csv,20260425_204331
20210818-01,2021-08-18,2021,8,18,Wed,3,4,10,16,40,73,4,1,2,baseline.csv,20260425_204331
20210818-02,2021-08-18,2021,8,18,Wed,2,9,15,21,25,72,1,4,1,baseline.csv,20260425_204331
20210819-01,2021-08-19,2021,8,19,Thu,13,14,23,24,26,100,3,2,2,baseline.csv,20260425_204331
20210819-02,2021-08-19,2021,8,19,Thu,5,15,17,23,30,90,1,4,1,baseline.csv,20260425_204331
20210820-01,2021-08-20,2021,8,20,Fri,5,23,24,25,41,118,1,4,3,baseline.csv,20260425_204331
20210820-02,2021-08-20,2021,8,20,Fri,10,13,37,39,40,139,2,3,2,baseline.csv,20260425_204331
20210821-01,2021-08-21,2021,8,21,Sat,10,18,28,30,38,124,5,0,1,baseline.csv,20260425_204331
20210821-02,2021-08-21,2021,8,21,Sat,2,5,30,37,41,115,2,3,1,baseline.csv,20260425_204331
20210822-01,2021-08-22,2021,8,22,Sun,5,7,22,36,40,110,3,2,1,baseline.csv,20260425_204331
20210822-02,2021-08-22,2021,8,22,Sun,8,29,34,42,45,158,3,2,1,baseline.csv,20260425_204331
20210823-01,2021-08-23,2021,8,23,Mon,6,16,34,38,44,138,5,0,1,baseline.csv,20260425_204331
20210823-02,2021-08-23,2021,8,23,Mon,6,10,13,25,32,86,3,2,1,baseline.csv,20260425_204331
20210824-01,2021-08-24,2021,8,24,Tue,18,20,21,35,36,130,3,2,2,baseline.csv,20260425_204331
20210824-02,2021-08-24,2021,8,24,Tue,1,16,33,39,45,134,1,4,1,baseline.csv,20260425_204331
20210825-01,2021-08-25,2021,8,25,Wed,9,10,20,22,45,106,3,2,2,baseline.csv,20260425_204331
20210825-02,2021-08-25,2021,8,25,Wed,28,33,35,41,42,179,2,3,2,baseline.csv,20260425_204331
20210826-01,2021-08-26,2021,8,26,Thu,11,12,17,33,38,111,2,3,2,baseline.csv,20260425_204331
20210826-02,2021-08-26,2021,8,26,Thu,7,8,9,12,22,58,3,2,3,baseline.csv,20260425_204331
20210827-01,2021-08-27,2021,8,27,Fri,11,21,26,34,42,134,3,2,1,baseline.csv,20260425_204331
20210827-02,2021-08-27,2021,8,27,Fri,14,16,18,37,40,125,4,1,1,baseline.csv,20260425_204331
20210828-01,2021-08-28,2021,8,28,Sat,2,7,10,38,39,96,3,2,2,baseline.csv,20260425_204331
20210828-02,2021-08-28,2021,8,28,Sat,4,11,22,24,40,101,4,1,1,baseline.csv,20260425_204331
20210829-01,2021-08-29,2021,8,29,Sun,6,9,24,38,44,121,4,1,1,baseline.csv,20260425_204331
20210829-02,2021-08-29,2021,8,29,Sun,11,17,21,36,40,125,2,3,1,baseline.csv,20260425_204331
20210830-01,2021-08-30,2021,8,30,Mon,1,31,33,34,37,136,1,4,2,baseline.csv,20260425_204331
20210830-02,2021-08-30,2021,8,30,Mon,10,24,38,41,42,155,4,1,2,baseline.csv,20260425_204331
20210831-01,2021-08-31,2021,8,31,Tue,6,13,37,38,42,136,3,2,2,baseline.csv,20260425_204331
20210831-02,2021-08-31,2021,8,31,Tue,9,21,28,41,42,141,2,3,2,baseline.csv,20260425_204331
20210901-01,2021-09-01,2021,9,1,Wed,3,13,24,28,30,98,3,2,1,baseline.csv,20260425_204331
20210901-02,2021-09-01,2021,9,1,Wed,5,6,7,15,45,78,1,4,3,baseline.csv,20260425_204331
20210902-01,2021-09-02,2021,9,2,Thu,2,36,39,42,45,164,3,2,1,baseline.csv,20260425_204331
20210902-02,2021-09-02,2021,9,2,Thu,16,20,22,28,32,118,5,0,1,baseline.csv,20260425_204331
20210903-01,2021-09-03,2021,9,3,Fri,1,9,34,36,38,118,3,2,1,baseline.csv,20260425_204331
20210903-02,2021-09-03,2021,9,3,Fri,20,25,26,33,41,145,2,3,2,baseline.csv,20260425_204331
20210904-01,2021-09-04,2021,9,4,Sat,12,16,30,35,37,130,3,2,1,baseline.csv,20260425_204331
20210904-02,2021-09-04,2021,9,4,Sat,13,14,15,25,45,112,1,4,3,baseline.csv,20260425_204331
20210905-01,2021-09-05,2021,9,5,Sun,3,8,11,30,39,91,2,3,1,baseline.csv,20260425_204331
20210905-02,2021-09-05,2021,9,5,Sun,8,31,32,42,43,156,3,2,2,baseline.csv,20260425_204331
20210906-01,2021-09-06,2021,9,6,Mon,1,13,24,36,41,115,2,3,1,baseline.csv,20260425_204331
20210906-02,2021-09-06,2021,9,6,Mon,3,4,6,8,42,63,4,1,2,baseline.csv,20260425_204331
20210907-01,2021-09-07,2021,9,7,Tue,3,15,21,41,44,124,1,4,1,baseline.csv,20260425_204331
20210907-02,2021-09-07,2021,9,7,Tue,1,9,17,29,30,86,1,4,2,baseline.csv,20260425_204331
20210908-01,2021-09-08,2021,9,8,Wed,9,11,25,26,45,116,1,4,2,baseline.csv,20260425_204331
20210908-02,2021-09-08,2021,9,8,Wed,16,21,22,24,44,127,4,1,2,baseline.csv,20260425_204331
20210909-01,2021-09-09,2021,9,9,Thu,5,11,15,24,31,86,1,4,1,baseline.csv,20260425_204331
20210909-02,2021-09-09,2021,9,9,Thu,6,20,27,38,40,131,4,1,1,baseline.csv,20260425_204331
20210910-01,2021-09-10,2021,9,10,Fri,4,15,20,35,38,112,3,2,1,baseline.csv,20260425_204331
20210910-02,2021-09-10,2021,9,10,Fri,14,22,25,32,35,128,3,2,1,baseline.csv,20260425_204331
20210911-01,2021-09-11,2021,9,11,Sat,8,12,16,20,43,99,4,1,1,baseline.csv,20260425_204331
20210911-02,2021-09-11,2021,9,11,Sat,7,12,26,44,45,134,3,2,2,baseline.csv,20260425_204331
20210912-01,2021-09-12,2021,9,12,Sun,7,14,23,29,39,112,1,4,1,baseline.csv,20260425_204331
20210912-02,2021-09-12,2021,9,12,Sun,9,13,22,30,33,107,2,3,1,baseline.csv,20260425_204331
20210913-01,2021-09-13,2021,9,13,Mon,7,12,15,24,36,94,3,2,1,baseline.csv,20260425_204331
20210913-02,2021-09-13,2021,9,13,Mon,8,15,32,38,44,137,4,1,1,baseline.csv,20260425_204331
20210914-01,2021-09-14,2021,9,14,Tue,1,7,17,22,26,73,2,3,1,baseline.csv,20260425_204331
20210914-02,2021-09-14,2021,9,14,Tue,9,11,15,23,45,103,0,5,1,baseline.csv,20260425_204331
20210915-01,2021-09-15,2021,9,15,Wed,27,33,35,37,40,172,1,4,1,baseline.csv,20260425_204331
20210915-02,2021-09-15,2021,9,15,Wed,19,25,27,31,32,134,1,4,2,baseline.csv,20260425_204331
20210916-01,2021-09-16,2021,9,16,Thu,9,18,20,27,35,109,2,3,1,baseline.csv,20260425_204331
20210916-02,2021-09-16,2021,9,16,Thu,3,9,31,42,44,129,2,3,1,baseline.csv,20260425_204331
20210917-01,2021-09-17,2021,9,17,Fri,20,21,25,32,33,131,2,3,2,baseline.csv,20260425_204331
20210917-02,2021-09-17,2021,9,17,Fri,4,6,15,28,39,92,3,2,1,baseline.csv,20260425_204331
20210918-01,2021-09-18,2021,9,18,Sat,20,23,28,40,42,153,4,1,1,baseline.csv,20260425_204331
20210918-02,2021-09-18,2021,9,18,Sat,28,31,35,36,45,175,2,3,2,baseline.csv,20260425_204331
20210919-01,2021-09-19,2021,9,19,Sun,14,33,41,43,45,176,1,4,1,baseline.csv,20260425_204331
20210919-02,2021-09-19,2021,9,19,Sun,15,22,35,36,37,145,2,3,3,baseline.csv,20260425_204331
20210920-01,2021-09-20,2021,9,20,Mon,1,5,7,10,12,35,2,3,1,baseline.csv,20260425_204331
20210920-02,2021-09-20,2021,9,20,Mon,18,28,34,35,38,153,4,1,2,baseline.csv,20260425_204331
20210921-01,2021-09-21,2021,9,21,Tue,8,22,31,35,37,133,2,3,1,baseline.csv,20260425_204331
20210921-02,2021-09-21,2021,9,21,Tue,6,22,23,26,42,119,4,1,2,baseline.csv,20260425_204331
20210922-01,2021-09-22,2021,9,22,Wed,3,24,30,32,37,126,3,2,1,baseline.csv,20260425_204331
20210922-02,2021-09-22,2021,9,22,Wed,6,12,13,29,37,97,2,3,2,baseline.csv,20260425_204331
20210923-01,2021-09-23,2021,9,23,Thu,3,12,16,20,38,89,4,1,1,baseline.csv,20260425_204331
20210923-02,2021-09-23,2021,9,23,Thu,3,12,19,23,37,94,1,4,1,baseline.csv,20260425_204331
20210924-01,2021-09-24,2021,9,24,Fri,3,19,22,41,45,130,1,4,1,baseline.csv,20260425_204331
20210924-02,2021-09-24,2021,9,24,Fri,8,17,18,34,44,121,4,1,2,baseline.csv,20260425_204331
20210925-01,2021-09-25,2021,9,25,Sat,10,19,28,39,43,139,2,3,1,baseline.csv,20260425_204331
20210925-02,2021-09-25,2021,9,25,Sat,4,24,31,33,43,135,2,3,1,baseline.csv,20260425_204331
20210926-01,2021-09-26,2021,9,26,Sun,10,15,19,40,45,129,2,3,1,baseline.csv,20260425_204331
20210926-02,2021-09-26,2021,9,26,Sun,8,14,20,27,39,108,3,2,1,baseline.csv,20260425_204331
20210927-01,2021-09-27,2021,9,27,Mon,10,19,25,26,30,110,3,2,2,baseline.csv,20260425_204331
20210927-02,2021-09-27,2021,9,27,Mon,10,14,15,32,35,106,3,2,2,baseline.csv,20260425_204331
20210928-01,2021-09-28,2021,9,28,Tue,2,15,23,32,37,109,2,3,1,baseline.csv,20260425_204331
20210928-02,2021-09-28,2021,9,28,Tue,13,25,33,36,38,145,2,3,1,baseline.csv,20260425_204331
20210929-01,2021-09-29,2021,9,29,Wed,1,4,12,26,44,87,4,1,1,baseline.csv,20260425_204331
20210929-02,2021-09-29,2021,9,29,Wed,13,20,22,31,44,130,3,2,1,baseline.csv,20260425_204331
20210930-01,2021-09-30,2021,9,30,Thu,16,23,36,38,43,156,3,2,1,baseline.csv,20260425_204331
20210930-02,2021-09-30,2021,9,30,Thu,8,14,18,25,42,107,4,1,1,baseline.csv,20260425_204331
20211001-01,2021-10-01,2021,10,1,Fri,10,13,36,40,43,142,3,2,1,baseline.csv,20260425_204331
20211001-02,2021-10-01,2021,10,1,Fri,6,14,23,27,36,106,3,2,1,baseline.csv,20260425_204331
20211002-01,2021-10-02,2021,10,2,Sat,2,13,15,30,44,104,3,2,1,baseline.csv,20260425_204331
20211002-02,2021-10-02,2021,10,2,Sat,7,27,32,39,44,149,2,3,1,baseline.csv,20260425_204331
20211003-01,2021-10-03,2021,10,3,Sun,15,18,35,36,42,146,3,2,2,baseline.csv,20260425_204331
20211003-02,2021-10-03,2021,10,3,Sun,17,19,23,33,44,136,1,4,1,baseline.csv,20260425_204331
20211004-01,2021-10-04,2021,10,4,Mon,6,9,10,14,32,71,4,1,2,baseline.csv,20260425_204331
20211004-02,2021-10-04,2021,10,4,Mon,5,7,14,30,43,99,2,3,1,baseline.csv,20260425_204331
20211005-01,2021-10-05,2021,10,5,Tue,7,9,16,30,44,106,3,2,1,baseline.csv,20260425_204331
20211005-02,2021-10-05,2021,10,5,Tue,22,25,26,38,39,150,3,2,2,baseline.csv,20260425_204331
20211006-01,2021-10-06,2021,10,6,Wed,3,16,31,39,42,131,2,3,1,baseline.csv,20260425_204331
20211006-02,2021-10-06,2021,10,6,Wed,11,13,18,24,37,103,2,3,1,baseline.csv,20260425_204331
20211007-01,2021-10-07,2021,10,7,Thu,9,15,20,24,30,98,3,2,1,baseline.csv,20260425_204331
20211007-02,2021-10-07,2021,10,7,Thu,6,9,27,28,44,114,3,2,2,baseline.csv,20260425_204331
20211008-01,2021-10-08,2021,10,8,Fri,13,17,34,41,43,148,1,4,1,baseline.csv,20260425_204331
20211008-02,2021-10-08,2021,10,8,Fri,1,2,15,29,36,83,2,3,2,baseline.csv,20260425_204331
20211009-01,2021-10-09,2021,10,9,Sat,15,21,23,39,45,143,0,5,1,baseline.csv,20260425_204331
20211009-02,2021-10-09,2021,10,9,Sat,8,14,26,40,41,129,4,1,2,baseline.csv,20260425_204331
20211010-01,2021-10-10,2021,10,10,Sun,14,23,27,36,39,139,2,3,1,baseline.csv,20260425_204331
20211010-02,2021-10-10,2021,10,10,Sun,4,5,7,12,22,50,3,2,2,baseline.csv,20260425_204331
20211011-01,2021-10-11,2021,10,11,Mon,6,9,20,21,43,99,2,3,2,baseline.csv,20260425_204331
20211011-02,2021-10-11,2021,10,11,Mon,5,18,23,26,42,114,3,2,1,baseline.csv,20260425_204331
20211012-01,2021-10-12,2021,10,12,Tue,1,22,31,32,41,127,2,3,2,baseline.csv,20260425_204331
20211012-02,2021-10-12,2021,10,12,Tue,10,20,33,38,45,146,3,2,1,baseline.csv,20260425_204331
20211013-01,2021-10-13,2021,10,13,Wed,7,9,39,40,41,136,1,4,3,baseline.csv,20260425_204331
20211013-02,2021-10-13,2021,10,13,Wed,14,28,35,39,45,161,2,3,1,baseline.csv,20260425_204331
20211014-01,2021-10-14,2021,10,14,Thu,1,15,27,34,43,120,1,4,1,baseline.csv,20260425_204331
20211014-02,2021-10-14,2021,10,14,Thu,8,14,18,32,37,109,4,1,1,baseline.csv,20260425_204331
20211015-01,2021-10-15,2021,10,15,Fri,11,20,25,30,31,117,2,3,2,baseline.csv,20260425_204331
20211015-02,2021-10-15,2021,10,15,Fri,2,10,11,37,45,105,2,3,2,baseline.csv,20260425_204331
20211016-01,2021-10-16,2021,10,16,Sat,6,21,34,36,45,142,3,2,1,baseline.csv,20260425_204331
20211016-02,2021-10-16,2021,10,16,Sat,7,26,32,38,42,145,4,1,1,baseline.csv,20260425_204331
20211017-01,2021-10-17,2021,10,17,Sun,8,10,21,24,29,92,3,2,1,baseline.csv,20260425_204331
20211017-02,2021-10-17,2021,10,17,Sun,6,18,30,44,45,143,4,1,2,baseline.csv,20260425_204331
20211018-01,2021-10-18,2021,10,18,Mon,4,9,10,18,44,85,4,1,2,baseline.csv,20260425_204331
20211018-02,2021-10-18,2021,10,18,Mon,8,17,20,31,45,121,2,3,1,baseline.csv,20260425_204331
20211019-01,2021-10-19,2021,10,19,Tue,9,15,18,40,42,124,3,2,1,baseline.csv,20260425_204331
20211019-02,2021-10-19,2021,10,19,Tue,3,4,24,33,44,108,3,2,2,baseline.csv,20260425_204331
20211020-01,2021-10-20,2021,10,20,Wed,6,7,23,26,32,94,3,2,2,baseline.csv,20260425_204331
20211020-02,2021-10-20,2021,10,20,Wed,10,13,30,36,40,129,4,1,1,baseline.csv,20260425_204331
20211021-01,2021-10-21,2021,10,21,Thu,21,27,28,41,44,161,2,3,2,baseline.csv,20260425_204331
20211021-02,2021-10-21,2021,10,21,Thu,7,20,23,43,44,137,2,3,2,baseline.csv,20260425_204331
20211022-01,2021-10-22,2021,10,22,Fri,14,15,18,30,35,112,3,2,2,baseline.csv,20260425_204331
20211022-02,2021-10-22,2021,10,22,Fri,16,20,25,29,41,131,2,3,1,baseline.csv,20260425_204331
20211023-01,2021-10-23,2021,10,23,Sat,3,12,21,32,41,109,2,3,1,baseline.csv,20260425_204331
20211023-02,2021-10-23,2021,10,23,Sat,5,7,29,32,35,108,1,4,1,baseline.csv,20260425_204331
20211024-01,2021-10-24,2021,10,24,Sun,1,2,14,32,37,86,3,2,2,baseline.csv,20260425_204331
20211024-02,2021-10-24,2021,10,24,Sun,9,16,31,36,44,136,3,2,1,baseline.csv,20260425_204331
20211025-01,2021-10-25,2021,10,25,Mon,6,12,35,38,40,131,4,1,1,baseline.csv,20260425_204331
20211025-02,2021-10-25,2021,10,25,Mon,6,12,15,21,44,98,3,2,1,baseline.csv,20260425_204331
20211026-01,2021-10-26,2021,10,26,Tue,9,14,29,31,44,127,2,3,1,baseline.csv,20260425_204331
20211026-02,2021-10-26,2021,10,26,Tue,20,23,25,29,40,137,2,3,1,baseline.csv,20260425_204331
20211027-01,2021-10-27,2021,10,27,Wed,10,11,17,44,45,127,2,3,2,baseline.csv,20260425_204331
20211027-02,2021-10-27,2021,10,27,Wed,9,13,20,22,33,97,2,3,1,baseline.csv,20260425_204331
20211028-01,2021-10-28,2021,10,28,Thu,3,8,21,22,27,81,2,3,2,baseline.csv,20260425_204331
20211028-02,2021-10-28,2021,10,28,Thu,12,29,32,36,43,152,3,2,1,baseline.csv,20260425_204331
20211029-01,2021-10-29,2021,10,29,Fri,18,24,34,39,45,160,3,2,1,baseline.csv,20260425_204331
20211029-02,2021-10-29,2021,10,29,Fri,3,12,14,27,32,88,3,2,1,baseline.csv,20260425_204331
20211030-01,2021-10-30,2021,10,30,Sat,11,16,31,35,45,138,1,4,1,baseline.csv,20260425_204331
20211030-02,2021-10-30,2021,10,30,Sat,3,6,10,14,33,66,3,2,1,baseline.csv,20260425_204331
20211031-01,2021-10-31,2021,10,31,Sun,1,2,22,30,41,96,3,2,2,baseline.csv,20260425_204331
20211031-02,2021-10-31,2021,10,31,Sun,6,10,22,26,43,107,4,1,1,baseline.csv,20260425_204331
20211101-01,2021-11-01,2021,11,1,Mon,8,22,33,40,45,148,3,2,1,baseline.csv,20260425_204331
20211101-02,2021-11-01,2021,11,1,Mon,5,6,36,39,42,128,3,2,2,baseline.csv,20260425_204331
20211102-01,2021-11-02,2021,11,2,Tue,8,13,21,37,43,122,1,4,1,baseline.csv,20260425_204331
20211102-02,2021-11-02,2021,11,2,Tue,9,12,13,17,24,75,2,3,2,baseline.csv,20260425_204331
20211103-01,2021-11-03,2021,11,3,Wed,6,7,30,34,42,119,4,1,2,baseline.csv,20260425_204331
20211103-02,2021-11-03,2021,11,3,Wed,9,14,16,31,34,104,3,2,1,baseline.csv,20260425_204331
20211104-01,2021-11-04,2021,11,4,Thu,13,14,21,43,45,136,1,4,2,baseline.csv,20260425_204331
20211104-02,2021-11-04,2021,11,4,Thu,2,4,7,20,32,65,4,1,1,baseline.csv,20260425_204331
20211105-01,2021-11-05,2021,11,5,Fri,5,12,17,40,41,115,2,3,2,baseline.csv,20260425_204331
20211105-02,2021-11-05,2021,11,5,Fri,14,27,32,38,43,154,3,2,1,baseline.csv,20260425_204331
20211106-01,2021-11-06,2021,11,6,Sat,10,13,24,30,42,119,4,1,1,baseline.csv,20260425_204331
20211106-02,2021-11-06,2021,11,6,Sat,1,6,8,34,43,92,3,2,1,baseline.csv,20260425_204331
20211107-01,2021-11-07,2021,11,7,Sun,7,9,13,31,37,97,0,5,1,baseline.csv,20260425_204331
20211107-02,2021-11-07,2021,11,7,Sun,2,5,36,38,45,126,3,2,1,baseline.csv,20260425_204331
20211108-01,2021-11-08,2021,11,8,Mon,2,10,22,27,44,105,4,1,1,baseline.csv,20260425_204331
20211108-02,2021-11-08,2021,11,8,Mon,4,14,27,31,39,115,2,3,1,baseline.csv,20260425_204331
20211109-01,2021-11-09,2021,11,9,Tue,3,8,16,22,37,86,3,2,1,baseline.csv,20260425_204331
20211109-02,2021-11-09,2021,11,9,Tue,27,28,31,34,45,165,2,3,2,baseline.csv,20260425_204331
20211110-01,2021-11-10,2021,11,10,Wed,4,10,19,37,44,114,3,2,1,baseline.csv,20260425_204331
20211110-02,2021-11-10,2021,11,10,Wed,2,25,30,42,45,144,3,2,1,baseline.csv,20260425_204331
20211111-01,2021-11-11,2021,11,11,Thu,10,15,27,32,42,126,3,2,1,baseline.csv,20260425_204331
20211111-02,2021-11-11,2021,11,11,Thu,3,16,27,30,32,108,3,2,1,baseline.csv,20260425_204331
20211112-01,2021-11-12,2021,11,12,Fri,2,3,6,11,34,56,3,2,2,baseline.csv,20260425_204331
20211112-02,2021-11-12,2021,11,12,Fri,21,31,33,34,43,162,1,4,2,baseline.csv,20260425_204331
20211113-01,2021-11-13,2021,11,13,Sat,22,25,32,33,35,147,2,3,2,baseline.csv,20260425_204331
20211113-02,2021-11-13,2021,11,13,Sat,6,11,15,20,32,84,3,2,1,baseline.csv,20260425_204331
20211114-01,2021-11-14,2021,11,14,Sun,11,16,39,40,45,151,2,3,2,baseline.csv,20260425_204331
20211114-02,2021-11-14,2021,11,14,Sun,6,7,8,38,45,104,3,2,3,baseline.csv,20260425_204331
20211115-01,2021-11-15,2021,11,15,Mon,3,9,21,24,38,95,2,3,1,baseline.csv,20260425_204331
20211115-02,2021-11-15,2021,11,15,Mon,16,21,27,30,41,135,2,3,1,baseline.csv,20260425_204331
20211116-01,2021-11-16,2021,11,16,Tue,16,24,27,34,41,142,3,2,1,baseline.csv,20260425_204331
20211116-02,2021-11-16,2021,11,16,Tue,16,25,37,39,42,159,2,3,1,baseline.csv,20260425_204331
20211117-01,2021-11-17,2021,11,17,Wed,6,9,18,19,32,84,3,2,2,baseline.csv,20260425_204331
20211117-02,2021-11-17,2021,11,17,Wed,2,19,26,40,43,130,3,2,1,baseline.csv,20260425_204331
20211118-01,2021-11-18,2021,11,18,Thu,2,6,13,27,43,91,2,3,1,baseline.csv,20260425_204331
20211118-02,2021-11-18,2021,11,18,Thu,10,14,17,25,35,101,2,3,1,baseline.csv,20260425_204331
20211119-01,2021-11-19,2021,11,19,Fri,14,19,24,31,45,133,2,3,1,baseline.csv,20260425_204331
20211119-02,2021-11-19,2021,11,19,Fri,2,17,19,33,42,113,2,3,1,baseline.csv,20260425_204331
20211120-01,2021-11-20,2021,11,20,Sat,12,14,15,34,41,116,3,2,2,baseline.csv,20260425_204331
20211120-02,2021-11-20,2021,11,20,Sat,17,20,38,39,45,159,2,3,2,baseline.csv,20260425_204331
20211121-01,2021-11-21,2021,11,21,Sun,1,5,13,20,21,60,1,4,2,baseline.csv,20260425_204331
20211121-02,2021-11-21,2021,11,21,Sun,9,21,22,30,31,113,2,3,2,baseline.csv,20260425_204331
20211122-01,2021-11-22,2021,11,22,Mon,12,13,31,33,36,125,2,3,2,baseline.csv,20260425_204331
20211122-02,2021-11-22,2021,11,22,Mon,8,16,19,40,42,125,4,1,1,baseline.csv,20260425_204331
20211123-01,2021-11-23,2021,11,23,Tue,6,11,23,37,40,117,2,3,1,baseline.csv,20260425_204331
20211123-02,2021-11-23,2021,11,23,Tue,3,4,7,16,34,64,3,2,2,baseline.csv,20260425_204331
20211124-01,2021-11-24,2021,11,24,Wed,17,18,27,35,44,141,2,3,2,baseline.csv,20260425_204331
20211124-02,2021-11-24,2021,11,24,Wed,13,15,34,38,43,143,2,3,1,baseline.csv,20260425_204331
20211125-01,2021-11-25,2021,11,25,Thu,25,30,35,42,44,176,3,2,1,baseline.csv,20260425_204331
20211125-02,2021-11-25,2021,11,25,Thu,6,7,10,20,26,69,4,1,2,baseline.csv,20260425_204331
20211126-01,2021-11-26,2021,11,26,Fri,17,28,29,38,44,156,3,2,2,baseline.csv,20260425_204331
20211126-02,2021-11-26,2021,11,26,Fri,20,32,34,42,43,171,4,1,2,baseline.csv,20260425_204331
20211127-01,2021-11-27,2021,11,27,Sat,2,14,18,27,38,99,4,1,1,baseline.csv,20260425_204331
20211127-02,2021-11-27,2021,11,27,Sat,18,25,29,32,42,146,3,2,1,baseline.csv,20260425_204331
20211128-01,2021-11-28,2021,11,28,Sun,2,4,18,33,42,99,4,1,1,baseline.csv,20260425_204331
20211128-02,2021-11-28,2021,11,28,Sun,3,5,20,22,38,88,3,2,1,baseline.csv,20260425_204331
20211129-01,2021-11-29,2021,11,29,Mon,15,30,31,32,44,152,3,2,3,baseline.csv,20260425_204331
20211129-02,2021-11-29,2021,11,29,Mon,3,7,8,13,33,64,1,4,2,baseline.csv,20260425_204331
20211130-01,2021-11-30,2021,11,30,Tue,6,8,9,13,29,65,2,3,2,baseline.csv,20260425_204331
20211130-02,2021-11-30,2021,11,30,Tue,6,7,13,15,23,64,1,4,2,baseline.csv,20260425_204331
20211201-01,2021-12-01,2021,12,1,Wed,6,8,24,25,34,97,4,1,2,baseline.csv,20260425_204331
20211201-02,2021-12-01,2021,12,1,Wed,7,10,20,26,44,107,4,1,1,baseline.csv,20260425_204331
20211202-01,2021-12-02,2021,12,2,Thu,16,21,31,37,38,143,2,3,2,baseline.csv,20260425_204331
20211202-02,2021-12-02,2021,12,2,Thu,5,19,27,36,43,130,1,4,1,baseline.csv,20260425_204331
20211203-01,2021-12-03,2021,12,3,Fri,16,25,30,34,36,141,4,1,1,baseline.csv,20260425_204331
20211203-02,2021-12-03,2021,12,3,Fri,21,27,28,33,41,150,1,4,2,baseline.csv,20260425_204331
20211204-01,2021-12-04,2021,12,4,Sat,1,5,20,38,42,106,3,2,1,baseline.csv,20260425_204331
20211204-02,2021-12-04,2021,12,4,Sat,1,6,18,31,33,89,2,3,1,baseline.csv,20260425_204331
20211205-01,2021-12-05,2021,12,5,Sun,1,8,9,15,34,67,2,3,2,baseline.csv,20260425_204331
20211205-02,2021-12-05,2021,12,5,Sun,6,8,16,31,44,105,4,1,1,baseline.csv,20260425_204331
20211206-01,2021-12-06,2021,12,6,Mon,5,26,28,37,40,136,3,2,1,baseline.csv,20260425_204331
20211206-02,2021-12-06,2021,12,6,Mon,8,17,30,38,45,138,3,2,1,baseline.csv,20260425_204331
20211207-01,2021-12-07,2021,12,7,Tue,1,2,24,39,42,108,3,2,2,baseline.csv,20260425_204331
20211207-02,2021-12-07,2021,12,7,Tue,1,3,9,25,32,70,1,4,1,baseline.csv,20260425_204331
20211208-01,2021-12-08,2021,12,8,Wed,8,12,28,33,35,116,3,2,1,baseline.csv,20260425_204331
20211208-02,2021-12-08,2021,12,8,Wed,9,18,21,33,40,121,2,3,1,baseline.csv,20260425_204331
20211209-01,2021-12-09,2021,12,9,Thu,29,30,31,33,36,159,2,3,3,baseline.csv,20260425_204331
20211209-02,2021-12-09,2021,12,9,Thu,18,29,30,42,44,163,4,1,2,baseline.csv,20260425_204331
20211210-01,2021-12-10,2021,12,10,Fri,1,3,7,13,31,55,0,5,1,baseline.csv,20260425_204331
20211210-02,2021-12-10,2021,12,10,Fri,2,10,14,35,38,99,4,1,1,baseline.csv,20260425_204331
20211211-01,2021-12-11,2021,12,11,Sat,8,15,19,23,25,90,1,4,1,baseline.csv,20260425_204331
20211211-02,2021-12-11,2021,12,11,Sat,5,12,17,35,40,109,2,3,1,baseline.csv,20260425_204331
20211212-01,2021-12-12,2021,12,12,Sun,6,14,25,40,42,127,4,1,1,baseline.csv,20260425_204331
20211212-02,2021-12-12,2021,12,12,Sun,12,21,28,32,34,127,4,1,1,baseline.csv,20260425_204331
20211213-01,2021-12-13,2021,12,13,Mon,1,21,25,30,40,117,2,3,1,baseline.csv,20260425_204331
20211213-02,2021-12-13,2021,12,13,Mon,4,6,29,42,45,126,3,2,1,baseline.csv,20260425_204331
20211214-01,2021-12-14,2021,12,14,Tue,18,24,25,27,34,128,3,2,2,baseline.csv,20260425_204331
20211214-02,2021-12-14,2021,12,14,Tue,12,18,33,42,44,149,4,1,1,baseline.csv,20260425_204331
20211215-01,2021-12-15,2021,12,15,Wed,2,3,21,33,45,104,1,4,2,baseline.csv,20260425_204331
20211215-02,2021-12-15,2021,12,15,Wed,6,8,14,17,42,87,4,1,1,baseline.csv,20260425_204331
20211216-01,2021-12-16,2021,12,16,Thu,2,23,24,34,38,121,4,1,2,baseline.csv,20260425_204331
20211216-02,2021-12-16,2021,12,16,Thu,10,12,15,28,31,96,3,2,1,baseline.csv,20260425_204331
20211217-01,2021-12-17,2021,12,17,Fri,16,17,20,33,42,128,3,2,2,baseline.csv,20260425_204331
20211217-02,2021-12-17,2021,12,17,Fri,1,10,15,25,40,91,2,3,1,baseline.csv,20260425_204331
20211218-01,2021-12-18,2021,12,18,Sat,17,18,24,25,41,125,2,3,2,baseline.csv,20260425_204331
20211218-02,2021-12-18,2021,12,18,Sat,12,25,26,29,36,128,3,2,2,baseline.csv,20260425_204331
20211219-01,2021-12-19,2021,12,19,Sun,14,26,29,37,41,147,2,3,1,baseline.csv,20260425_204331
20211219-02,2021-12-19,2021,12,19,Sun,17,31,32,37,38,155,2,3,2,baseline.csv,20260425_204331
20211220-01,2021-12-20,2021,12,20,Mon,7,10,20,34,41,112,3,2,1,baseline.csv,20260425_204331
20211220-02,2021-12-20,2021,12,20,Mon,15,17,32,33,43,140,1,4,2,baseline.csv,20260425_204331
20211221-01,2021-12-21,2021,12,21,Tue,13,19,21,27,45,125,0,5,1,baseline.csv,20260425_204331
20211221-02,2021-12-21,2021,12,21,Tue,11,19,24,27,30,111,2,3,1,baseline.csv,20260425_204331
20211222-01,2021-12-22,2021,12,22,Wed,2,28,35,37,39,141,2,3,1,baseline.csv,20260425_204331
20211222-02,2021-12-22,2021,12,22,Wed,14,19,36,37,40,146,3,2,2,baseline.csv,20260425_204331
20211223-01,2021-12-23,2021,12,23,Thu,2,3,16,28,42,91,4,1,2,baseline.csv,20260425_204331
20211223-02,2021-12-23,2021,12,23,Thu,1,7,22,24,35,89,2,3,1,baseline.csv,20260425_204331
20211224-01,2021-12-24,2021,12,24,Fri,7,13,16,23,28,87,2,3,1,baseline.csv,20260425_204331
20211224-02,2021-12-24,2021,12,24,Fri,14,18,23,34,42,131,4,1,1,baseline.csv,20260425_204331
20211225-01,2021-12-25,2021,12,25,Sat,5,6,13,36,38,98,3,2,2,baseline.csv,20260425_204331
20211225-02,2021-12-25,2021,12,25,Sat,2,34,35,40,44,155,4,1,2,baseline.csv,20260425_204331
20211226-01,2021-12-26,2021,12,26,Sun,5,11,26,28,33,103,2,3,1,baseline.csv,20260425_204331
20211226-02,2021-12-26,2021,12,26,Sun,18,19,27,36,42,142,3,2,2,baseline.csv,20260425_204331
20211227-01,2021-12-27,2021,12,27,Mon,5,6,23,32,39,105,2,3,2,baseline.csv,20260425_204331
20211227-02,2021-12-27,2021,12,27,Mon,11,34,35,40,44,164,3,2,2,baseline.csv,20260425_204331
20211228-01,2021-12-28,2021,12,28,Tue,14,31,36,37,43,161,2,3,2,baseline.csv,20260425_204331
20211228-02,2021-12-28,2021,12,28,Tue,7,8,12,21,38,86,3,2,2,baseline.csv,20260425_204331
20211229-01,2021-12-29,2021,12,29,Wed,3,23,27,34,42,129,2,3,1,baseline.csv,20260425_204331
20211229-02,2021-12-29,2021,12,29,Wed,11,13,17,20,33,94,1,4,1,baseline.csv,20260425_204331
20211230-01,2021-12-30,2021,12,30,Thu,2,11,22,25,42,102,3,2,1,baseline.csv,20260425_204331
20211230-02,2021-12-30,2021,12,30,Thu,13,22,36,44,45,160,3,2,2,baseline.csv,20260425_204331
20211231-01,2021-12-31,2021,12,31,Fri,1,14,18,24,37,94,3,2,1,baseline.csv,20260425_204331
20211231-02,2021-12-31,2021,12,31,Fri,3,7,20,40,44,114,3,2,1,baseline.csv,20260425_204331
20220101-01,2022-01-01,2022,1,1,Sat,20,23,26,40,44,153,4,1,1,baseline.csv,20260425_204331
20220101-02,2022-01-01,2022,1,1,Sat,15,25,41,42,44,167,2,3,2,baseline.csv,20260425_204331
20220102-01,2022-01-02,2022,1,2,Sun,2,23,24,32,45,126,3,2,2,baseline.csv,20260425_204331
20220102-02,2022-01-02,2022,1,2,Sun,10,18,21,28,39,116,3,2,1,baseline.csv,20260425_204331
20220103-01,2022-01-03,2022,1,3,Mon,18,22,27,38,39,144,3,2,2,baseline.csv,20260425_204331
20220103-02,2022-01-03,2022,1,3,Mon,17,22,27,29,36,131,2,3,1,baseline.csv,20260425_204331
20220104-01,2022-01-04,2022,1,4,Tue,7,16,31,38,45,137,2,3,1,baseline.csv,20260425_204331
20220104-02,2022-01-04,2022,1,4,Tue,3,12,22,38,41,116,3,2,1,baseline.csv,20260425_204331
20220105-01,2022-01-05,2022,1,5,Wed,11,19,21,35,41,127,0,5,1,baseline.csv,20260425_204331
20220105-02,2022-01-05,2022,1,5,Wed,23,24,25,26,38,136,3,2,4,baseline.csv,20260425_204331
20220106-01,2022-01-06,2022,1,6,Thu,17,21,30,33,41,142,1,4,1,baseline.csv,20260425_204331
20220106-02,2022-01-06,2022,1,6,Thu,10,11,27,29,32,109,2,3,2,baseline.csv,20260425_204331
20220107-01,2022-01-07,2022,1,7,Fri,1,4,19,26,39,89,2,3,1,baseline.csv,20260425_204331
20220107-02,2022-01-07,2022,1,7,Fri,10,15,22,33,38,118,3,2,1,baseline.csv,20260425_204331
20220108-01,2022-01-08,2022,1,8,Sat,17,20,24,27,34,122,3,2,1,baseline.csv,20260425_204331
20220108-02,2022-01-08,2022,1,8,Sat,3,4,19,26,40,92,3,2,2,baseline.csv,20260425_204331
20220109-01,2022-01-09,2022,1,9,Sun,12,32,36,41,45,166,3,2,1,baseline.csv,20260425_204331
20220109-02,2022-01-09,2022,1,9,Sun,7,14,22,31,44,118,3,2,1,baseline.csv,20260425_204331
20220110-01,2022-01-10,2022,1,10,Mon,6,7,8,11,16,48,3,2,3,baseline.csv,20260425_204331
20220110-02,2022-01-10,2022,1,10,Mon,14,26,28,31,33,132,3,2,1,baseline.csv,20260425_204331
20220111-01,2022-01-11,2022,1,11,Tue,1,23,35,38,41,138,1,4,1,baseline.csv,20260425_204331
20220111-02,2022-01-11,2022,1,11,Tue,5,11,19,26,28,89,2,3,1,baseline.csv,20260425_204331
20220112-01,2022-01-12,2022,1,12,Wed,3,20,28,30,42,123,4,1,1,baseline.csv,20260425_204331
20220112-02,2022-01-12,2022,1,12,Wed,2,20,27,37,45,131,2,3,1,baseline.csv,20260425_204331
20220113-01,2022-01-13,2022,1,13,Thu,2,5,6,10,13,36,3,2,2,baseline.csv,20260425_204331
20220113-02,2022-01-13,2022,1,13,Thu,8,13,33,42,43,139,2,3,2,baseline.csv,20260425_204331
20220114-01,2022-01-14,2022,1,14,Fri,17,20,27,30,33,127,2,3,1,baseline.csv,20260425_204331
20220114-02,2022-01-14,2022,1,14,Fri,1,9,21,22,29,82,1,4,2,baseline.csv,20260425_204331
20220115-01,2022-01-15,2022,1,15,Sat,3,9,25,27,31,95,0,5,1,baseline.csv,20260425_204331
20220115-02,2022-01-15,2022,1,15,Sat,20,21,24,43,45,153,2,3,2,baseline.csv,20260425_204331
20220116-01,2022-01-16,2022,1,16,Sun,15,16,28,32,34,125,4,1,2,baseline.csv,20260425_204331
20220116-02,2022-01-16,2022,1,16,Sun,1,12,18,19,29,79,2,3,2,baseline.csv,20260425_204331
20220117-01,2022-01-17,2022,1,17,Mon,16,21,26,33,34,130,3,2,2,baseline.csv,20260425_204331
20220117-02,2022-01-17,2022,1,17,Mon,7,12,30,40,43,132,3,2,1,baseline.csv,20260425_204331
20220118-01,2022-01-18,2022,1,18,Tue,11,22,24,27,31,115,2,3,1,baseline.csv,20260425_204331
20220118-02,2022-01-18,2022,1,18,Tue,3,4,23,27,29,86,1,4,2,baseline.csv,20260425_204331
20220119-01,2022-01-19,2022,1,19,Wed,2,5,13,23,42,85,2,3,1,baseline.csv,20260425_204331
20220119-02,2022-01-19,2022,1,19,Wed,18,20,21,31,32,122,3,2,2,baseline.csv,20260425_204331
20220120-01,2022-01-20,2022,1,20,Thu,21,23,28,31,44,147,2,3,1,baseline.csv,20260425_204331
20220120-02,2022-01-20,2022,1,20,Thu,16,20,29,30,38,133,4,1,2,baseline.csv,20260425_204331
20220121-01,2022-01-21,2022,1,21,Fri,1,2,22,28,44,97,4,1,2,baseline.csv,20260425_204331
20220121-02,2022-01-21,2022,1,21,Fri,9,19,28,36,37,129,2,3,2,baseline.csv,20260425_204331
20220122-01,2022-01-22,2022,1,22,Sat,2,10,23,24,36,95,4,1,2,baseline.csv,20260425_204331
20220122-02,2022-01-22,2022,1,22,Sat,5,10,27,29,44,115,2,3,1,baseline.csv,20260425_204331
20220123-01,2022-01-23,2022,1,23,Sun,8,20,23,25,42,118,3,2,1,baseline.csv,20260425_204331
20220123-02,2022-01-23,2022,1,23,Sun,16,19,21,33,36,125,2,3,1,baseline.csv,20260425_204331
20220124-01,2022-01-24,2022,1,24,Mon,18,19,30,35,37,139,2,3,2,baseline.csv,20260425_204331
20220124-02,2022-01-24,2022,1,24,Mon,4,19,20,26,44,113,4,1,2,baseline.csv,20260425_204331
20220125-01,2022-01-25,2022,1,25,Tue,15,17,27,30,39,128,1,4,1,baseline.csv,20260425_204331
20220125-02,2022-01-25,2022,1,25,Tue,1,3,8,13,33,58,1,4,1,baseline.csv,20260425_204331
20220126-01,2022-01-26,2022,1,26,Wed,21,26,39,41,45,172,1,4,1,baseline.csv,20260425_204331
20220126-02,2022-01-26,2022,1,26,Wed,15,24,28,37,44,148,3,2,1,baseline.csv,20260425_204331
20220127-01,2022-01-27,2022,1,27,Thu,9,10,11,24,38,92,3,2,3,baseline.csv,20260425_204331
20220127-02,2022-01-27,2022,1,27,Thu,8,16,23,27,39,113,2,3,1,baseline.csv,20260425_204331
20220128-01,2022-01-28,2022,1,28,Fri,12,13,15,26,33,99,2,3,2,baseline.csv,20260425_204331
20220128-02,2022-01-28,2022,1,28,Fri,12,17,27,40,44,140,3,2,1,baseline.csv,20260425_204331
20220129-01,2022-01-29,2022,1,29,Sat,9,12,24,32,42,119,4,1,1,baseline.csv,20260425_204331
20220129-02,2022-01-29,2022,1,29,Sat,9,10,15,33,37,104,1,4,2,baseline.csv,20260425_204331
20220130-01,2022-01-30,2022,1,30,Sun,14,30,35,40,42,161,4,1,1,baseline.csv,20260425_204331
20220130-02,2022-01-30,2022,1,30,Sun,8,16,38,42,44,148,5,0,1,baseline.csv,20260425_204331
20220131-01,2022-01-31,2022,1,31,Mon,18,22,29,37,45,151,2,3,1,baseline.csv,20260425_204331
20220131-02,2022-01-31,2022,1,31,Mon,2,6,28,35,38,109,4,1,1,baseline.csv,20260425_204331
20220201-01,2022-02-01,2022,2,1,Tue,9,12,15,36,44,116,3,2,1,baseline.csv,20260425_204331
20220201-02,2022-02-01,2022,2,1,Tue,20,24,29,32,44,149,4,1,1,baseline.csv,20260425_204331
20220202-01,2022-02-02,2022,2,2,Wed,5,10,25,31,43,114,1,4,1,baseline.csv,20260425_204331
20220202-02,2022-02-02,2022,2,2,Wed,29,31,36,37,44,177,2,3,2,baseline.csv,20260425_204331
20220203-01,2022-02-03,2022,2,3,Thu,14,23,28,32,34,131,4,1,1,baseline.csv,20260425_204331
20220203-02,2022-02-03,2022,2,3,Thu,4,22,25,33,44,128,3,2,1,baseline.csv,20260425_204331
20220204-01,2022-02-04,2022,2,4,Fri,3,28,32,34,35,132,3,2,2,baseline.csv,20260425_204331
20220204-02,2022-02-04,2022,2,4,Fri,10,17,23,37,42,129,2,3,1,baseline.csv,20260425_204331
20220205-01,2022-02-05,2022,2,5,Sat,1,10,13,29,38,91,2,3,1,baseline.csv,20260425_204331
20220205-02,2022-02-05,2022,2,5,Sat,9,14,16,31,41,111,2,3,1,baseline.csv,20260425_204331
20220206-01,2022-02-06,2022,2,6,Sun,5,10,11,12,15,53,2,3,3,baseline.csv,20260425_204331
20220206-02,2022-02-06,2022,2,6,Sun,11,13,24,30,37,115,2,3,1,baseline.csv,20260425_204331
20220207-01,2022-02-07,2022,2,7,Mon,15,20,24,37,45,141,2,3,1,baseline.csv,20260425_204331
20220207-02,2022-02-07,2022,2,7,Mon,12,18,29,40,44,143,4,1,1,baseline.csv,20260425_204331
20220208-01,2022-02-08,2022,2,8,Tue,10,19,20,35,42,126,3,2,2,baseline.csv,20260425_204331
20220208-02,2022-02-08,2022,2,8,Tue,9,12,18,20,32,91,4,1,1,baseline.csv,20260425_204331
20220209-01,2022-02-09,2022,2,9,Wed,7,19,21,24,26,97,2,3,1,baseline.csv,20260425_204331
20220209-02,2022-02-09,2022,2,9,Wed,3,7,37,40,44,131,2,3,1,baseline.csv,20260425_204331
20220210-01,2022-02-10,2022,2,10,Thu,12,13,23,30,39,117,2,3,2,baseline.csv,20260425_204331
20220210-02,2022-02-10,2022,2,10,Thu,2,6,7,13,29,57,2,3,2,baseline.csv,20260425_204331
20220211-01,2022-02-11,2022,2,11,Fri,10,27,30,36,45,148,3,2,1,baseline.csv,20260425_204331
20220211-02,2022-02-11,2022,2,11,Fri,11,16,24,32,33,116,3,2,2,baseline.csv,20260425_204331
20220212-01,2022-02-12,2022,2,12,Sat,5,21,28,30,40,124,3,2,1,baseline.csv,20260425_204331
20220212-02,2022-02-12,2022,2,12,Sat,6,11,21,32,44,114,3,2,1,baseline.csv,20260425_204331
20220213-01,2022-02-13,2022,2,13,Sun,29,37,38,39,42,185,2,3,3,baseline.csv,20260425_204331
20220213-02,2022-02-13,2022,2,13,Sun,16,17,19,23,29,104,1,4,2,baseline.csv,20260425_204331
20220214-01,2022-02-14,2022,2,14,Mon,6,14,19,24,39,102,3,2,1,baseline.csv,20260425_204331
20220214-02,2022-02-14,2022,2,14,Mon,11,12,15,23,34,95,2,3,2,baseline.csv,20260425_204331
20220215-01,2022-02-15,2022,2,15,Tue,12,21,29,33,37,132,1,4,1,baseline.csv,20260425_204331
20220215-02,2022-02-15,2022,2,15,Tue,13,14,26,33,34,120,3,2,2,baseline.csv,20260425_204331
20220216-01,2022-02-16,2022,2,16,Wed,16,21,32,42,45,156,3,2,1,baseline.csv,20260425_204331
20220216-02,2022-02-16,2022,2,16,Wed,9,16,19,23,24,91,2,3,2,baseline.csv,20260425_204331
20220217-01,2022-02-17,2022,2,17,Thu,21,23,24,30,40,138,3,2,2,baseline.csv,20260425_204331
20220217-02,2022-02-17,2022,2,17,Thu,6,8,20,41,44,119,4,1,1,baseline.csv,20260425_204331
20220218-01,2022-02-18,2022,2,18,Fri,3,11,12,35,38,99,2,3,2,baseline.csv,20260425_204331
20220218-02,2022-02-18,2022,2,18,Fri,8,16,30,41,45,140,3,2,1,baseline.csv,20260425_204331
20220219-01,2022-02-19,2022,2,19,Sat,16,18,27,30,43,134,3,2,1,baseline.csv,20260425_204331
20220219-02,2022-02-19,2022,2,19,Sat,18,19,20,21,43,121,2,3,4,baseline.csv,20260425_204331
20220220-01,2022-02-20,2022,2,20,Sun,8,17,35,36,42,138,3,2,2,baseline.csv,20260425_204331
20220220-02,2022-02-20,2022,2,20,Sun,10,11,34,39,44,138,3,2,2,baseline.csv,20260425_204331
20220221-01,2022-02-21,2022,2,21,Mon,1,6,16,18,29,70,3,2,1,baseline.csv,20260425_204331
20220221-02,2022-02-21,2022,2,21,Mon,6,12,16,28,39,101,4,1,1,baseline.csv,20260425_204331
20220222-01,2022-02-22,2022,2,22,Tue,3,15,20,24,39,101,2,3,1,baseline.csv,20260425_204331
20220222-02,2022-02-22,2022,2,22,Tue,20,23,29,31,36,139,2,3,1,baseline.csv,20260425_204331
20220223-01,2022-02-23,2022,2,23,Wed,3,4,19,26,31,83,2,3,2,baseline.csv,20260425_204331
20220223-02,2022-02-23,2022,2,23,Wed,1,9,14,35,41,100,1,4,1,baseline.csv,20260425_204331
20220224-01,2022-02-24,2022,2,24,Thu,10,17,23,32,40,122,3,2,1,baseline.csv,20260425_204331
20220224-02,2022-02-24,2022,2,24,Thu,2,5,10,20,23,60,3,2,1,baseline.csv,20260425_204331
20220225-01,2022-02-25,2022,2,25,Fri,8,9,19,20,39,95,2,3,2,baseline.csv,20260425_204331
20220225-02,2022-02-25,2022,2,25,Fri,3,22,30,37,40,132,3,2,1,baseline.csv,20260425_204331
20220226-01,2022-02-26,2022,2,26,Sat,23,35,40,43,44,185,2,3,2,baseline.csv,20260425_204331
20220226-02,2022-02-26,2022,2,26,Sat,18,23,24,26,44,135,4,1,2,baseline.csv,20260425_204331
20220227-01,2022-02-27,2022,2,27,Sun,6,9,15,33,42,105,2,3,1,baseline.csv,20260425_204331
20220227-02,2022-02-27,2022,2,27,Sun,10,12,17,28,43,110,3,2,1,baseline.csv,20260425_204331
20220228-01,2022-02-28,2022,2,28,Mon,7,13,14,29,31,94,1,4,2,baseline.csv,20260425_204331
20220228-02,2022-02-28,2022,2,28,Mon,4,15,26,29,35,109,2,3,1,baseline.csv,20260425_204331
20220301-01,2022-03-01,2022,3,1,Tue,1,19,23,37,41,121,0,5,1,baseline.csv,20260425_204331
20220301-02,2022-03-01,2022,3,1,Tue,11,20,29,39,44,143,2,3,1,baseline.csv,20260425_204331
20220302-01,2022-03-02,2022,3,2,Wed,14,17,18,29,30,108,3,2,2,baseline.csv,20260425_204331
20220302-02,2022-03-02,2022,3,2,Wed,2,3,12,22,25,64,3,2,2,baseline.csv,20260425_204331
20220303-01,2022-03-03,2022,3,3,Thu,17,19,35,42,43,156,1,4,2,baseline.csv,20260425_204331
20220303-02,2022-03-03,2022,3,3,Thu,4,8,26,39,41,118,3,2,1,baseline.csv,20260425_204331
20220304-01,2022-03-04,2022,3,4,Fri,4,8,15,23,34,84,3,2,1,baseline.csv,20260425_204331
20220304-02,2022-03-04,2022,3,4,Fri,9,11,12,24,41,97,2,3,2,baseline.csv,20260425_204331
20220305-01,2022-03-05,2022,3,5,Sat,9,13,26,30,42,120,3,2,1,baseline.csv,20260425_204331
20220305-02,2022-03-05,2022,3,5,Sat,4,7,17,21,44,93,2,3,1,baseline.csv,20260425_204331
20220306-01,2022-03-06,2022,3,6,Sun,10,13,16,35,39,113,2,3,1,baseline.csv,20260425_204331
20220306-02,2022-03-06,2022,3,6,Sun,13,14,24,26,39,116,3,2,2,baseline.csv,20260425_204331
20220307-01,2022-03-07,2022,3,7,Mon,3,18,23,34,37,115,2,3,1,baseline.csv,20260425_204331
20220307-02,2022-03-07,2022,3,7,Mon,17,18,21,29,37,122,1,4,2,baseline.csv,20260425_204331
20220308-01,2022-03-08,2022,3,8,Tue,2,13,20,25,26,86,3,2,2,baseline.csv,20260425_204331
20220308-02,2022-03-08,2022,3,8,Tue,5,16,20,27,41,109,2,3,1,baseline.csv,20260425_204331
20220309-01,2022-03-09,2022,3,9,Wed,4,14,15,16,22,71,4,1,3,baseline.csv,20260425_204331
20220309-02,2022-03-09,2022,3,9,Wed,6,14,18,43,45,126,3,2,1,baseline.csv,20260425_204331
20220310-01,2022-03-10,2022,3,10,Thu,4,7,29,32,36,108,3,2,1,baseline.csv,20260425_204331
20220310-02,2022-03-10,2022,3,10,Thu,5,17,34,41,42,139,2,3,2,baseline.csv,20260425_204331
20220311-01,2022-03-11,2022,3,11,Fri,1,10,12,24,44,91,4,1,1,baseline.csv,20260425_204331
20220311-02,2022-03-11,2022,3,11,Fri,1,6,13,34,42,96,3,2,1,baseline.csv,20260425_204331
20220312-01,2022-03-12,2022,3,12,Sat,8,9,28,33,44,122,3,2,2,baseline.csv,20260425_204331
20220312-02,2022-03-12,2022,3,12,Sat,5,6,11,35,37,94,1,4,2,baseline.csv,20260425_204331
20220313-01,2022-03-13,2022,3,13,Sun,5,13,17,24,45,104,1,4,1,baseline.csv,20260425_204331
20220313-02,2022-03-13,2022,3,13,Sun,7,8,28,37,40,120,3,2,2,baseline.csv,20260425_204331
20220314-01,2022-03-14,2022,3,14,Mon,3,4,13,28,36,84,3,2,2,baseline.csv,20260425_204331
20220314-02,2022-03-14,2022,3,14,Mon,8,14,37,39,44,142,3,2,1,baseline.csv,20260425_204331
20220315-01,2022-03-15,2022,3,15,Tue,3,11,22,30,37,103,2,3,1,baseline.csv,20260425_204331
20220315-02,2022-03-15,2022,3,15,Tue,3,8,23,24,38,96,3,2,2,baseline.csv,20260425_204331
20220316-01,2022-03-16,2022,3,16,Wed,2,9,21,33,35,100,1,4,1,baseline.csv,20260425_204331
20220316-02,2022-03-16,2022,3,16,Wed,4,24,38,39,45,150,3,2,2,baseline.csv,20260425_204331
20220317-01,2022-03-17,2022,3,17,Thu,5,9,24,33,43,114,1,4,1,baseline.csv,20260425_204331
20220317-02,2022-03-17,2022,3,17,Thu,17,20,29,35,37,138,1,4,1,baseline.csv,20260425_204331
20220318-01,2022-03-18,2022,3,18,Fri,1,3,18,29,32,83,2,3,1,baseline.csv,20260425_204331
20220318-02,2022-03-18,2022,3,18,Fri,3,18,28,31,34,114,3,2,1,baseline.csv,20260425_204331
20220319-01,2022-03-19,2022,3,19,Sat,7,13,23,35,40,118,1,4,1,baseline.csv,20260425_204331
20220319-02,2022-03-19,2022,3,19,Sat,2,15,22,41,42,122,3,2,2,baseline.csv,20260425_204331
20220320-01,2022-03-20,2022,3,20,Sun,13,19,31,41,44,148,1,4,1,baseline.csv,20260425_204331
20220320-02,2022-03-20,2022,3,20,Sun,2,13,22,35,43,115,2,3,1,baseline.csv,20260425_204331
20220321-01,2022-03-21,2022,3,21,Mon,1,11,24,26,38,100,3,2,1,baseline.csv,20260425_204331
20220321-02,2022-03-21,2022,3,21,Mon,3,16,39,42,43,143,2,3,2,baseline.csv,20260425_204331
20220322-01,2022-03-22,2022,3,22,Tue,5,9,13,21,30,78,1,4,1,baseline.csv,20260425_204331
20220322-02,2022-03-22,2022,3,22,Tue,5,7,14,39,40,105,2,3,2,baseline.csv,20260425_204331
20220323-01,2022-03-23,2022,3,23,Wed,19,23,36,38,44,160,3,2,1,baseline.csv,20260425_204331
20220323-02,2022-03-23,2022,3,23,Wed,26,36,40,41,43,186,3,2,2,baseline.csv,20260425_204331
20220324-01,2022-03-24,2022,3,24,Thu,2,21,24,33,39,119,2,3,1,baseline.csv,20260425_204331
20220324-02,2022-03-24,2022,3,24,Thu,7,16,18,34,44,119,4,1,1,baseline.csv,20260425_204331
20220325-01,2022-03-25,2022,3,25,Fri,5,20,24,31,36,116,3,2,1,baseline.csv,20260425_204331
20220325-02,2022-03-25,2022,3,25,Fri,3,8,15,16,39,81,2,3,2,baseline.csv,20260425_204331
20220326-01,2022-03-26,2022,3,26,Sat,6,8,22,28,32,96,5,0,1,baseline.csv,20260425_204331
20220326-02,2022-03-26,2022,3,26,Sat,2,5,16,19,21,63,2,3,1,baseline.csv,20260425_204331
20220327-01,2022-03-27,2022,3,27,Sun,1,12,19,35,42,109,2,3,1,baseline.csv,20260425_204331
20220327-02,2022-03-27,2022,3,27,Sun,13,16,21,27,29,106,1,4,1,baseline.csv,20260425_204331
20220328-01,2022-03-28,2022,3,28,Mon,9,11,24,29,45,118,1,4,1,baseline.csv,20260425_204331
20220328-02,2022-03-28,2022,3,28,Mon,12,19,24,32,43,130,3,2,1,baseline.csv,20260425_204331
20220329-01,2022-03-29,2022,3,29,Tue,3,4,8,16,36,67,4,1,2,baseline.csv,20260425_204331
20220329-02,2022-03-29,2022,3,29,Tue,1,5,14,17,33,70,1,4,1,baseline.csv,20260425_204331
20220330-01,2022-03-30,2022,3,30,Wed,16,20,23,34,44,137,4,1,1,baseline.csv,20260425_204331
20220330-02,2022-03-30,2022,3,30,Wed,6,15,31,41,42,135,2,3,2,baseline.csv,20260425_204331
20220331-01,2022-03-31,2022,3,31,Thu,12,14,19,34,45,124,3,2,1,baseline.csv,20260425_204331
20220331-02,2022-03-31,2022,3,31,Thu,12,20,30,34,40,136,5,0,1,baseline.csv,20260425_204331
20220401-01,2022-04-01,2022,4,1,Fri,6,13,28,30,31,108,3,2,2,baseline.csv,20260425_204331
20220401-02,2022-04-01,2022,4,1,Fri,3,7,11,12,34,67,2,3,2,baseline.csv,20260425_204331
20220402-01,2022-04-02,2022,4,2,Sat,12,25,36,38,39,150,3,2,2,baseline.csv,20260425_204331
20220402-02,2022-04-02,2022,4,2,Sat,2,9,11,26,38,86,3,2,1,baseline.csv,20260425_204331
20220403-01,2022-04-03,2022,4,3,Sun,4,14,33,36,38,125,4,1,1,baseline.csv,20260425_204331
20220403-02,2022-04-03,2022,4,3,Sun,14,18,21,23,35,111,2,3,1,baseline.csv,20260425_204331
20220404-01,2022-04-04,2022,4,4,Mon,2,4,20,22,27,75,4,1,1,baseline.csv,20260425_204331
20220404-02,2022-04-04,2022,4,4,Mon,9,15,18,30,42,114,3,2,1,baseline.csv,20260425_204331
20220405-01,2022-04-05,2022,4,5,Tue,1,22,36,40,45,144,3,2,1,baseline.csv,20260425_204331
20220405-02,2022-04-05,2022,4,5,Tue,11,15,18,24,43,111,2,3,1,baseline.csv,20260425_204331
20220406-01,2022-04-06,2022,4,6,Wed,2,11,18,29,41,101,2,3,1,baseline.csv,20260425_204331
20220406-02,2022-04-06,2022,4,6,Wed,1,18,20,38,43,120,3,2,1,baseline.csv,20260425_204331
20220407-01,2022-04-07,2022,4,7,Thu,8,10,28,36,40,122,5,0,1,baseline.csv,20260425_204331
20220407-02,2022-04-07,2022,4,7,Thu,10,23,30,36,41,140,3,2,1,baseline.csv,20260425_204331
20220408-01,2022-04-08,2022,4,8,Fri,8,13,20,28,33,102,3,2,1,baseline.csv,20260425_204331
20220408-02,2022-04-08,2022,4,8,Fri,15,22,25,32,43,137,2,3,1,baseline.csv,20260425_204331
20220409-01,2022-04-09,2022,4,9,Sat,10,28,35,44,45,162,3,2,2,baseline.csv,20260425_204331
20220409-02,2022-04-09,2022,4,9,Sat,8,12,30,32,41,123,4,1,1,baseline.csv,20260425_204331
20220410-01,2022-04-10,2022,4,10,Sun,19,23,36,37,44,159,2,3,2,baseline.csv,20260425_204331
20220410-02,2022-04-10,2022,4,10,Sun,1,16,42,43,45,147,2,3,2,baseline.csv,20260425_204331
20220411-01,2022-04-11,2022,4,11,Mon,3,5,9,31,32,80,1,4,2,baseline.csv,20260425_204331
20220411-02,2022-04-11,2022,4,11,Mon,7,12,21,36,39,115,2,3,1,baseline.csv,20260425_204331
20220412-01,2022-04-12,2022,4,12,Tue,2,3,10,24,31,70,3,2,2,baseline.csv,20260425_204331
20220412-02,2022-04-12,2022,4,12,Tue,14,20,22,28,40,124,5,0,1,baseline.csv,20260425_204331
20220413-01,2022-04-13,2022,4,13,Wed,4,28,32,39,43,146,3,2,1,baseline.csv,20260425_204331
20220413-02,2022-04-13,2022,4,13,Wed,2,14,17,29,41,103,2,3,1,baseline.csv,20260425_204331
20220414-01,2022-04-14,2022,4,14,Thu,5,8,23,27,28,91,2,3,2,baseline.csv,20260425_204331
20220414-02,2022-04-14,2022,4,14,Thu,14,19,27,30,40,130,3,2,1,baseline.csv,20260425_204331
20220415-01,2022-04-15,2022,4,15,Fri,8,17,29,37,45,136,1,4,1,baseline.csv,20260425_204331
20220415-02,2022-04-15,2022,4,15,Fri,6,13,17,21,38,95,2,3,1,baseline.csv,20260425_204331
20220416-01,2022-04-16,2022,4,16,Sat,12,18,21,32,40,123,4,1,1,baseline.csv,20260425_204331
20220416-02,2022-04-16,2022,4,16,Sat,2,6,31,33,39,111,2,3,1,baseline.csv,20260425_204331
20220417-01,2022-04-17,2022,4,17,Sun,14,15,26,28,38,121,4,1,2,baseline.csv,20260425_204331
20220417-02,2022-04-17,2022,4,17,Sun,10,12,15,18,38,93,4,1,1,baseline.csv,20260425_204331
20220418-01,2022-04-18,2022,4,18,Mon,2,13,27,33,39,114,1,4,1,baseline.csv,20260425_204331
20220418-02,2022-04-18,2022,4,18,Mon,6,15,22,43,44,130,3,2,2,baseline.csv,20260425_204331
20220419-01,2022-04-19,2022,4,19,Tue,5,7,13,25,34,84,1,4,1,baseline.csv,20260425_204331
20220419-02,2022-04-19,2022,4,19,Tue,17,19,33,38,44,151,2,3,1,baseline.csv,20260425_204331
20220420-01,2022-04-20,2022,4,20,Wed,20,24,27,42,44,157,4,1,1,baseline.csv,20260425_204331
20220420-02,2022-04-20,2022,4,20,Wed,17,27,30,38,43,155,2,3,1,baseline.csv,20260425_204331
20220421-01,2022-04-21,2022,4,21,Thu,5,7,26,29,35,102,1,4,1,baseline.csv,20260425_204331
20220421-02,2022-04-21,2022,4,21,Thu,3,15,22,24,25,89,2,3,2,baseline.csv,20260425_204331
20220422-01,2022-04-22,2022,4,22,Fri,2,14,16,21,39,92,3,2,1,baseline.csv,20260425_204331
20220422-02,2022-04-22,2022,4,22,Fri,13,20,25,29,43,130,1,4,1,baseline.csv,20260425_204331
20220423-01,2022-04-23,2022,4,23,Sat,8,10,27,28,35,108,3,2,2,baseline.csv,20260425_204331
20220423-02,2022-04-23,2022,4,23,Sat,6,7,19,20,42,94,3,2,2,baseline.csv,20260425_204331
20220424-01,2022-04-24,2022,4,24,Sun,8,19,26,29,31,113,2,3,1,baseline.csv,20260425_204331
20220424-02,2022-04-24,2022,4,24,Sun,20,24,30,35,45,154,3,2,1,baseline.csv,20260425_204331
20220425-01,2022-04-25,2022,4,25,Mon,3,7,21,22,26,79,2,3,2,baseline.csv,20260425_204331
20220425-02,2022-04-25,2022,4,25,Mon,1,5,8,29,43,86,1,4,1,baseline.csv,20260425_204331
20220426-01,2022-04-26,2022,4,26,Tue,12,19,22,26,39,118,3,2,1,baseline.csv,20260425_204331
20220426-02,2022-04-26,2022,4,26,Tue,14,22,31,34,43,144,3,2,1,baseline.csv,20260425_204331
20220427-01,2022-04-27,2022,4,27,Wed,7,9,13,26,35,90,1,4,1,baseline.csv,20260425_204331
20220427-02,2022-04-27,2022,4,27,Wed,8,9,17,18,30,82,3,2,2,baseline.csv,20260425_204331
20220428-01,2022-04-28,2022,4,28,Thu,7,14,18,24,44,107,4,1,1,baseline.csv,20260425_204331
20220428-02,2022-04-28,2022,4,28,Thu,16,21,29,34,37,137,2,3,1,baseline.csv,20260425_204331
20220429-01,2022-04-29,2022,4,29,Fri,6,17,24,32,39,118,3,2,1,baseline.csv,20260425_204331
20220429-02,2022-04-29,2022,4,29,Fri,3,12,16,24,36,91,4,1,1,baseline.csv,20260425_204331
20220430-01,2022-04-30,2022,4,30,Sat,13,26,36,40,42,157,4,1,1,baseline.csv,20260425_204331
20220430-02,2022-04-30,2022,4,30,Sat,1,29,39,42,43,154,1,4,2,baseline.csv,20260425_204331
20220501-01,2022-05-01,2022,5,1,Sun,11,28,29,36,39,143,2,3,2,baseline.csv,20260425_204331
20220501-02,2022-05-01,2022,5,1,Sun,24,31,39,43,44,181,2,3,2,baseline.csv,20260425_204331
20220502-01,2022-05-02,2022,5,2,Mon,14,18,23,39,41,135,2,3,1,baseline.csv,20260425_204331
20220502-02,2022-05-02,2022,5,2,Mon,2,15,16,22,37,92,3,2,2,baseline.csv,20260425_204331
20220503-01,2022-05-03,2022,5,3,Tue,2,7,30,33,40,112,3,2,1,baseline.csv,20260425_204331
20220503-02,2022-05-03,2022,5,3,Tue,5,15,35,38,42,135,2,3,1,baseline.csv,20260425_204331
20220504-01,2022-05-04,2022,5,4,Wed,12,15,17,25,37,106,1,4,1,baseline.csv,20260425_204331
20220504-02,2022-05-04,2022,5,4,Wed,4,9,12,15,38,78,3,2,1,baseline.csv,20260425_204331
20220505-01,2022-05-05,2022,5,5,Thu,8,11,22,36,40,117,4,1,1,baseline.csv,20260425_204331
20220505-02,2022-05-05,2022,5,5,Thu,5,20,34,41,43,143,2,3,1,baseline.csv,20260425_204331
20220506-01,2022-05-06,2022,5,6,Fri,14,23,26,30,37,130,3,2,1,baseline.csv,20260425_204331
20220506-02,2022-05-06,2022,5,6,Fri,7,21,28,30,39,125,2,3,1,baseline.csv,20260425_204331
20220507-01,2022-05-07,2022,5,7,Sat,10,15,38,41,44,148,3,2,1,baseline.csv,20260425_204331
20220507-02,2022-05-07,2022,5,7,Sat,20,32,35,40,44,171,4,1,1,baseline.csv,20260425_204331
20220508-01,2022-05-08,2022,5,8,Sun,20,35,39,44,45,183,2,3,2,baseline.csv,20260425_204331
20220508-02,2022-05-08,2022,5,8,Sun,6,15,23,25,40,109,2,3,1,baseline.csv,20260425_204331
20220509-01,2022-05-09,2022,5,9,Mon,4,22,36,41,43,146,3,2,1,baseline.csv,20260425_204331
20220509-02,2022-05-09,2022,5,9,Mon,1,2,18,27,34,82,3,2,2,baseline.csv,20260425_204331
20220510-01,2022-05-10,2022,5,10,Tue,11,31,33,43,44,162,1,4,2,baseline.csv,20260425_204331
20220510-02,2022-05-10,2022,5,10,Tue,8,19,24,32,40,123,4,1,1,baseline.csv,20260425_204331
20220511-01,2022-05-11,2022,5,11,Wed,9,30,34,43,45,161,2,3,1,baseline.csv,20260425_204331
20220511-02,2022-05-11,2022,5,11,Wed,6,13,19,34,37,109,2,3,1,baseline.csv,20260425_204331
20220512-01,2022-05-12,2022,5,12,Thu,8,9,15,18,31,81,2,3,2,baseline.csv,20260425_204331
20220512-02,2022-05-12,2022,5,12,Thu,1,5,8,13,34,61,2,3,1,baseline.csv,20260425_204331
20220513-01,2022-05-13,2022,5,13,Fri,4,9,22,23,30,88,3,2,2,baseline.csv,20260425_204331
20220513-02,2022-05-13,2022,5,13,Fri,11,20,28,34,39,132,3,2,1,baseline.csv,20260425_204331
20220514-01,2022-05-14,2022,5,14,Sat,14,23,27,29,33,126,1,4,1,baseline.csv,20260425_204331
20220514-02,2022-05-14,2022,5,14,Sat,2,7,10,28,39,86,3,2,1,baseline.csv,20260425_204331
20220515-01,2022-05-15,2022,5,15,Sun,3,12,17,31,34,97,2,3,1,baseline.csv,20260425_204331
20220515-02,2022-05-15,2022,5,15,Sun,7,8,20,22,43,100,3,2,2,baseline.csv,20260425_204331
20220516-01,2022-05-16,2022,5,16,Mon,1,8,12,19,37,77,2,3,1,baseline.csv,20260425_204331
20220516-02,2022-05-16,2022,5,16,Mon,4,9,23,36,37,109,2,3,2,baseline.csv,20260425_204331
20220517-01,2022-05-17,2022,5,17,Tue,22,34,38,39,40,173,4,1,3,baseline.csv,20260425_204331
20220517-02,2022-05-17,2022,5,17,Tue,17,19,24,28,41,129,2,3,1,baseline.csv,20260425_204331
20220518-01,2022-05-18,2022,5,18,Wed,3,16,34,35,37,125,2,3,2,baseline.csv,20260425_204331
20220518-02,2022-05-18,2022,5,18,Wed,3,10,17,41,42,113,2,3,2,baseline.csv,20260425_204331
20220519-01,2022-05-19,2022,5,19,Thu,1,2,35,38,45,121,2,3,2,baseline.csv,20260425_204331
20220519-02,2022-05-19,2022,5,19,Thu,10,27,35,42,43,157,2,3,2,baseline.csv,20260425_204331
20220520-01,2022-05-20,2022,5,20,Fri,6,14,18,29,44,111,4,1,1,baseline.csv,20260425_204331
20220520-02,2022-05-20,2022,5,20,Fri,1,3,18,30,31,83,2,3,2,baseline.csv,20260425_204331
20220521-01,2022-05-21,2022,5,21,Sat,14,17,33,39,43,146,1,4,1,baseline.csv,20260425_204331
20220521-02,2022-05-21,2022,5,21,Sat,4,20,25,40,43,132,3,2,1,baseline.csv,20260425_204331
20220522-01,2022-05-22,2022,5,22,Sun,2,9,16,17,45,89,2,3,2,baseline.csv,20260425_204331
20220522-02,2022-05-22,2022,5,22,Sun,6,28,30,37,44,145,4,1,1,baseline.csv,20260425_204331
20220523-01,2022-05-23,2022,5,23,Mon,7,18,25,32,39,121,2,3,1,baseline.csv,20260425_204331
20220523-02,2022-05-23,2022,5,23,Mon,4,5,23,32,44,108,3,2,2,baseline.csv,20260425_204331
20220524-01,2022-05-24,2022,5,24,Tue,1,7,20,30,33,91,2,3,1,baseline.csv,20260425_204331
20220524-02,2022-05-24,2022,5,24,Tue,3,10,26,28,33,100,3,2,1,baseline.csv,20260425_204331
20220525-01,2022-05-25,2022,5,25,Wed,5,22,25,27,36,115,2,3,1,baseline.csv,20260425_204331
20220525-02,2022-05-25,2022,5,25,Wed,13,14,23,26,44,120,3,2,2,baseline.csv,20260425_204331
20220526-01,2022-05-26,2022,5,26,Thu,9,12,17,26,43,107,2,3,1,baseline.csv,20260425_204331
20220526-02,2022-05-26,2022,5,26,Thu,12,18,22,26,42,120,5,0,1,baseline.csv,20260425_204331
20220527-01,2022-05-27,2022,5,27,Fri,5,10,19,20,45,99,2,3,2,baseline.csv,20260425_204331
20220527-02,2022-05-27,2022,5,27,Fri,18,21,41,43,45,168,1,4,1,baseline.csv,20260425_204331
20220528-01,2022-05-28,2022,5,28,Sat,5,17,26,28,42,118,3,2,1,baseline.csv,20260425_204331
20220528-02,2022-05-28,2022,5,28,Sat,1,12,34,42,43,132,3,2,2,baseline.csv,20260425_204331
20220529-01,2022-05-29,2022,5,29,Sun,5,30,38,42,43,158,3,2,2,baseline.csv,20260425_204331
20220529-02,2022-05-29,2022,5,29,Sun,16,19,31,36,40,142,3,2,1,baseline.csv,20260425_204331
20220530-01,2022-05-30,2022,5,30,Mon,21,22,32,37,44,156,3,2,2,baseline.csv,20260425_204331
20220530-02,2022-05-30,2022,5,30,Mon,2,5,18,22,33,80,3,2,1,baseline.csv,20260425_204331
20220531-01,2022-05-31,2022,5,31,Tue,2,15,29,33,40,119,2,3,1,baseline.csv,20260425_204331
20220531-02,2022-05-31,2022,5,31,Tue,4,7,12,23,33,79,2,3,1,baseline.csv,20260425_204331
20220601-01,2022-06-01,2022,6,1,Wed,16,23,27,35,36,137,2,3,2,baseline.csv,20260425_204331
20220601-02,2022-06-01,2022,6,1,Wed,13,28,29,34,37,141,2,3,2,baseline.csv,20260425_204331
20220602-01,2022-06-02,2022,6,2,Thu,8,10,37,42,45,142,3,2,1,baseline.csv,20260425_204331
20220602-02,2022-06-02,2022,6,2,Thu,4,7,17,29,43,100,1,4,1,baseline.csv,20260425_204331
20220603-01,2022-06-03,2022,6,3,Fri,9,13,28,29,45,124,1,4,2,baseline.csv,20260425_204331
20220603-02,2022-06-03,2022,6,3,Fri,20,27,29,37,39,152,1,4,1,baseline.csv,20260425_204331
20220604-01,2022-06-04,2022,6,4,Sat,5,22,29,33,44,133,2,3,1,baseline.csv,20260425_204331
20220604-02,2022-06-04,2022,6,4,Sat,16,26,32,33,38,145,4,1,2,baseline.csv,20260425_204331
20220605-01,2022-06-05,2022,6,5,Sun,2,4,6,10,11,33,4,1,2,baseline.csv,20260425_204331
20220605-02,2022-06-05,2022,6,5,Sun,7,11,14,19,24,75,2,3,1,baseline.csv,20260425_204331
20220606-01,2022-06-06,2022,6,6,Mon,5,15,26,34,39,119,2,3,1,baseline.csv,20260425_204331
20220606-02,2022-06-06,2022,6,6,Mon,7,13,35,39,40,134,1,4,2,baseline.csv,20260425_204331
20220607-01,2022-06-07,2022,6,7,Tue,3,6,7,20,22,58,3,2,2,baseline.csv,20260425_204331
20220607-02,2022-06-07,2022,6,7,Tue,5,25,28,40,45,143,2,3,1,baseline.csv,20260425_204331
20220608-01,2022-06-08,2022,6,8,Wed,13,25,32,34,43,147,2,3,1,baseline.csv,20260425_204331
20220608-02,2022-06-08,2022,6,8,Wed,21,22,36,40,44,163,4,1,2,baseline.csv,20260425_204331
20220609-01,2022-06-09,2022,6,9,Thu,14,24,26,29,42,135,4,1,1,baseline.csv,20260425_204331
20220609-02,2022-06-09,2022,6,9,Thu,5,12,13,25,27,82,1,4,2,baseline.csv,20260425_204331
20220610-01,2022-06-10,2022,6,10,Fri,7,8,28,40,41,124,3,2,2,baseline.csv,20260425_204331
20220610-02,2022-06-10,2022,6,10,Fri,9,15,17,37,43,121,0,5,1,baseline.csv,20260425_204331
20220611-01,2022-06-11,2022,6,11,Sat,5,17,21,42,45,130,1,4,1,baseline.csv,20260425_204331
20220611-02,2022-06-11,2022,6,11,Sat,2,24,27,29,42,124,3,2,1,baseline.csv,20260425_204331
20220612-01,2022-06-12,2022,6,12,Sun,3,7,14,32,39,95,2,3,1,baseline.csv,20260425_204331
20220612-02,2022-06-12,2022,6,12,Sun,6,7,21,23,43,100,1,4,2,baseline.csv,20260425_204331
20220613-01,2022-06-13,2022,6,13,Mon,4,17,30,42,44,137,4,1,1,baseline.csv,20260425_204331
20220613-02,2022-06-13,2022,6,13,Mon,4,7,23,35,41,110,1,4,1,baseline.csv,20260425_204331
20220614-01,2022-06-14,2022,6,14,Tue,6,36,38,39,42,161,4,1,2,baseline.csv,20260425_204331
20220614-02,2022-06-14,2022,6,14,Tue,2,11,14,22,38,87,4,1,1,baseline.csv,20260425_204331
20220615-01,2022-06-15,2022,6,15,Wed,6,15,32,34,36,123,4,1,1,baseline.csv,20260425_204331
20220615-02,2022-06-15,2022,6,15,Wed,3,18,20,23,24,88,3,2,2,baseline.csv,20260425_204331
20220616-01,2022-06-16,2022,6,16,Thu,10,15,16,18,24,83,4,1,2,baseline.csv,20260425_204331
20220616-02,2022-06-16,2022,6,16,Thu,11,23,26,36,44,140,3,2,1,baseline.csv,20260425_204331
20220617-01,2022-06-17,2022,6,17,Fri,6,15,18,20,28,87,4,1,1,baseline.csv,20260425_204331
20220617-02,2022-06-17,2022,6,17,Fri,3,12,14,15,33,77,2,3,2,baseline.csv,20260425_204331
20220618-01,2022-06-18,2022,6,18,Sat,6,26,31,33,34,130,3,2,2,baseline.csv,20260425_204331
20220618-02,2022-06-18,2022,6,18,Sat,16,20,26,38,42,142,5,0,1,baseline.csv,20260425_204331
20220619-01,2022-06-19,2022,6,19,Sun,4,12,18,19,31,84,3,2,2,baseline.csv,20260425_204331
20220619-02,2022-06-19,2022,6,19,Sun,7,24,29,32,41,133,2,3,1,baseline.csv,20260425_204331
20220620-01,2022-06-20,2022,6,20,Mon,1,9,15,17,34,76,1,4,1,baseline.csv,20260425_204331
20220620-02,2022-06-20,2022,6,20,Mon,11,14,31,35,42,133,2,3,1,baseline.csv,20260425_204331
20220621-01,2022-06-21,2022,6,21,Tue,23,34,36,41,42,176,3,2,2,baseline.csv,20260425_204331
20220621-02,2022-06-21,2022,6,21,Tue,29,32,33,38,41,173,2,3,2,baseline.csv,20260425_204331
20220622-01,2022-06-22,2022,6,22,Wed,8,23,29,36,37,133,2,3,2,baseline.csv,20260425_204331
20220622-02,2022-06-22,2022,6,22,Wed,1,9,21,32,34,97,2,3,1,baseline.csv,20260425_204331
20220623-01,2022-06-23,2022,6,23,Thu,3,12,25,26,34,100,3,2,2,baseline.csv,20260425_204331
20220623-02,2022-06-23,2022,6,23,Thu,22,33,34,42,44,175,4,1,2,baseline.csv,20260425_204331
20220624-01,2022-06-24,2022,6,24,Fri,17,27,36,40,41,161,2,3,2,baseline.csv,20260425_204331
20220624-02,2022-06-24,2022,6,24,Fri,10,12,19,27,34,102,3,2,1,baseline.csv,20260425_204331
20220625-01,2022-06-25,2022,6,25,Sat,4,7,19,21,28,79,2,3,1,baseline.csv,20260425_204331
20220625-02,2022-06-25,2022,6,25,Sat,3,6,10,20,34,73,4,1,1,baseline.csv,20260425_204331
20220626-01,2022-06-26,2022,6,26,Sun,5,24,32,33,43,137,2,3,2,baseline.csv,20260425_204331
20220626-02,2022-06-26,2022,6,26,Sun,12,14,25,41,42,134,3,2,2,baseline.csv,20260425_204331
20220627-01,2022-06-27,2022,6,27,Mon,1,18,22,28,30,99,4,1,1,baseline.csv,20260425_204331
20220627-02,2022-06-27,2022,6,27,Mon,3,5,22,23,35,88,1,4,2,baseline.csv,20260425_204331
20220628-01,2022-06-28,2022,6,28,Tue,5,8,9,15,38,75,2,3,2,baseline.csv,20260425_204331
20220628-02,2022-06-28,2022,6,28,Tue,2,20,24,33,36,115,4,1,1,baseline.csv,20260425_204331
20220629-01,2022-06-29,2022,6,29,Wed,7,10,34,38,42,131,4,1,1,baseline.csv,20260425_204331
20220629-02,2022-06-29,2022,6,29,Wed,13,24,38,40,42,157,4,1,1,baseline.csv,20260425_204331
20220630-01,2022-06-30,2022,6,30,Thu,1,16,20,32,40,109,4,1,1,baseline.csv,20260425_204331
20220630-02,2022-06-30,2022,6,30,Thu,2,21,27,39,41,130,1,4,1,baseline.csv,20260425_204331
20220701-01,2022-07-01,2022,7,1,Fri,1,12,24,33,44,114,3,2,1,baseline.csv,20260425_204331
20220701-02,2022-07-01,2022,7,1,Fri,20,25,29,35,44,153,2,3,1,baseline.csv,20260425_204331
20220702-01,2022-07-02,2022,7,2,Sat,4,34,40,44,45,167,4,1,2,baseline.csv,20260425_204331
20220702-02,2022-07-02,2022,7,2,Sat,26,31,32,41,42,172,3,2,2,baseline.csv,20260425_204331
20220703-01,2022-07-03,2022,7,3,Sun,5,11,16,18,23,73,2,3,1,baseline.csv,20260425_204331
20220703-02,2022-07-03,2022,7,3,Sun,8,20,28,44,45,145,4,1,2,baseline.csv,20260425_204331
20220704-01,2022-07-04,2022,7,4,Mon,1,14,18,26,32,91,4,1,1,baseline.csv,20260425_204331
20220704-02,2022-07-04,2022,7,4,Mon,11,15,16,20,23,85,2,3,2,baseline.csv,20260425_204331
20220705-01,2022-07-05,2022,7,5,Tue,3,5,9,10,36,63,2,3,2,baseline.csv,20260425_204331
20220705-02,2022-07-05,2022,7,5,Tue,1,5,6,33,35,80,1,4,2,baseline.csv,20260425_204331
20220706-01,2022-07-06,2022,7,6,Wed,1,5,12,16,23,57,2,3,1,baseline.csv,20260425_204331
20220706-02,2022-07-06,2022,7,6,Wed,1,14,17,20,42,94,3,2,1,baseline.csv,20260425_204331
20220707-01,2022-07-07,2022,7,7,Thu,9,11,33,34,45,132,1,4,2,baseline.csv,20260425_204331
20220707-02,2022-07-07,2022,7,7,Thu,7,17,21,30,32,107,2,3,1,baseline.csv,20260425_204331
20220708-01,2022-07-08,2022,7,8,Fri,15,18,21,38,44,136,3,2,1,baseline.csv,20260425_204331
20220708-02,2022-07-08,2022,7,8,Fri,3,31,34,39,40,147,2,3,2,baseline.csv,20260425_204331
20220709-01,2022-07-09,2022,7,9,Sat,4,15,18,22,29,88,3,2,1,baseline.csv,20260425_204331
20220709-02,2022-07-09,2022,7,9,Sat,9,17,34,35,39,134,1,4,2,baseline.csv,20260425_204331
20220710-01,2022-07-10,2022,7,10,Sun,11,15,32,39,41,138,1,4,1,baseline.csv,20260425_204331
20220710-02,2022-07-10,2022,7,10,Sun,10,13,31,43,45,142,1,4,1,baseline.csv,20260425_204331
20220711-01,2022-07-11,2022,7,11,Mon,3,9,33,38,44,127,2,3,1,baseline.csv,20260425_204331
20220711-02,2022-07-11,2022,7,11,Mon,14,25,27,36,43,145,2,3,1,baseline.csv,20260425_204331
20220712-01,2022-07-12,2022,7,12,Tue,1,5,7,11,19,43,0,5,1,baseline.csv,20260425_204331
20220712-02,2022-07-12,2022,7,12,Tue,4,10,15,32,39,100,3,2,1,baseline.csv,20260425_204331
20220713-01,2022-07-13,2022,7,13,Wed,1,7,16,27,40,91,2,3,1,baseline.csv,20260425_204331
20220713-02,2022-07-13,2022,7,13,Wed,4,8,9,20,21,62,3,2,2,baseline.csv,20260425_204331
20220714-01,2022-07-14,2022,7,14,Thu,19,30,32,37,40,158,3,2,1,baseline.csv,20260425_204331
20220714-02,2022-07-14,2022,7,14,Thu,17,20,25,27,28,117,2,3,2,baseline.csv,20260425_204331
20220715-01,2022-07-15,2022,7,15,Fri,7,8,9,13,17,54,1,4,3,baseline.csv,20260425_204331
20220715-02,2022-07-15,2022,7,15,Fri,14,16,30,34,44,138,5,0,1,baseline.csv,20260425_204331
20220716-01,2022-07-16,2022,7,16,Sat,7,9,20,24,41,101,2,3,1,baseline.csv,20260425_204331
20220716-02,2022-07-16,2022,7,16,Sat,20,23,33,36,43,155,2,3,1,baseline.csv,20260425_204331
20220717-01,2022-07-17,2022,7,17,Sun,12,26,29,42,44,153,4,1,1,baseline.csv,20260425_204331
20220717-02,2022-07-17,2022,7,17,Sun,17,33,34,37,43,164,1,4,2,baseline.csv,20260425_204331
20220718-01,2022-07-18,2022,7,18,Mon,6,14,22,24,30,96,5,0,1,baseline.csv,20260425_204331
20220718-02,2022-07-18,2022,7,18,Mon,7,27,29,32,44,139,2,3,1,baseline.csv,20260425_204331
20220719-01,2022-07-19,2022,7,19,Tue,4,17,23,41,45,130,1,4,1,baseline.csv,20260425_204331
20220719-02,2022-07-19,2022,7,19,Tue,19,28,39,40,45,171,2,3,2,baseline.csv,20260425_204331
20220720-01,2022-07-20,2022,7,20,Wed,29,31,32,38,41,171,2,3,2,baseline.csv,20260425_204331
20220720-02,2022-07-20,2022,7,20,Wed,13,17,18,23,28,99,2,3,2,baseline.csv,20260425_204331
20220721-01,2022-07-21,2022,7,21,Thu,19,33,43,44,45,184,1,4,3,baseline.csv,20260425_204331
20220721-02,2022-07-21,2022,7,21,Thu,2,4,13,20,28,67,4,1,1,baseline.csv,20260425_204331
20220722-01,2022-07-22,2022,7,22,Fri,13,21,23,30,43,130,1,4,1,baseline.csv,20260425_204331
20220722-02,2022-07-22,2022,7,22,Fri,8,19,20,26,32,105,4,1,2,baseline.csv,20260425_204331
20220723-01,2022-07-23,2022,7,23,Sat,9,15,34,37,41,136,1,4,1,baseline.csv,20260425_204331
20220723-02,2022-07-23,2022,7,23,Sat,5,8,9,11,38,71,2,3,2,baseline.csv,20260425_204331
20220724-01,2022-07-24,2022,7,24,Sun,13,17,28,32,42,132,3,2,1,baseline.csv,20260425_204331
20220724-02,2022-07-24,2022,7,24,Sun,9,13,14,22,23,81,2,3,2,baseline.csv,20260425_204331
20220725-01,2022-07-25,2022,7,25,Mon,4,19,22,34,41,120,3,2,1,baseline.csv,20260425_204331
20220725-02,2022-07-25,2022,7,25,Mon,15,17,19,30,41,122,1,4,1,baseline.csv,20260425_204331
20220726-01,2022-07-26,2022,7,26,Tue,4,10,19,27,39,99,2,3,1,baseline.csv,20260425_204331
20220726-02,2022-07-26,2022,7,26,Tue,9,15,18,21,23,86,1,4,1,baseline.csv,20260425_204331
20220727-01,2022-07-27,2022,7,27,Wed,1,12,17,23,30,83,2,3,1,baseline.csv,20260425_204331
20220727-02,2022-07-27,2022,7,27,Wed,4,26,27,29,39,125,2,3,2,baseline.csv,20260425_204331
20220728-01,2022-07-28,2022,7,28,Thu,14,30,31,32,42,149,4,1,3,baseline.csv,20260425_204331
20220728-02,2022-07-28,2022,7,28,Thu,15,22,27,29,38,131,2,3,1,baseline.csv,20260425_204331
20220729-01,2022-07-29,2022,7,29,Fri,7,14,15,30,44,110,3,2,2,baseline.csv,20260425_204331
20220729-02,2022-07-29,2022,7,29,Fri,3,25,28,29,36,121,2,3,2,baseline.csv,20260425_204331
20220730-01,2022-07-30,2022,7,30,Sat,21,25,32,42,44,164,3,2,1,baseline.csv,20260425_204331
20220730-02,2022-07-30,2022,7,30,Sat,5,14,22,24,41,106,3,2,1,baseline.csv,20260425_204331
20220731-01,2022-07-31,2022,7,31,Sun,7,15,26,29,40,117,2,3,1,baseline.csv,20260425_204331
20220731-02,2022-07-31,2022,7,31,Sun,3,12,27,35,39,116,1,4,1,baseline.csv,20260425_204331
20220801-01,2022-08-01,2022,8,1,Mon,8,17,32,35,38,130,3,2,1,baseline.csv,20260425_204331
20220801-02,2022-08-01,2022,8,1,Mon,18,27,33,37,44,159,2,3,1,baseline.csv,20260425_204331
20220802-01,2022-08-02,2022,8,2,Tue,4,21,36,40,42,143,4,1,1,baseline.csv,20260425_204331
20220802-02,2022-08-02,2022,8,2,Tue,2,11,19,40,41,113,2,3,2,baseline.csv,20260425_204331
20220803-01,2022-08-03,2022,8,3,Wed,13,18,24,35,43,133,2,3,1,baseline.csv,20260425_204331
20220803-02,2022-08-03,2022,8,3,Wed,7,10,19,29,36,101,2,3,1,baseline.csv,20260425_204331
20220804-01,2022-08-04,2022,8,4,Thu,18,19,23,25,33,118,1,4,2,baseline.csv,20260425_204331
20220804-02,2022-08-04,2022,8,4,Thu,1,4,12,17,33,67,2,3,1,baseline.csv,20260425_204331
20220805-01,2022-08-05,2022,8,5,Fri,6,13,14,25,32,90,3,2,2,baseline.csv,20260425_204331
20220805-02,2022-08-05,2022,8,5,Fri,14,15,32,36,42,139,4,1,2,baseline.csv,20260425_204331
20220806-01,2022-08-06,2022,8,6,Sat,1,4,5,23,30,63,2,3,2,baseline.csv,20260425_204331
20220806-02,2022-08-06,2022,8,6,Sat,14,19,22,33,43,131,2,3,1,baseline.csv,20260425_204331
20220807-01,2022-08-07,2022,8,7,Sun,7,8,20,28,39,102,3,2,2,baseline.csv,20260425_204331
20220807-02,2022-08-07,2022,8,7,Sun,10,18,23,26,35,112,3,2,1,baseline.csv,20260425_204331
20220808-01,2022-08-08,2022,8,8,Mon,19,29,36,39,41,164,1,4,1,baseline.csv,20260425_204331
20220808-02,2022-08-08,2022,8,8,Mon,1,12,15,37,42,107,2,3,1,baseline.csv,20260425_204331
20220809-01,2022-08-09,2022,8,9,Tue,2,15,16,27,44,104,3,2,2,baseline.csv,20260425_204331
20220809-02,2022-08-09,2022,8,9,Tue,3,6,14,25,33,81,2,3,1,baseline.csv,20260425_204331
20220810-01,2022-08-10,2022,8,10,Wed,24,25,29,36,39,153,2,3,2,baseline.csv,20260425_204331
20220810-02,2022-08-10,2022,8,10,Wed,1,7,11,20,38,77,2,3,1,baseline.csv,20260425_204331
20220811-01,2022-08-11,2022,8,11,Thu,7,13,16,23,34,93,2,3,1,baseline.csv,20260425_204331
20220811-02,2022-08-11,2022,8,11,Thu,5,15,26,29,31,106,1,4,1,baseline.csv,20260425_204331
20220812-01,2022-08-12,2022,8,12,Fri,8,13,15,24,26,86,3,2,1,baseline.csv,20260425_204331
20220812-02,2022-08-12,2022,8,12,Fri,2,6,8,16,32,64,5,0,1,baseline.csv,20260425_204331
20220813-01,2022-08-13,2022,8,13,Sat,14,23,28,38,40,143,4,1,1,baseline.csv,20260425_204331
20220813-02,2022-08-13,2022,8,13,Sat,7,13,18,20,35,93,2,3,1,baseline.csv,20260425_204331
20220814-01,2022-08-14,2022,8,14,Sun,11,15,42,44,45,157,2,3,2,baseline.csv,20260425_204331
20220814-02,2022-08-14,2022,8,14,Sun,2,4,16,27,42,91,4,1,1,baseline.csv,20260425_204331
20220815-01,2022-08-15,2022,8,15,Mon,3,19,30,33,45,130,1,4,1,baseline.csv,20260425_204331
20220815-02,2022-08-15,2022,8,15,Mon,4,5,23,27,38,97,2,3,2,baseline.csv,20260425_204331
20220816-01,2022-08-16,2022,8,16,Tue,20,21,24,25,35,125,2,3,2,baseline.csv,20260425_204331
20220816-02,2022-08-16,2022,8,16,Tue,1,19,31,40,42,133,2,3,1,baseline.csv,20260425_204331
20220817-01,2022-08-17,2022,8,17,Wed,8,15,30,37,43,133,2,3,1,baseline.csv,20260425_204331
20220817-02,2022-08-17,2022,8,17,Wed,10,11,18,25,28,92,3,2,2,baseline.csv,20260425_204331
20220818-01,2022-08-18,2022,8,18,Thu,3,8,26,34,37,108,3,2,1,baseline.csv,20260425_204331
20220818-02,2022-08-18,2022,8,18,Thu,10,19,29,34,36,128,3,2,1,baseline.csv,20260425_204331
20220819-01,2022-08-19,2022,8,19,Fri,2,9,10,22,38,81,4,1,2,baseline.csv,20260425_204331
20220819-02,2022-08-19,2022,8,19,Fri,5,10,12,14,42,83,4,1,1,baseline.csv,20260425_204331
20220820-01,2022-08-20,2022,8,20,Sat,13,21,31,40,42,147,2,3,1,baseline.csv,20260425_204331
20220820-02,2022-08-20,2022,8,20,Sat,8,10,13,17,19,67,2,3,1,baseline.csv,20260425_204331
20220821-01,2022-08-21,2022,8,21,Sun,5,10,11,36,41,103,2,3,2,baseline.csv,20260425_204331
20220821-02,2022-08-21,2022,8,21,Sun,2,5,6,26,33,72,3,2,2,baseline.csv,20260425_204331
20220822-01,2022-08-22,2022,8,22,Mon,15,20,31,37,41,144,1,4,1,baseline.csv,20260425_204331
20220822-02,2022-08-22,2022,8,22,Mon,7,12,16,29,41,105,2,3,1,baseline.csv,20260425_204331
20220823-01,2022-08-23,2022,8,23,Tue,10,11,24,29,34,108,3,2,2,baseline.csv,20260425_204331
20220823-02,2022-08-23,2022,8,23,Tue,9,24,27,40,43,143,2,3,1,baseline.csv,20260425_204331
20220824-01,2022-08-24,2022,8,24,Wed,8,17,26,36,44,131,4,1,1,baseline.csv,20260425_204331
20220824-02,2022-08-24,2022,8,24,Wed,18,27,28,33,40,146,3,2,2,baseline.csv,20260425_204331
20220825-01,2022-08-25,2022,8,25,Thu,9,11,26,41,42,129,2,3,2,baseline.csv,20260425_204331
20220825-02,2022-08-25,2022,8,25,Thu,8,15,39,40,42,144,3,2,2,baseline.csv,20260425_204331
20220826-01,2022-08-26,2022,8,26,Fri,5,22,28,29,44,128,3,2,2,baseline.csv,20260425_204331
20220826-02,2022-08-26,2022,8,26,Fri,4,9,27,30,42,112,3,2,1,baseline.csv,20260425_204331
20220827-01,2022-08-27,2022,8,27,Sat,6,14,17,28,44,109,4,1,1,baseline.csv,20260425_204331
20220827-02,2022-08-27,2022,8,27,Sat,1,2,15,22,31,71,2,3,2,baseline.csv,20260425_204331
20220828-01,2022-08-28,2022,8,28,Sun,7,11,18,32,38,106,3,2,1,baseline.csv,20260425_204331
20220828-02,2022-08-28,2022,8,28,Sun,1,2,10,15,20,48,3,2,2,baseline.csv,20260425_204331
20220829-01,2022-08-29,2022,8,29,Mon,5,6,18,25,33,87,2,3,2,baseline.csv,20260425_204331
20220829-02,2022-08-29,2022,8,29,Mon,14,21,35,44,45,159,2,3,2,baseline.csv,20260425_204331
20220830-01,2022-08-30,2022,8,30,Tue,8,9,24,37,38,116,3,2,2,baseline.csv,20260425_204331
20220830-02,2022-08-30,2022,8,30,Tue,1,16,27,32,36,112,3,2,1,baseline.csv,20260425_204331
20220831-01,2022-08-31,2022,8,31,Wed,4,17,26,27,39,113,2,3,2,baseline.csv,20260425_204331
20220831-02,2022-08-31,2022,8,31,Wed,9,16,22,33,35,115,2,3,1,baseline.csv,20260425_204331
20220901-01,2022-09-01,2022,9,1,Thu,3,13,14,17,30,77,2,3,2,baseline.csv,20260425_204331
20220901-02,2022-09-01,2022,9,1,Thu,2,11,14,15,41,83,2,3,2,baseline.csv,20260425_204331
20220902-01,2022-09-02,2022,9,2,Fri,10,25,29,32,36,132,3,2,1,baseline.csv,20260425_204331
20220902-02,2022-09-02,2022,9,2,Fri,12,18,19,33,38,120,3,2,2,baseline.csv,20260425_204331
20220903-01,2022-09-03,2022,9,3,Sat,26,29,34,35,40,164,3,2,2,baseline.csv,20260425_204331
20220903-02,2022-09-03,2022,9,3,Sat,7,11,14,33,34,99,2,3,2,baseline.csv,20260425_204331
20220904-01,2022-09-04,2022,9,4,Sun,7,20,22,31,38,118,3,2,1,baseline.csv,20260425_204331
20220904-02,2022-09-04,2022,9,4,Sun,4,18,26,28,44,120,5,0,1,baseline.csv,20260425_204331
20220905-01,2022-09-05,2022,9,5,Mon,11,12,29,36,43,131,2,3,2,baseline.csv,20260425_204331
20220905-02,2022-09-05,2022,9,5,Mon,16,21,28,29,32,126,3,2,2,baseline.csv,20260425_204331
20220906-01,2022-09-06,2022,9,6,Tue,5,16,28,32,39,120,3,2,1,baseline.csv,20260425_204331
20220906-02,2022-09-06,2022,9,6,Tue,1,13,20,30,39,103,2,3,1,baseline.csv,20260425_204331
20220907-01,2022-09-07,2022,9,7,Wed,2,19,20,24,36,101,4,1,2,baseline.csv,20260425_204331
20220907-02,2022-09-07,2022,9,7,Wed,1,28,34,39,42,144,3,2,1,baseline.csv,20260425_204331
20220908-01,2022-09-08,2022,9,8,Thu,2,4,35,37,38,116,3,2,2,baseline.csv,20260425_204331
20220908-02,2022-09-08,2022,9,8,Thu,7,15,18,25,27,92,1,4,1,baseline.csv,20260425_204331
20220909-01,2022-09-09,2022,9,9,Fri,5,23,25,28,40,121,2,3,1,baseline.csv,20260425_204331
20220909-02,2022-09-09,2022,9,9,Fri,7,14,19,29,38,107,2,3,1,baseline.csv,20260425_204331
20220910-01,2022-09-10,2022,9,10,Sat,17,19,31,32,42,141,2,3,2,baseline.csv,20260425_204331
20220910-02,2022-09-10,2022,9,10,Sat,4,11,15,34,44,108,3,2,1,baseline.csv,20260425_204331
20220911-01,2022-09-11,2022,9,11,Sun,1,4,26,27,34,92,3,2,2,baseline.csv,20260425_204331
20220911-02,2022-09-11,2022,9,11,Sun,8,14,17,25,29,93,2,3,1,baseline.csv,20260425_204331
20220912-01,2022-09-12,2022,9,12,Mon,5,13,23,31,35,107,0,5,1,baseline.csv,20260425_204331
20220912-02,2022-09-12,2022,9,12,Mon,8,16,21,25,36,106,3,2,1,baseline.csv,20260425_204331
20220913-01,2022-09-13,2022,9,13,Tue,4,8,19,35,38,104,3,2,1,baseline.csv,20260425_204331
20220913-02,2022-09-13,2022,9,13,Tue,12,17,29,36,45,139,2,3,1,baseline.csv,20260425_204331
20220914-01,2022-09-14,2022,9,14,Wed,1,13,35,39,42,130,1,4,1,baseline.csv,20260425_204331
20220914-02,2022-09-14,2022,9,14,Wed,4,5,26,28,43,106,3,2,2,baseline.csv,20260425_204331
20220915-01,2022-09-15,2022,9,15,Thu,17,24,25,39,44,149,2,3,2,baseline.csv,20260425_204331
20220915-02,2022-09-15,2022,9,15,Thu,1,14,18,29,43,105,2,3,1,baseline.csv,20260425_204331
20220916-01,2022-09-16,2022,9,16,Fri,15,20,21,23,26,105,2,3,2,baseline.csv,20260425_204331
20220916-02,2022-09-16,2022,9,16,Fri,1,10,14,24,44,93,4,1,1,baseline.csv,20260425_204331
20220917-01,2022-09-17,2022,9,17,Sat,2,8,22,28,29,89,4,1,2,baseline.csv,20260425_204331
20220917-02,2022-09-17,2022,9,17,Sat,6,11,29,37,41,124,1,4,1,baseline.csv,20260425_204331
20220918-01,2022-09-18,2022,9,18,Sun,2,5,18,21,26,72,3,2,1,baseline.csv,20260425_204331
20220918-02,2022-09-18,2022,9,18,Sun,8,23,24,31,44,130,3,2,2,baseline.csv,20260425_204331
20220919-01,2022-09-19,2022,9,19,Mon,3,4,25,27,40,99,2,3,2,baseline.csv,20260425_204331
20220919-02,2022-09-19,2022,9,19,Mon,18,24,26,29,32,129,4,1,1,baseline.csv,20260425_204331
20220920-01,2022-09-20,2022,9,20,Tue,12,21,27,31,38,129,2,3,1,baseline.csv,20260425_204331
20220920-02,2022-09-20,2022,9,20,Tue,11,14,18,33,41,117,2,3,1,baseline.csv,20260425_204331
20220921-01,2022-09-21,2022,9,21,Wed,2,12,36,41,43,134,3,2,1,baseline.csv,20260425_204331
20220921-02,2022-09-21,2022,9,21,Wed,1,3,8,9,20,41,2,3,2,baseline.csv,20260425_204331
20220922-01,2022-09-22,2022,9,22,Thu,7,14,17,18,44,100,3,2,2,baseline.csv,20260425_204331
20220922-02,2022-09-22,2022,9,22,Thu,23,25,35,37,38,158,1,4,2,baseline.csv,20260425_204331
20220923-01,2022-09-23,2022,9,23,Fri,9,25,27,28,31,120,1,4,2,baseline.csv,20260425_204331
20220923-02,2022-09-23,2022,9,23,Fri,7,33,36,44,45,165,2,3,2,baseline.csv,20260425_204331
20220924-01,2022-09-24,2022,9,24,Sat,6,12,14,22,30,84,5,0,1,baseline.csv,20260425_204331
20220924-02,2022-09-24,2022,9,24,Sat,1,6,7,20,22,56,3,2,2,baseline.csv,20260425_204331
20220925-01,2022-09-25,2022,9,25,Sun,6,8,9,10,34,67,4,1,3,baseline.csv,20260425_204331
20220925-02,2022-09-25,2022,9,25,Sun,4,9,12,14,23,62,3,2,1,baseline.csv,20260425_204331
20220926-01,2022-09-26,2022,9,26,Mon,8,30,36,44,45,163,4,1,2,baseline.csv,20260425_204331
20220926-02,2022-09-26,2022,9,26,Mon,7,11,29,30,31,108,1,4,3,baseline.csv,20260425_204331
20220927-01,2022-09-27,2022,9,27,Tue,10,12,28,29,34,113,4,1,2,baseline.csv,20260425_204331
20220927-02,2022-09-27,2022,9,27,Tue,23,24,32,40,41,160,3,2,2,baseline.csv,20260425_204331
20220928-01,2022-09-28,2022,9,28,Wed,9,14,16,21,45,105,2,3,1,baseline.csv,20260425_204331
20220928-02,2022-09-28,2022,9,28,Wed,7,12,28,39,42,128,3,2,1,baseline.csv,20260425_204331
20220929-01,2022-09-29,2022,9,29,Thu,5,7,27,33,43,115,0,5,1,baseline.csv,20260425_204331
20220929-02,2022-09-29,2022,9,29,Thu,3,12,17,25,38,95,2,3,1,baseline.csv,20260425_204331
20220930-01,2022-09-30,2022,9,30,Fri,9,24,26,29,43,131,2,3,1,baseline.csv,20260425_204331
20220930-02,2022-09-30,2022,9,30,Fri,1,2,7,35,44,89,2,3,2,baseline.csv,20260425_204331
20221001-01,2022-10-01,2022,10,1,Sat,1,20,23,33,41,118,1,4,1,baseline.csv,20260425_204331
20221001-02,2022-10-01,2022,10,1,Sat,11,15,20,25,38,109,2,3,1,baseline.csv,20260425_204331
20221002-01,2022-10-02,2022,10,2,Sun,4,13,19,20,24,80,3,2,2,baseline.csv,20260425_204331
20221002-02,2022-10-02,2022,10,2,Sun,5,12,24,41,42,124,3,2,2,baseline.csv,20260425_204331
20221003-01,2022-10-03,2022,10,3,Mon,10,23,38,39,42,152,3,2,2,baseline.csv,20260425_204331
20221003-02,2022-10-03,2022,10,3,Mon,4,13,15,37,41,110,1,4,1,baseline.csv,20260425_204331
20221004-01,2022-10-04,2022,10,4,Tue,1,8,38,40,44,131,4,1,1,baseline.csv,20260425_204331
20221004-02,2022-10-04,2022,10,4,Tue,1,5,13,16,25,60,1,4,1,baseline.csv,20260425_204331
20221005-01,2022-10-05,2022,10,5,Wed,13,15,16,36,39,119,2,3,2,baseline.csv,20260425_204331
20221005-02,2022-10-05,2022,10,5,Wed,3,8,22,24,33,90,3,2,1,baseline.csv,20260425_204331
20221006-01,2022-10-06,2022,10,6,Thu,7,10,22,26,28,93,4,1,1,baseline.csv,20260425_204331
20221006-02,2022-10-06,2022,10,6,Thu,4,5,29,30,38,106,3,2,2,baseline.csv,20260425_204331
20221007-01,2022-10-07,2022,10,7,Fri,14,22,24,27,29,116,3,2,1,baseline.csv,20260425_204331
20221007-02,2022-10-07,2022,10,7,Fri,3,6,24,26,34,93,4,1,1,baseline.csv,20260425_204331
20221008-01,2022-10-08,2022,10,8,Sat,9,11,18,36,44,118,3,2,1,baseline.csv,20260425_204331
20221008-02,2022-10-08,2022,10,8,Sat,4,7,25,26,33,95,2,3,2,baseline.csv,20260425_204331
20221009-01,2022-10-09,2022,10,9,Sun,14,18,30,34,45,141,4,1,1,baseline.csv,20260425_204331
20221009-02,2022-10-09,2022,10,9,Sun,12,13,15,30,31,101,2,3,2,baseline.csv,20260425_204331
20221010-01,2022-10-10,2022,10,10,Mon,8,30,33,34,44,149,4,1,2,baseline.csv,20260425_204331
20221010-02,2022-10-10,2022,10,10,Mon,9,13,27,36,40,125,2,3,1,baseline.csv,20260425_204331
20221011-01,2022-10-11,2022,10,11,Tue,6,19,32,39,43,139,2,3,1,baseline.csv,20260425_204331
20221011-02,2022-10-11,2022,10,11,Tue,2,9,13,16,38,78,3,2,1,baseline.csv,20260425_204331
20221012-01,2022-10-12,2022,10,12,Wed,4,10,28,37,43,122,3,2,1,baseline.csv,20260425_204331
20221012-02,2022-10-12,2022,10,12,Wed,4,6,15,25,38,88,3,2,1,baseline.csv,20260425_204331
20221013-01,2022-10-13,2022,10,13,Thu,3,5,8,31,37,84,1,4,1,baseline.csv,20260425_204331
20221013-02,2022-10-13,2022,10,13,Thu,6,13,25,28,30,102,3,2,1,baseline.csv,20260425_204331
20221014-01,2022-10-14,2022,10,14,Fri,5,10,15,19,32,81,2,3,1,baseline.csv,20260425_204331
20221014-02,2022-10-14,2022,10,14,Fri,1,27,30,37,39,134,1,4,1,baseline.csv,20260425_204331
20221015-01,2022-10-15,2022,10,15,Sat,3,7,11,17,27,65,0,5,1,baseline.csv,20260425_204331
20221015-02,2022-10-15,2022,10,15,Sat,21,26,36,40,45,168,3,2,1,baseline.csv,20260425_204331
20221016-01,2022-10-16,2022,10,16,Sun,10,31,35,38,45,159,2,3,1,baseline.csv,20260425_204331
20221016-02,2022-10-16,2022,10,16,Sun,10,16,36,37,42,141,4,1,2,baseline.csv,20260425_204331
20221017-01,2022-10-17,2022,10,17,Mon,1,7,24,28,34,94,3,2,1,baseline.csv,20260425_204331
20221017-02,2022-10-17,2022,10,17,Mon,8,15,21,35,40,119,2,3,1,baseline.csv,20260425_204331
20221018-01,2022-10-18,2022,10,18,Tue,6,8,35,41,42,132,3,2,2,baseline.csv,20260425_204331
20221018-02,2022-10-18,2022,10,18,Tue,10,25,32,33,38,138,3,2,2,baseline.csv,20260425_204331
20221019-01,2022-10-19,2022,10,19,Wed,4,20,22,32,44,122,5,0,1,baseline.csv,20260425_204331
20221019-02,2022-10-19,2022,10,19,Wed,1,8,20,23,34,86,3,2,1,baseline.csv,20260425_204331
20221020-01,2022-10-20,2022,10,20,Thu,1,4,6,24,45,80,3,2,1,baseline.csv,20260425_204331
20221020-02,2022-10-20,2022,10,20,Thu,11,20,23,27,34,115,2,3,1,baseline.csv,20260425_204331
20221021-01,2022-10-21,2022,10,21,Fri,10,16,19,26,41,112,3,2,1,baseline.csv,20260425_204331
20221021-02,2022-10-21,2022,10,21,Fri,23,28,30,33,38,152,3,2,1,baseline.csv,20260425_204331
20221022-01,2022-10-22,2022,10,22,Sat,7,25,28,31,35,126,1,4,1,baseline.csv,20260425_204331
20221022-02,2022-10-22,2022,10,22,Sat,20,26,28,31,35,140,3,2,1,baseline.csv,20260425_204331
20221023-01,2022-10-23,2022,10,23,Sun,2,30,37,41,45,155,2,3,1,baseline.csv,20260425_204331
20221023-02,2022-10-23,2022,10,23,Sun,17,20,25,34,45,141,2,3,1,baseline.csv,20260425_204331
20221024-01,2022-10-24,2022,10,24,Mon,10,20,24,34,37,125,4,1,1,baseline.csv,20260425_204331
20221024-02,2022-10-24,2022,10,24,Mon,24,28,37,38,43,170,3,2,2,baseline.csv,20260425_204331
20221025-01,2022-10-25,2022,10,25,Tue,4,9,16,27,33,89,2,3,1,baseline.csv,20260425_204331
20221025-02,2022-10-25,2022,10,25,Tue,1,11,17,36,40,105,2,3,1,baseline.csv,20260425_204331
20221026-01,2022-10-26,2022,10,26,Wed,22,24,25,37,40,148,3,2,2,baseline.csv,20260425_204331
20221026-02,2022-10-26,2022,10,26,Wed,3,17,18,26,32,96,3,2,2,baseline.csv,20260425_204331
20221027-01,2022-10-27,2022,10,27,Thu,2,12,18,22,39,93,4,1,1,baseline.csv,20260425_204331
20221027-02,2022-10-27,2022,10,27,Thu,2,3,30,36,44,115,4,1,2,baseline.csv,20260425_204331
20221028-01,2022-10-28,2022,10,28,Fri,5,8,11,37,42,103,2,3,1,baseline.csv,20260425_204331
20221028-02,2022-10-28,2022,10,28,Fri,6,8,18,26,30,88,5,0,1,baseline.csv,20260425_204331
20221029-01,2022-10-29,2022,10,29,Sat,5,11,13,20,28,77,2,3,1,baseline.csv,20260425_204331
20221029-02,2022-10-29,2022,10,29,Sat,6,10,14,35,42,107,4,1,1,baseline.csv,20260425_204331
20221030-01,2022-10-30,2022,10,30,Sun,18,23,29,44,45,159,2,3,2,baseline.csv,20260425_204331
20221030-02,2022-10-30,2022,10,30,Sun,25,27,28,34,43,157,2,3,2,baseline.csv,20260425_204331
20221031-01,2022-10-31,2022,10,31,Mon,15,18,27,28,45,133,2,3,2,baseline.csv,20260425_204331
20221031-02,2022-10-31,2022,10,31,Mon,3,15,23,31,40,112,1,4,1,baseline.csv,20260425_204331
20221101-01,2022-11-01,2022,11,1,Tue,5,12,25,35,44,121,2,3,1,baseline.csv,20260425_204331
20221101-02,2022-11-01,2022,11,1,Tue,1,11,17,22,37,88,1,4,1,baseline.csv,20260425_204331
20221102-01,2022-11-02,2022,11,2,Wed,6,7,20,22,36,91,4,1,2,baseline.csv,20260425_204331
20221102-02,2022-11-02,2022,11,2,Wed,3,12,17,32,38,102,3,2,1,baseline.csv,20260425_204331
20221103-01,2022-11-03,2022,11,3,Thu,15,24,27,32,33,131,2,3,2,baseline.csv,20260425_204331
20221103-02,2022-11-03,2022,11,3,Thu,8,10,19,27,38,102,3,2,1,baseline.csv,20260425_204331
20221104-01,2022-11-04,2022,11,4,Fri,9,14,17,21,42,103,2,3,1,baseline.csv,20260425_204331
20221104-02,2022-11-04,2022,11,4,Fri,15,19,31,34,39,138,1,4,1,baseline.csv,20260425_204331
20221105-01,2022-11-05,2022,11,5,Sat,1,16,18,26,27,88,3,2,2,baseline.csv,20260425_204331
20221105-02,2022-11-05,2022,11,5,Sat,17,19,30,32,42,140,3,2,1,baseline.csv,20260425_204331
20221106-01,2022-11-06,2022,11,6,Sun,3,9,30,35,42,119,2,3,1,baseline.csv,20260425_204331
20221106-02,2022-11-06,2022,11,6,Sun,3,19,22,28,39,111,2,3,1,baseline.csv,20260425_204331
20221107-01,2022-11-07,2022,11,7,Mon,17,23,28,34,37,139,2,3,1,baseline.csv,20260425_204331
20221107-02,2022-11-07,2022,11,7,Mon,6,12,23,30,34,105,4,1,1,baseline.csv,20260425_204331
20221108-01,2022-11-08,2022,11,8,Tue,13,17,25,29,41,125,0,5,1,baseline.csv,20260425_204331
20221108-02,2022-11-08,2022,11,8,Tue,2,7,8,21,43,81,2,3,2,baseline.csv,20260425_204331
20221109-01,2022-11-09,2022,11,9,Wed,9,13,17,19,28,86,1,4,1,baseline.csv,20260425_204331
20221109-02,2022-11-09,2022,11,9,Wed,8,33,36,39,40,156,3,2,2,baseline.csv,20260425_204331
20221110-01,2022-11-10,2022,11,10,Thu,1,10,12,13,41,77,2,3,2,baseline.csv,20260425_204331
20221110-02,2022-11-10,2022,11,10,Thu,5,17,32,35,39,128,1,4,1,baseline.csv,20260425_204331
20221111-01,2022-11-11,2022,11,11,Fri,9,14,19,23,44,109,2,3,1,baseline.csv,20260425_204331
20221111-02,2022-11-11,2022,11,11,Fri,2,8,24,37,40,111,4,1,1,baseline.csv,20260425_204331
20221112-01,2022-11-12,2022,11,12,Sat,3,13,16,25,28,85,2,3,1,baseline.csv,20260425_204331
20221112-02,2022-11-12,2022,11,12,Sat,5,18,21,23,40,107,2,3,1,baseline.csv,20260425_204331
20221113-01,2022-11-13,2022,11,13,Sun,8,14,16,23,37,98,3,2,1,baseline.csv,20260425_204331
20221113-02,2022-11-13,2022,11,13,Sun,11,16,29,37,45,138,1,4,1,baseline.csv,20260425_204331
20221114-01,2022-11-14,2022,11,14,Mon,5,16,21,23,41,106,1,4,1,baseline.csv,20260425_204331
20221114-02,2022-11-14,2022,11,14,Mon,1,6,30,40,41,118,3,2,2,baseline.csv,20260425_204331
20221115-01,2022-11-15,2022,11,15,Tue,12,14,23,32,36,117,4,1,1,baseline.csv,20260425_204331
20221115-02,2022-11-15,2022,11,15,Tue,5,15,38,39,44,141,2,3,2,baseline.csv,20260425_204331
20221116-01,2022-11-16,2022,11,16,Wed,2,4,34,37,44,121,4,1,1,baseline.csv,20260425_204331
20221116-02,2022-11-16,2022,11,16,Wed,20,25,26,34,41,146,3,2,2,baseline.csv,20260425_204331
20221117-01,2022-11-17,2022,11,17,Thu,6,21,23,30,40,120,3,2,1,baseline.csv,20260425_204331
20221117-02,2022-11-17,2022,11,17,Thu,2,12,20,33,41,108,3,2,1,baseline.csv,20260425_204331
20221118-01,2022-11-18,2022,11,18,Fri,3,5,15,28,29,80,1,4,2,baseline.csv,20260425_204331
20221118-02,2022-11-18,2022,11,18,Fri,3,10,33,42,43,131,2,3,2,baseline.csv,20260425_204331
20221119-01,2022-11-19,2022,11,19,Sat,6,14,21,27,42,110,3,2,1,baseline.csv,20260425_204331
20221119-02,2022-11-19,2022,11,19,Sat,1,19,27,28,37,112,1,4,2,baseline.csv,20260425_204331
20221120-01,2022-11-20,2022,11,20,Sun,9,12,16,33,44,114,3,2,1,baseline.csv,20260425_204331
20221120-02,2022-11-20,2022,11,20,Sun,2,3,25,37,45,112,1,4,2,baseline.csv,20260425_204331
20221121-01,2022-11-21,2022,11,21,Mon,8,12,24,28,32,104,5,0,1,baseline.csv,20260425_204331
20221121-02,2022-11-21,2022,11,21,Mon,1,16,17,43,44,121,2,3,2,baseline.csv,20260425_204331
20221122-01,2022-11-22,2022,11,22,Tue,2,20,24,40,44,130,5,0,1,baseline.csv,20260425_204331
20221122-02,2022-11-22,2022,11,22,Tue,2,7,14,16,37,76,3,2,1,baseline.csv,20260425_204331
20221123-01,2022-11-23,2022,11,23,Wed,12,19,20,39,41,131,2,3,2,baseline.csv,20260425_204331
20221123-02,2022-11-23,2022,11,23,Wed,8,26,33,36,41,144,3,2,1,baseline.csv,20260425_204331
20221124-01,2022-11-24,2022,11,24,Thu,11,31,34,36,43,155,2,3,1,baseline.csv,20260425_204331
20221124-02,2022-11-24,2022,11,24,Thu,2,7,11,26,36,82,3,2,1,baseline.csv,20260425_204331
20221125-01,2022-11-25,2022,11,25,Fri,20,22,24,33,42,141,4,1,1,baseline.csv,20260425_204331
20221125-02,2022-11-25,2022,11,25,Fri,2,12,15,20,23,72,3,2,1,baseline.csv,20260425_204331
20221126-01,2022-11-26,2022,11,26,Sat,7,13,19,44,45,128,1,4,2,baseline.csv,20260425_204331
20221126-02,2022-11-26,2022,11,26,Sat,2,14,20,22,39,97,4,1,1,baseline.csv,20260425_204331
20221127-01,2022-11-27,2022,11,27,Sun,2,19,20,27,45,113,2,3,2,baseline.csv,20260425_204331
20221127-02,2022-11-27,2022,11,27,Sun,16,21,24,32,39,132,3,2,1,baseline.csv,20260425_204331
20221128-01,2022-11-28,2022,11,28,Mon,4,5,26,33,38,106,3,2,2,baseline.csv,20260425_204331
20221128-02,2022-11-28,2022,11,28,Mon,9,18,26,32,38,123,4,1,1,baseline.csv,20260425_204331
20221129-01,2022-11-29,2022,11,29,Tue,6,29,33,38,39,145,2,3,2,baseline.csv,20260425_204331
20221129-02,2022-11-29,2022,11,29,Tue,6,11,14,16,24,71,4,1,1,baseline.csv,20260425_204331
20221130-01,2022-11-30,2022,11,30,Wed,2,10,13,36,37,98,3,2,2,baseline.csv,20260425_204331
20221130-02,2022-11-30,2022,11,30,Wed,12,15,22,31,43,123,2,3,1,baseline.csv,20260425_204331
20221201-01,2022-12-01,2022,12,1,Thu,8,27,28,33,35,131,2,3,2,baseline.csv,20260425_204331
20221201-02,2022-12-01,2022,12,1,Thu,21,25,28,36,42,152,3,2,1,baseline.csv,20260425_204331
20221202-01,2022-12-02,2022,12,2,Fri,6,19,25,34,43,127,2,3,1,baseline.csv,20260425_204331
20221202-02,2022-12-02,2022,12,2,Fri,7,8,23,29,33,100,1,4,2,baseline.csv,20260425_204331
20221203-01,2022-12-03,2022,12,3,Sat,18,27,32,37,43,157,2,3,1,baseline.csv,20260425_204331
20221203-02,2022-12-03,2022,12,3,Sat,26,27,31,32,39,155,2,3,2,baseline.csv,20260425_204331
20221204-01,2022-12-04,2022,12,4,Sun,2,23,27,37,38,127,2,3,2,baseline.csv,20260425_204331
20221204-02,2022-12-04,2022,12,4,Sun,1,5,31,32,36,105,2,3,2,baseline.csv,20260425_204331
20221205-01,2022-12-05,2022,12,5,Mon,9,15,25,26,42,117,2,3,2,baseline.csv,20260425_204331
20221205-02,2022-12-05,2022,12,5,Mon,2,6,17,19,42,86,3,2,1,baseline.csv,20260425_204331
20221206-01,2022-12-06,2022,12,6,Tue,4,5,21,25,33,88,1,4,2,baseline.csv,20260425_204331
20221206-02,2022-12-06,2022,12,6,Tue,4,20,36,38,40,138,5,0,1,baseline.csv,20260425_204331
20221207-01,2022-12-07,2022,12,7,Wed,12,13,24,28,43,120,3,2,2,baseline.csv,20260425_204331
20221207-02,2022-12-07,2022,12,7,Wed,2,11,19,24,28,84,3,2,1,baseline.csv,20260425_204331
20221208-01,2022-12-08,2022,12,8,Thu,1,7,16,20,38,82,3,2,1,baseline.csv,20260425_204331
20221208-02,2022-12-08,2022,12,8,Thu,2,3,6,15,17,43,2,3,2,baseline.csv,20260425_204331
20221209-01,2022-12-09,2022,12,9,Fri,20,21,38,40,44,163,4,1,2,baseline.csv,20260425_204331
20221209-02,2022-12-09,2022,12,9,Fri,9,11,26,39,42,127,2,3,1,baseline.csv,20260425_204331
20221210-01,2022-12-10,2022,12,10,Sat,3,7,11,14,44,79,2,3,1,baseline.csv,20260425_204331
20221210-02,2022-12-10,2022,12,10,Sat,11,16,36,43,44,150,3,2,2,baseline.csv,20260425_204331
20221211-01,2022-12-11,2022,12,11,Sun,4,21,28,35,40,128,3,2,1,baseline.csv,20260425_204331
20221211-02,2022-12-11,2022,12,11,Sun,4,9,10,17,43,83,2,3,2,baseline.csv,20260425_204331
20221212-01,2022-12-12,2022,12,12,Mon,5,19,27,34,44,129,2,3,1,baseline.csv,20260425_204331
20221212-02,2022-12-12,2022,12,12,Mon,17,18,23,26,44,128,3,2,2,baseline.csv,20260425_204331
20221213-01,2022-12-13,2022,12,13,Tue,3,6,7,17,24,57,2,3,2,baseline.csv,20260425_204331
20221213-02,2022-12-13,2022,12,13,Tue,6,12,19,37,42,116,3,2,1,baseline.csv,20260425_204331
20221214-01,2022-12-14,2022,12,14,Wed,11,23,40,41,45,160,1,4,2,baseline.csv,20260425_204331
20221214-02,2022-12-14,2022,12,14,Wed,5,13,16,31,42,107,2,3,1,baseline.csv,20260425_204331
20221215-01,2022-12-15,2022,12,15,Thu,3,24,26,32,44,129,4,1,1,baseline.csv,20260425_204331
20221215-02,2022-12-15,2022,12,15,Thu,9,24,29,33,36,131,2,3,1,baseline.csv,20260425_204331
20221216-01,2022-12-16,2022,12,16,Fri,6,18,25,35,40,124,3,2,1,baseline.csv,20260425_204331
20221216-02,2022-12-16,2022,12,16,Fri,2,7,8,12,41,70,3,2,2,baseline.csv,20260425_204331
20221217-01,2022-12-17,2022,12,17,Sat,5,14,21,44,45,129,2,3,2,baseline.csv,20260425_204331
20221217-02,2022-12-17,2022,12,17,Sat,4,11,21,40,45,121,2,3,1,baseline.csv,20260425_204331
20221218-01,2022-12-18,2022,12,18,Sun,1,4,9,35,39,88,1,4,1,baseline.csv,20260425_204331
20221218-02,2022-12-18,2022,12,18,Sun,1,8,19,41,44,113,2,3,1,baseline.csv,20260425_204331
20221219-01,2022-12-19,2022,12,19,Mon,27,28,31,33,36,155,2,3,2,baseline.csv,20260425_204331
20221219-02,2022-12-19,2022,12,19,Mon,7,19,20,21,45,112,1,4,3,baseline.csv,20260425_204331
20221220-01,2022-12-20,2022,12,20,Tue,11,13,14,28,37,103,2,3,2,baseline.csv,20260425_204331
20221220-02,2022-12-20,2022,12,20,Tue,1,2,12,21,32,68,3,2,2,baseline.csv,20260425_204331
20221221-01,2022-12-21,2022,12,21,Wed,2,14,26,35,36,113,4,1,2,baseline.csv,20260425_204331
20221221-02,2022-12-21,2022,12,21,Wed,1,5,19,35,38,98,1,4,1,baseline.csv,20260425_204331
20221222-01,2022-12-22,2022,12,22,Thu,3,6,22,26,30,87,4,1,1,baseline.csv,20260425_204331
20221222-02,2022-12-22,2022,12,22,Thu,3,5,6,15,29,58,1,4,2,baseline.csv,20260425_204331
20221223-01,2022-12-23,2022,12,23,Fri,17,19,28,36,43,143,2,3,1,baseline.csv,20260425_204331
20221223-02,2022-12-23,2022,12,23,Fri,11,36,40,41,44,172,3,2,2,baseline.csv,20260425_204331
20221224-01,2022-12-24,2022,12,24,Sat,2,3,12,23,43,83,2,3,2,baseline.csv,20260425_204331
20221224-02,2022-12-24,2022,12,24,Sat,5,12,37,41,43,138,1,4,1,baseline.csv,20260425_204331
20221225-01,2022-12-25,2022,12,25,Sun,18,23,27,37,45,150,1,4,1,baseline.csv,20260425_204331
20221225-02,2022-12-25,2022,12,25,Sun,2,15,17,22,24,80,3,2,1,baseline.csv,20260425_204331
20221226-01,2022-12-26,2022,12,26,Mon,5,6,21,28,41,101,2,3,2,baseline.csv,20260425_204331
20221226-02,2022-12-26,2022,12,26,Mon,9,16,36,39,43,143,2,3,1,baseline.csv,20260425_204331
20221227-01,2022-12-27,2022,12,27,Tue,16,19,22,33,43,133,2,3,1,baseline.csv,20260425_204331
20221227-02,2022-12-27,2022,12,27,Tue,21,29,33,38,39,160,1,4,2,baseline.csv,20260425_204331
20221228-01,2022-12-28,2022,12,28,Wed,2,13,26,28,41,110,3,2,1,baseline.csv,20260425_204331
20221228-02,2022-12-28,2022,12,28,Wed,6,8,21,39,40,114,3,2,2,baseline.csv,20260425_204331
20221229-01,2022-12-29,2022,12,29,Thu,8,15,21,36,38,118,3,2,1,baseline.csv,20260425_204331
20221229-02,2022-12-29,2022,12,29,Thu,4,7,11,16,22,60,3,2,1,baseline.csv,20260425_204331
20221230-01,2022-12-30,2022,12,30,Fri,7,12,18,23,26,86,3,2,1,baseline.csv,20260425_204331
20221230-02,2022-12-30,2022,12,30,Fri,14,17,21,37,40,129,2,3,1,baseline.csv,20260425_204331
20221231-01,2022-12-31,2022,12,31,Sat,4,5,21,26,29,85,2,3,2,baseline.csv,20260425_204331
20221231-02,2022-12-31,2022,12,31,Sat,2,4,13,26,37,82,3,2,1,baseline.csv,20260425_204331
20230101-01,2023-01-01,2023,1,1,Sun,1,19,24,28,44,116,3,2,1,baseline.csv,20260425_204331
20230101-02,2023-01-01,2023,1,1,Sun,11,13,24,29,33,110,1,4,1,baseline.csv,20260425_204331
20230102-01,2023-01-02,2023,1,2,Mon,8,20,21,33,40,122,3,2,2,baseline.csv,20260425_204331
20230102-02,2023-01-02,2023,1,2,Mon,3,11,28,30,45,117,2,3,1,baseline.csv,20260425_204331
20230103-01,2023-01-03,2023,1,3,Tue,1,8,15,22,45,91,2,3,1,baseline.csv,20260425_204331
20230103-02,2023-01-03,2023,1,3,Tue,9,18,24,30,43,124,3,2,1,baseline.csv,20260425_204331
20230104-01,2023-01-04,2023,1,4,Wed,8,14,21,26,38,107,4,1,1,baseline.csv,20260425_204331
20230104-02,2023-01-04,2023,1,4,Wed,7,11,18,38,42,116,3,2,1,baseline.csv,20260425_204331
20230105-01,2023-01-05,2023,1,5,Thu,5,9,27,30,45,116,1,4,1,baseline.csv,20260425_204331
20230105-02,2023-01-05,2023,1,5,Thu,3,24,25,27,45,124,1,4,2,baseline.csv,20260425_204331
20230106-01,2023-01-06,2023,1,6,Fri,7,16,20,26,41,110,3,2,1,baseline.csv,20260425_204331
20230106-02,2023-01-06,2023,1,6,Fri,5,15,31,38,40,129,2,3,1,baseline.csv,20260425_204331
20230107-01,2023-01-07,2023,1,7,Sat,8,11,40,41,45,145,2,3,2,baseline.csv,20260425_204331
20230107-02,2023-01-07,2023,1,7,Sat,14,24,31,42,45,156,3,2,1,baseline.csv,20260425_204331
20230108-01,2023-01-08,2023,1,8,Sun,4,13,26,36,43,122,3,2,1,baseline.csv,20260425_204331
20230108-02,2023-01-08,2023,1,8,Sun,9,11,35,36,45,136,1,4,2,baseline.csv,20260425_204331
20230109-01,2023-01-09,2023,1,9,Mon,2,3,7,23,35,70,1,4,2,baseline.csv,20260425_204331
20230109-02,2023-01-09,2023,1,9,Mon,8,12,19,24,45,108,3,2,1,baseline.csv,20260425_204331
20230110-01,2023-01-10,2023,1,10,Tue,1,4,16,18,44,83,4,1,1,baseline.csv,20260425_204331
20230110-02,2023-01-10,2023,1,10,Tue,2,9,20,35,38,104,3,2,1,baseline.csv,20260425_204331
20230111-01,2023-01-11,2023,1,11,Wed,10,16,17,24,35,102,3,2,2,baseline.csv,20260425_204331
20230111-02,2023-01-11,2023,1,11,Wed,8,13,16,22,27,86,3,2,1,baseline.csv,20260425_204331
20230112-01,2023-01-12,2023,1,12,Thu,6,9,12,31,40,98,3,2,1,baseline.csv,20260425_204331
20230112-02,2023-01-12,2023,1,12,Thu,1,9,19,20,34,83,2,3,2,baseline.csv,20260425_204331
20230113-01,2023-01-13,2023,1,13,Fri,16,23,33,35,45,152,1,4,1,baseline.csv,20260425_204331
20230113-02,2023-01-13,2023,1,13,Fri,5,29,34,39,43,150,1,4,1,baseline.csv,20260425_204331
20230114-01,2023-01-14,2023,1,14,Sat,4,12,15,22,41,94,3,2,1,baseline.csv,20260425_204331
20230114-02,2023-01-14,2023,1,14,Sat,22,26,36,43,44,171,4,1,2,baseline.csv,20260425_204331
20230115-01,2023-01-15,2023,1,15,Sun,1,4,10,25,42,82,3,2,1,baseline.csv,20260425_204331
20230115-02,2023-01-15,2023,1,15,Sun,7,11,23,24,28,93,2,3,2,baseline.csv,20260425_204331
20230116-01,2023-01-16,2023,1,16,Mon,18,20,24,31,44,137,4,1,1,baseline.csv,20260425_204331
20230116-02,2023-01-16,2023,1,16,Mon,1,3,5,6,18,33,2,3,2,baseline.csv,20260425_204331
20230117-01,2023-01-17,2023,1,17,Tue,9,19,22,34,37,121,2,3,1,baseline.csv,20260425_204331
20230117-02,2023-01-17,2023,1,17,Tue,8,32,38,43,45,166,3,2,1,baseline.csv,20260425_204331
20230118-01,2023-01-18,2023,1,18,Wed,1,18,22,37,42,120,3,2,1,baseline.csv,20260425_204331
20230118-02,2023-01-18,2023,1,18,Wed,22,28,30,32,43,155,4,1,1,baseline.csv,20260425_204331
20230119-01,2023-01-19,2023,1,19,Thu,2,3,28,40,44,117,4,1,2,baseline.csv,20260425_204331
20230119-02,2023-01-19,2023,1,19,Thu,8,15,32,38,44,137,4,1,1,baseline.csv,20260425_204331
20230120-01,2023-01-20,2023,1,20,Fri,15,20,26,38,39,138,3,2,2,baseline.csv,20260425_204331
20230120-02,2023-01-20,2023,1,20,Fri,3,29,35,42,43,152,1,4,2,baseline.csv,20260425_204331
20230121-01,2023-01-21,2023,1,21,Sat,11,15,20,28,35,109,2,3,1,baseline.csv,20260425_204331
20230121-02,2023-01-21,2023,1,21,Sat,1,2,11,14,38,66,3,2,2,baseline.csv,20260425_204331
20230122-01,2023-01-22,2023,1,22,Sun,5,10,15,16,39,85,2,3,2,baseline.csv,20260425_204331
20230122-02,2023-01-22,2023,1,22,Sun,9,10,15,21,22,77,2,3,2,baseline.csv,20260425_204331
20230123-01,2023-01-23,2023,1,23,Mon,2,11,16,28,42,99,4,1,1,baseline.csv,20260425_204331
20230123-02,2023-01-23,2023,1,23,Mon,14,21,24,33,41,133,2,3,1,baseline.csv,20260425_204331
20230124-01,2023-01-24,2023,1,24,Tue,3,4,30,38,41,116,3,2,2,baseline.csv,20260425_204331
20230124-02,2023-01-24,2023,1,24,Tue,11,21,36,41,42,151,2,3,2,baseline.csv,20260425_204331
20230125-01,2023-01-25,2023,1,25,Wed,1,7,29,31,35,103,0,5,1,baseline.csv,20260425_204331
20230125-02,2023-01-25,2023,1,25,Wed,8,25,33,42,43,151,2,3,2,baseline.csv,20260425_204331
20230126-01,2023-01-26,2023,1,26,Thu,3,4,18,31,34,90,3,2,2,baseline.csv,20260425_204331
20230126-02,2023-01-26,2023,1,26,Thu,11,17,34,36,45,143,2,3,1,baseline.csv,20260425_204331
20230127-01,2023-01-27,2023,1,27,Fri,17,23,26,31,39,136,1,4,1,baseline.csv,20260425_204331
20230127-02,2023-01-27,2023,1,27,Fri,15,16,34,35,36,136,3,2,3,baseline.csv,20260425_204331
20230128-01,2023-01-28,2023,1,28,Sat,12,24,25,35,36,132,3,2,2,baseline.csv,20260425_204331
20230128-02,2023-01-28,2023,1,28,Sat,1,11,17,35,40,104,1,4,1,baseline.csv,20260425_204331
20230129-01,2023-01-29,2023,1,29,Sun,3,9,19,27,41,99,0,5,1,baseline.csv,20260425_204331
20230129-02,2023-01-29,2023,1,29,Sun,6,13,25,31,41,116,1,4,1,baseline.csv,20260425_204331
20230130-01,2023-01-30,2023,1,30,Mon,9,26,27,32,45,139,2,3,2,baseline.csv,20260425_204331
20230130-02,2023-01-30,2023,1,30,Mon,13,19,25,33,37,127,0,5,1,baseline.csv,20260425_204331
20230131-01,2023-01-31,2023,1,31,Tue,2,12,16,32,45,107,4,1,1,baseline.csv,20260425_204331
20230131-02,2023-01-31,2023,1,31,Tue,12,24,26,34,35,131,4,1,2,baseline.csv,20260425_204331
20230201-01,2023-02-01,2023,2,1,Wed,15,26,30,31,43,145,2,3,2,baseline.csv,20260425_204331
20230201-02,2023-02-01,2023,2,1,Wed,2,4,11,13,30,60,3,2,1,baseline.csv,20260425_204331
20230202-01,2023-02-02,2023,2,2,Thu,4,24,25,29,42,124,3,2,2,baseline.csv,20260425_204331
20230202-02,2023-02-02,2023,2,2,Thu,15,17,19,26,32,109,2,3,1,baseline.csv,20260425_204331
20230203-01,2023-02-03,2023,2,3,Fri,12,31,33,35,42,153,2,3,1,baseline.csv,20260425_204331
20230203-02,2023-02-03,2023,2,3,Fri,18,29,30,33,45,155,2,3,2,baseline.csv,20260425_204331
20230204-01,2023-02-04,2023,2,4,Sat,4,18,34,37,42,135,4,1,1,baseline.csv,20260425_204331
20230204-02,2023-02-04,2023,2,4,Sat,31,34,35,36,40,176,3,2,3,baseline.csv,20260425_204331
20230205-01,2023-02-05,2023,2,5,Sun,17,20,22,24,35,118,3,2,1,baseline.csv,20260425_204331
20230205-02,2023-02-05,2023,2,5,Sun,3,15,19,24,42,103,2,3,1,baseline.csv,20260425_204331
20230206-01,2023-02-06,2023,2,6,Mon,3,6,7,16,26,58,3,2,2,baseline.csv,20260425_204331
20230206-02,2023-02-06,2023,2,6,Mon,2,12,15,33,37,99,2,3,1,baseline.csv,20260425_204331
20230207-01,2023-02-07,2023,2,7,Tue,6,27,28,30,39,130,3,2,2,baseline.csv,20260425_204331
20230207-02,2023-02-07,2023,2,7,Tue,2,9,21,32,45,109,2,3,1,baseline.csv,20260425_204331
20230208-01,2023-02-08,2023,2,8,Wed,2,18,24,25,34,103,4,1,2,baseline.csv,20260425_204331
20230208-02,2023-02-08,2023,2,8,Wed,7,24,29,32,44,136,3,2,1,baseline.csv,20260425_204331
20230209-01,2023-02-09,2023,2,9,Thu,12,14,26,39,42,133,4,1,1,baseline.csv,20260425_204331
20230209-02,2023-02-09,2023,2,9,Thu,8,14,16,25,38,101,4,1,1,baseline.csv,20260425_204331
20230210-01,2023-02-10,2023,2,10,Fri,4,23,26,31,41,125,2,3,1,baseline.csv,20260425_204331
20230210-02,2023-02-10,2023,2,10,Fri,6,23,30,37,41,137,2,3,1,baseline.csv,20260425_204331
20230211-01,2023-02-11,2023,2,11,Sat,1,30,38,40,41,150,3,2,2,baseline.csv,20260425_204331
20230211-02,2023-02-11,2023,2,11,Sat,5,8,21,31,44,109,2,3,1,baseline.csv,20260425_204331
20230212-01,2023-02-12,2023,2,12,Sun,13,17,29,36,42,137,2,3,1,baseline.csv,20260425_204331
20230212-02,2023-02-12,2023,2,12,Sun,13,20,26,39,40,138,3,2,2,baseline.csv,20260425_204331
20230213-01,2023-02-13,2023,2,13,Mon,3,23,29,37,41,133,0,5,1,baseline.csv,20260425_204331
20230213-02,2023-02-13,2023,2,13,Mon,3,8,12,22,32,77,4,1,1,baseline.csv,20260425_204331
20230214-01,2023-02-14,2023,2,14,Tue,3,5,28,39,42,117,2,3,1,baseline.csv,20260425_204331
20230214-02,2023-02-14,2023,2,14,Tue,24,30,35,41,44,174,3,2,1,baseline.csv,20260425_204331
20230215-01,2023-02-15,2023,2,15,Wed,2,26,34,43,45,150,3,2,1,baseline.csv,20260425_204331
20230215-02,2023-02-15,2023,2,15,Wed,21,26,32,33,34,146,3,2,3,baseline.csv,20260425_204331
20230216-01,2023-02-16,2023,2,16,Thu,8,10,14,26,32,90,5,0,1,baseline.csv,20260425_204331
20230216-02,2023-02-16,2023,2,16,Thu,2,4,27,28,45,106,3,2,2,baseline.csv,20260425_204331
20230217-01,2023-02-17,2023,2,17,Fri,10,18,22,34,36,120,5,0,1,baseline.csv,20260425_204331
20230217-02,2023-02-17,2023,2,17,Fri,7,13,15,26,37,98,1,4,1,baseline.csv,20260425_204331
20230218-01,2023-02-18,2023,2,18,Sat,8,27,31,35,42,143,2,3,1,baseline.csv,20260425_204331
20230218-02,2023-02-18,2023,2,18,Sat,6,11,23,29,41,110,1,4,1,baseline.csv,20260425_204331
20230219-01,2023-02-19,2023,2,19,Sun,2,5,8,14,18,47,4,1,1,baseline.csv,20260425_204331
20230219-02,2023-02-19,2023,2,19,Sun,12,23,35,42,44,156,3,2,1,baseline.csv,20260425_204331
20230220-01,2023-02-20,2023,2,20,Mon,3,27,30,31,39,130,1,4,2,baseline.csv,20260425_204331
20230220-02,2023-02-20,2023,2,20,Mon,13,29,31,32,40,145,2,3,2,baseline.csv,20260425_204331
20230221-01,2023-02-21,2023,2,21,Tue,6,10,21,41,44,122,3,2,1,baseline.csv,20260425_204331
20230221-02,2023-02-21,2023,2,21,Tue,13,26,32,36,39,146,3,2,1,baseline.csv,20260425_204331
20230222-01,2023-02-22,2023,2,22,Wed,1,3,8,41,45,98,1,4,1,baseline.csv,20260425_204331
20230222-02,2023-02-22,2023,2,22,Wed,5,14,23,41,44,127,2,3,1,baseline.csv,20260425_204331
20230223-01,2023-02-23,2023,2,23,Thu,13,14,27,34,38,126,3,2,2,baseline.csv,20260425_204331
20230223-02,2023-02-23,2023,2,23,Thu,9,16,23,35,38,121,2,3,1,baseline.csv,20260425_204331
20230224-01,2023-02-24,2023,2,24,Fri,13,19,26,34,41,133,2,3,1,baseline.csv,20260425_204331
20230224-02,2023-02-24,2023,2,24,Fri,8,16,17,22,23,86,3,2,2,baseline.csv,20260425_204331
20230225-01,2023-02-25,2023,2,25,Sat,14,21,23,33,43,134,1,4,1,baseline.csv,20260425_204331
20230225-02,2023-02-25,2023,2,25,Sat,2,3,17,33,40,95,2,3,2,baseline.csv,20260425_204331
20230226-01,2023-02-26,2023,2,26,Sun,2,15,24,31,35,107,2,3,1,baseline.csv,20260425_204331
20230226-02,2023-02-26,2023,2,26,Sun,7,29,40,44,45,165,2,3,2,baseline.csv,20260425_204331
20230227-01,2023-02-27,2023,2,27,Mon,5,17,21,24,25,92,1,4,2,baseline.csv,20260425_204331
20230227-02,2023-02-27,2023,2,27,Mon,3,8,18,39,42,110,3,2,1,baseline.csv,20260425_204331
20230228-01,2023-02-28,2023,2,28,Tue,2,4,8,19,43,76,3,2,1,baseline.csv,20260425_204331
20230228-02,2023-02-28,2023,2,28,Tue,2,10,23,24,37,96,3,2,2,baseline.csv,20260425_204331
20230301-01,2023-03-01,2023,3,1,Wed,16,21,26,41,43,147,2,3,1,baseline.csv,20260425_204331
20230301-02,2023-03-01,2023,3,1,Wed,5,18,23,27,37,110,1,4,1,baseline.csv,20260425_204331
20230302-01,2023-03-02,2023,3,2,Thu,1,8,16,23,27,75,2,3,1,baseline.csv,20260425_204331
20230302-02,2023-03-02,2023,3,2,Thu,8,10,18,20,38,94,5,0,1,baseline.csv,20260425_204331
20230303-01,2023-03-03,2023,3,3,Fri,6,25,31,32,41,135,2,3,2,baseline.csv,20260425_204331
20230303-02,2023-03-03,2023,3,3,Fri,5,15,23,37,45,125,0,5,1,baseline.csv,20260425_204331
20230304-01,2023-03-04,2023,3,4,Sat,10,18,20,29,33,110,3,2,1,baseline.csv,20260425_204331
20230304-02,2023-03-04,2023,3,4,Sat,15,16,19,26,30,106,3,2,2,baseline.csv,20260425_204331
20230305-01,2023-03-05,2023,3,5,Sun,1,8,9,15,16,49,2,3,2,baseline.csv,20260425_204331
20230305-02,2023-03-05,2023,3,5,Sun,7,18,20,26,34,105,4,1,1,baseline.csv,20260425_204331
20230306-01,2023-03-06,2023,3,6,Mon,7,12,26,32,34,111,4,1,1,baseline.csv,20260425_204331
20230306-02,2023-03-06,2023,3,6,Mon,6,13,22,37,39,117,2,3,1,baseline.csv,20260425_204331
20230307-01,2023-03-07,2023,3,7,Tue,3,4,7,15,38,67,2,3,2,baseline.csv,20260425_204331
20230307-02,2023-03-07,2023,3,7,Tue,2,13,20,24,38,97,4,1,1,baseline.csv,20260425_204331
20230308-01,2023-03-08,2023,3,8,Wed,9,17,24,34,35,119,2,3,2,baseline.csv,20260425_204331
20230308-02,2023-03-08,2023,3,8,Wed,11,15,17,24,41,108,1,4,1,baseline.csv,20260425_204331
20230309-01,2023-03-09,2023,3,9,Thu,8,10,29,31,36,114,3,2,1,baseline.csv,20260425_204331
20230309-02,2023-03-09,2023,3,9,Thu,29,30,35,37,43,174,1,4,2,baseline.csv,20260425_204331
20230310-01,2023-03-10,2023,3,10,Fri,3,10,27,40,42,122,3,2,1,baseline.csv,20260425_204331
20230310-02,2023-03-10,2023,3,10,Fri,7,10,19,22,42,100,3,2,1,baseline.csv,20260425_204331
20230311-01,2023-03-11,2023,3,11,Sat,3,8,16,17,21,65,2,3,2,baseline.csv,20260425_204331
20230311-02,2023-03-11,2023,3,11,Sat,17,21,26,27,45,136,1,4,2,baseline.csv,20260425_204331
20230312-01,2023-03-12,2023,3,12,Sun,4,7,20,31,32,94,3,2,2,baseline.csv,20260425_204331
20230312-02,2023-03-12,2023,3,12,Sun,1,3,6,12,37,59,2,3,1,baseline.csv,20260425_204331
20230313-01,2023-03-13,2023,3,13,Mon,4,13,19,22,40,98,3,2,1,baseline.csv,20260425_204331
20230313-02,2023-03-13,2023,3,13,Mon,1,10,22,26,39,98,3,2,1,baseline.csv,20260425_204331
20230314-01,2023-03-14,2023,3,14,Tue,7,13,23,38,41,122,1,4,1,baseline.csv,20260425_204331
20230314-02,2023-03-14,2023,3,14,Tue,5,10,16,17,19,67,2,3,2,baseline.csv,20260425_204331
20230315-01,2023-03-15,2023,3,15,Wed,2,6,16,31,37,92,3,2,1,baseline.csv,20260425_204331
20230315-02,2023-03-15,2023,3,15,Wed,5,6,17,23,39,90,1,4,2,baseline.csv,20260425_204331
20230316-01,2023-03-16,2023,3,16,Thu,1,20,22,29,34,106,3,2,1,baseline.csv,20260425_204331
20230316-02,2023-03-16,2023,3,16,Thu,7,26,27,28,31,119,2,3,3,baseline.csv,20260425_204331
20230317-01,2023-03-17,2023,3,17,Fri,16,24,29,37,43,149,2,3,1,baseline.csv,20260425_204331
20230317-02,2023-03-17,2023,3,17,Fri,7,17,23,26,37,110,1,4,1,baseline.csv,20260425_204331
20230318-01,2023-03-18,2023,3,18,Sat,10,15,35,40,44,144,3,2,1,baseline.csv,20260425_204331
20230318-02,2023-03-18,2023,3,18,Sat,1,6,22,34,38,101,4,1,1,baseline.csv,20260425_204331
20230319-01,2023-03-19,2023,3,19,Sun,2,5,8,18,20,53,4,1,1,baseline.csv,20260425_204331
20230319-02,2023-03-19,2023,3,19,Sun,21,26,27,34,36,144,3,2,2,baseline.csv,20260425_204331
20230320-01,2023-03-20,2023,3,20,Mon,4,7,22,24,42,99,4,1,1,baseline.csv,20260425_204331
20230320-02,2023-03-20,2023,3,20,Mon,1,5,30,32,43,111,2,3,1,baseline.csv,20260425_204331
20230321-01,2023-03-21,2023,3,21,Tue,22,29,33,38,45,167,2,3,1,baseline.csv,20260425_204331
20230321-02,2023-03-21,2023,3,21,Tue,12,13,20,32,45,122,3,2,2,baseline.csv,20260425_204331
20230322-01,2023-03-22,2023,3,22,Wed,21,29,32,33,44,159,2,3,2,baseline.csv,20260425_204331
20230322-02,2023-03-22,2023,3,22,Wed,2,8,13,18,44,85,4,1,1,baseline.csv,20260425_204331
20230323-01,2023-03-23,2023,3,23,Thu,6,20,28,32,41,127,4,1,1,baseline.csv,20260425_204331
20230323-02,2023-03-23,2023,3,23,Thu,6,13,19,24,32,94,3,2,1,baseline.csv,20260425_204331
20230324-01,2023-03-24,2023,3,24,Fri,10,25,32,44,45,156,3,2,2,baseline.csv,20260425_204331
20230324-02,2023-03-24,2023,3,24,Fri,1,8,10,37,44,100,3,2,1,baseline.csv,20260425_204331
20230325-01,2023-03-25,2023,3,25,Sat,3,10,13,22,29,77,2,3,1,baseline.csv,20260425_204331
20230325-02,2023-03-25,2023,3,25,Sat,6,15,19,36,37,113,2,3,2,baseline.csv,20260425_204331
20230326-01,2023-03-26,2023,3,26,Sun,1,5,21,25,41,93,0,5,1,baseline.csv,20260425_204331
20230326-02,2023-03-26,2023,3,26,Sun,20,23,24,38,44,149,4,1,2,baseline.csv,20260425_204331
20230327-01,2023-03-27,2023,3,27,Mon,4,9,10,12,43,78,3,2,2,baseline.csv,20260425_204331
20230327-02,2023-03-27,2023,3,27,Mon,2,4,14,25,35,80,3,2,1,baseline.csv,20260425_204331
20230328-01,2023-03-28,2023,3,28,Tue,1,12,20,42,43,118,3,2,2,baseline.csv,20260425_204331
20230328-02,2023-03-28,2023,3,28,Tue,19,35,37,41,45,177,0,5,1,baseline.csv,20260425_204331
20230329-01,2023-03-29,2023,3,29,Wed,6,8,12,14,25,65,4,1,1,baseline.csv,20260425_204331
20230329-02,2023-03-29,2023,3,29,Wed,1,6,8,14,17,46,3,2,1,baseline.csv,20260425_204331
20230330-01,2023-03-30,2023,3,30,Thu,16,18,20,21,29,104,3,2,2,baseline.csv,20260425_204331
20230330-02,2023-03-30,2023,3,30,Thu,4,14,18,31,43,110,3,2,1,baseline.csv,20260425_204331
20230331-01,2023-03-31,2023,3,31,Fri,8,10,17,32,41,108,3,2,1,baseline.csv,20260425_204331
20230331-02,2023-03-31,2023,3,31,Fri,1,6,8,31,34,80,3,2,1,baseline.csv,20260425_204331
20230401-01,2023-04-01,2023,4,1,Sat,3,21,22,27,36,109,2,3,2,baseline.csv,20260425_204331
20230401-02,2023-04-01,2023,4,1,Sat,3,6,21,34,38,102,3,2,1,baseline.csv,20260425_204331
20230402-01,2023-04-02,2023,4,2,Sun,6,12,22,28,36,104,5,0,1,baseline.csv,20260425_204331
20230402-02,2023-04-02,2023,4,2,Sun,12,17,18,30,45,122,3,2,2,baseline.csv,20260425_204331
20230403-01,2023-04-03,2023,4,3,Mon,9,17,25,31,34,116,1,4,1,baseline.csv,20260425_204331
20230403-02,2023-04-03,2023,4,3,Mon,4,27,29,32,33,125,2,3,2,baseline.csv,20260425_204331
20230404-01,2023-04-04,2023,4,4,Tue,3,13,30,41,43,130,1,4,1,baseline.csv,20260425_204331
20230404-02,2023-04-04,2023,4,4,Tue,7,22,26,30,42,127,4,1,1,baseline.csv,20260425_204331
20230405-01,2023-04-05,2023,4,5,Wed,4,8,20,42,43,117,4,1,2,baseline.csv,20260425_204331
20230405-02,2023-04-05,2023,4,5,Wed,5,33,34,39,43,154,1,4,2,baseline.csv,20260425_204331
20230406-01,2023-04-06,2023,4,6,Thu,14,18,25,37,42,136,3,2,1,baseline.csv,20260425_204331
20230406-02,2023-04-06,2023,4,6,Thu,1,9,22,25,29,86,1,4,1,baseline.csv,20260425_204331
20230407-01,2023-04-07,2023,4,7,Fri,7,10,21,25,27,90,1,4,1,baseline.csv,20260425_204331
20230407-02,2023-04-07,2023,4,7,Fri,5,12,19,33,38,107,2,3,1,baseline.csv,20260425_204331
20230408-01,2023-04-08,2023,4,8,Sat,9,14,25,37,39,124,1,4,1,baseline.csv,20260425_204331
20230408-02,2023-04-08,2023,4,8,Sat,6,19,35,38,40,138,3,2,1,baseline.csv,20260425_204331
20230409-01,2023-04-09,2023,4,9,Sun,10,16,17,37,40,120,3,2,2,baseline.csv,20260425_204331
20230409-02,2023-04-09,2023,4,9,Sun,5,19,23,27,30,104,1,4,1,baseline.csv,20260425_204331
20230410-01,2023-04-10,2023,4,10,Mon,10,12,37,41,42,142,3,2,2,baseline.csv,20260425_204331
20230410-02,2023-04-10,2023,4,10,Mon,4,7,27,30,42,110,3,2,1,baseline.csv,20260425_204331
20230411-01,2023-04-11,2023,4,11,Tue,2,5,30,34,38,109,4,1,1,baseline.csv,20260425_204331
20230411-02,2023-04-11,2023,4,11,Tue,5,6,13,16,21,61,2,3,2,baseline.csv,20260425_204331
20230412-01,2023-04-12,2023,4,12,Wed,6,13,37,42,45,143,2,3,1,baseline.csv,20260425_204331
20230412-02,2023-04-12,2023,4,12,Wed,4,21,33,38,40,136,3,2,1,baseline.csv,20260425_204331
20230413-01,2023-04-13,2023,4,13,Thu,10,13,17,35,37,112,1,4,1,baseline.csv,20260425_204331
20230413-02,2023-04-13,2023,4,13,Thu,10,13,27,34,35,119,2,3,2,baseline.csv,20260425_204331
20230414-01,2023-04-14,2023,4,14,Fri,15,16,19,29,31,110,1,4,2,baseline.csv,20260425_204331
20230414-02,2023-04-14,2023,4,14,Fri,2,27,31,41,45,146,1,4,1,baseline.csv,20260425_204331
20230415-01,2023-04-15,2023,4,15,Sat,3,10,25,38,40,116,3,2,1,baseline.csv,20260425_204331
20230415-02,2023-04-15,2023,4,15,Sat,9,25,29,40,44,147,2,3,1,baseline.csv,20260425_204331
20230416-01,2023-04-16,2023,4,16,Sun,11,21,23,37,41,133,0,5,1,baseline.csv,20260425_204331
20230416-02,2023-04-16,2023,4,16,Sun,7,19,23,28,45,122,1,4,1,baseline.csv,20260425_204331
20230417-01,2023-04-17,2023,4,17,Mon,20,25,33,40,44,162,3,2,1,baseline.csv,20260425_204331
20230417-02,2023-04-17,2023,4,17,Mon,7,13,23,34,44,121,2,3,1,baseline.csv,20260425_204331
20230418-01,2023-04-18,2023,4,18,Tue,1,2,6,13,34,56,3,2,2,baseline.csv,20260425_204331
20230418-02,2023-04-18,2023,4,18,Tue,1,21,24,31,34,111,2,3,1,baseline.csv,20260425_204331
20230419-01,2023-04-19,2023,4,19,Wed,14,23,28,36,37,138,3,2,2,baseline.csv,20260425_204331
20230419-02,2023-04-19,2023,4,19,Wed,1,7,13,23,34,78,1,4,1,baseline.csv,20260425_204331
20230420-01,2023-04-20,2023,4,20,Thu,7,28,34,36,45,150,3,2,1,baseline.csv,20260425_204331
20230420-02,2023-04-20,2023,4,20,Thu,6,10,12,25,28,81,4,1,1,baseline.csv,20260425_204331
20230421-01,2023-04-21,2023,4,21,Fri,2,5,6,25,29,67,2,3,2,baseline.csv,20260425_204331
20230421-02,2023-04-21,2023,4,21,Fri,12,32,34,39,41,158,3,2,1,baseline.csv,20260425_204331
20230422-01,2023-04-22,2023,4,22,Sat,2,7,8,19,20,56,3,2,2,baseline.csv,20260425_204331
20230422-02,2023-04-22,2023,4,22,Sat,1,3,7,13,20,44,1,4,1,baseline.csv,20260425_204331
20230423-01,2023-04-23,2023,4,23,Sun,1,8,32,36,40,117,4,1,1,baseline.csv,20260425_204331
20230423-02,2023-04-23,2023,4,23,Sun,10,15,24,28,38,115,4,1,1,baseline.csv,20260425_204331
20230424-01,2023-04-24,2023,4,24,Mon,6,7,13,33,37,96,1,4,2,baseline.csv,20260425_204331
20230424-02,2023-04-24,2023,4,24,Mon,2,4,33,38,45,122,3,2,1,baseline.csv,20260425_204331
20230425-01,2023-04-25,2023,4,25,Tue,2,26,32,37,38,135,4,1,2,baseline.csv,20260425_204331
20230425-02,2023-04-25,2023,4,25,Tue,5,17,20,21,39,102,1,4,2,baseline.csv,20260425_204331
20230426-01,2023-04-26,2023,4,26,Wed,3,6,14,34,36,93,4,1,1,baseline.csv,20260425_204331
20230426-02,2023-04-26,2023,4,26,Wed,14,16,28,35,44,137,4,1,1,baseline.csv,20260425_204331
20230427-01,2023-04-27,2023,4,27,Thu,5,13,24,28,33,103,2,3,1,baseline.csv,20260425_204331
20230427-02,2023-04-27,2023,4,27,Thu,15,19,20,21,37,112,1,4,3,baseline.csv,20260425_204331
20230428-01,2023-04-28,2023,4,28,Fri,1,12,18,30,41,102,3,2,1,baseline.csv,20260425_204331
20230428-02,2023-04-28,2023,4,28,Fri,1,7,35,37,44,124,1,4,1,baseline.csv,20260425_204331
20230429-01,2023-04-29,2023,4,29,Sat,8,14,16,33,36,107,4,1,1,baseline.csv,20260425_204331
20230429-02,2023-04-29,2023,4,29,Sat,12,19,33,38,40,142,3,2,1,baseline.csv,20260425_204331
20230430-01,2023-04-30,2023,4,30,Sun,3,7,12,13,19,54,1,4,2,baseline.csv,20260425_204331
20230430-02,2023-04-30,2023,4,30,Sun,9,24,27,30,40,130,3,2,1,baseline.csv,20260425_204331
20230501-01,2023-05-01,2023,5,1,Mon,6,7,12,23,34,82,3,2,2,baseline.csv,20260425_204331
20230501-02,2023-05-01,2023,5,1,Mon,8,15,24,29,37,113,2,3,1,baseline.csv,20260425_204331
20230502-01,2023-05-02,2023,5,2,Tue,14,22,35,40,45,156,3,2,1,baseline.csv,20260425_204331
20230502-02,2023-05-02,2023,5,2,Tue,2,3,5,39,43,92,1,4,2,baseline.csv,20260425_204331
20230503-01,2023-05-03,2023,5,3,Wed,12,20,35,36,43,146,3,2,2,baseline.csv,20260425_204331
20230503-02,2023-05-03,2023,5,3,Wed,7,24,28,30,36,125,4,1,1,baseline.csv,20260425_204331
20230504-01,2023-05-04,2023,5,4,Thu,15,27,31,32,33,138,1,4,3,baseline.csv,20260425_204331
20230504-02,2023-05-04,2023,5,4,Thu,10,13,28,29,40,120,3,2,2,baseline.csv,20260425_204331
20230505-01,2023-05-05,2023,5,5,Fri,7,10,25,31,32,105,2,3,2,baseline.csv,20260425_204331
20230505-02,2023-05-05,2023,5,5,Fri,8,9,19,26,28,90,3,2,2,baseline.csv,20260425_204331
20230506-01,2023-05-06,2023,5,6,Sat,17,23,25,26,38,129,2,3,2,baseline.csv,20260425_204331
20230506-02,2023-05-06,2023,5,6,Sat,4,11,18,37,39,109,2,3,1,baseline.csv,20260425_204331
20230507-01,2023-05-07,2023,5,7,Sun,4,17,28,32,39,120,3,2,1,baseline.csv,20260425_204331
20230507-02,2023-05-07,2023,5,7,Sun,23,27,30,36,41,157,2,3,1,baseline.csv,20260425_204331
20230508-01,2023-05-08,2023,5,8,Mon,3,11,14,31,40,99,2,3,1,baseline.csv,20260425_204331
20230508-02,2023-05-08,2023,5,8,Mon,12,13,29,30,41,125,2,3,2,baseline.csv,20260425_204331
20230509-01,2023-05-09,2023,5,9,Tue,1,7,16,20,29,73,2,3,1,baseline.csv,20260425_204331
20230509-02,2023-05-09,2023,5,9,Tue,3,4,12,29,39,87,2,3,2,baseline.csv,20260425_204331
20230510-01,2023-05-10,2023,5,10,Wed,11,23,28,39,41,142,1,4,1,baseline.csv,20260425_204331
20230510-02,2023-05-10,2023,5,10,Wed,5,13,23,38,43,122,1,4,1,baseline.csv,20260425_204331
20230511-01,2023-05-11,2023,5,11,Thu,6,22,28,36,37,129,4,1,2,baseline.csv,20260425_204331
20230511-02,2023-05-11,2023,5,11,Thu,8,22,27,38,45,140,3,2,1,baseline.csv,20260425_204331
20230512-01,2023-05-12,2023,5,12,Fri,7,26,29,41,45,148,1,4,1,baseline.csv,20260425_204331
20230512-02,2023-05-12,2023,5,12,Fri,3,18,20,27,45,113,2,3,1,baseline.csv,20260425_204331
20230513-01,2023-05-13,2023,5,13,Sat,11,16,38,39,42,146,3,2,2,baseline.csv,20260425_204331
20230513-02,2023-05-13,2023,5,13,Sat,14,26,35,43,44,162,3,2,2,baseline.csv,20260425_204331
20230514-01,2023-05-14,2023,5,14,Sun,7,13,27,40,41,128,1,4,2,baseline.csv,20260425_204331
20230514-02,2023-05-14,2023,5,14,Sun,5,24,35,37,45,146,1,4,1,baseline.csv,20260425_204331
20230515-01,2023-05-15,2023,5,15,Mon,10,19,33,34,45,141,2,3,2,baseline.csv,20260425_204331
20230515-02,2023-05-15,2023,5,15,Mon,12,24,29,31,42,138,3,2,1,baseline.csv,20260425_204331
20230516-01,2023-05-16,2023,5,16,Tue,6,15,26,32,39,118,3,2,1,baseline.csv,20260425_204331
20230516-02,2023-05-16,2023,5,16,Tue,9,12,24,25,38,108,3,2,2,baseline.csv,20260425_204331
20230517-01,2023-05-17,2023,5,17,Wed,3,9,10,14,17,53,2,3,2,baseline.csv,20260425_204331
20230517-02,2023-05-17,2023,5,17,Wed,6,21,27,34,39,127,2,3,1,baseline.csv,20260425_204331
20230518-01,2023-05-18,2023,5,18,Thu,2,4,6,32,43,87,4,1,1,baseline.csv,20260425_204331
20230518-02,2023-05-18,2023,5,18,Thu,5,18,22,37,44,126,3,2,1,baseline.csv,20260425_204331
20230519-01,2023-05-19,2023,5,19,Fri,4,8,22,27,37,98,3,2,1,baseline.csv,20260425_204331
20230519-02,2023-05-19,2023,5,19,Fri,21,27,31,38,40,157,2,3,1,baseline.csv,20260425_204331
20230520-01,2023-05-20,2023,5,20,Sat,8,18,29,33,42,130,3,2,1,baseline.csv,20260425_204331
20230520-02,2023-05-20,2023,5,20,Sat,7,9,19,24,45,104,1,4,1,baseline.csv,20260425_204331
20230521-01,2023-05-21,2023,5,21,Sun,10,14,23,33,42,122,3,2,1,baseline.csv,20260425_204331
20230521-02,2023-05-21,2023,5,21,Sun,1,12,15,33,38,99,2,3,1,baseline.csv,20260425_204331
20230522-01,2023-05-22,2023,5,22,Mon,1,8,11,31,39,90,1,4,1,baseline.csv,20260425_204331
20230522-02,2023-05-22,2023,5,22,Mon,9,18,21,32,41,121,2,3,1,baseline.csv,20260425_204331
20230523-01,2023-05-23,2023,5,23,Tue,3,11,17,30,39,100,1,4,1,baseline.csv,20260425_204331
20230523-02,2023-05-23,2023,5,23,Tue,7,18,21,31,39,116,1,4,1,baseline.csv,20260425_204331
20230524-01,2023-05-24,2023,5,24,Wed,1,2,30,35,39,107,2,3,2,baseline.csv,20260425_204331
20230524-02,2023-05-24,2023,5,24,Wed,22,31,34,35,43,165,2,3,2,baseline.csv,20260425_204331
20230525-01,2023-05-25,2023,5,25,Thu,11,28,39,44,45,167,2,3,2,baseline.csv,20260425_204331
20230525-02,2023-05-25,2023,5,25,Thu,7,12,22,36,39,116,3,2,1,baseline.csv,20260425_204331
20230526-01,2023-05-26,2023,5,26,Fri,1,12,18,30,32,93,4,1,1,baseline.csv,20260425_204331
20230526-02,2023-05-26,2023,5,26,Fri,9,20,21,31,36,117,2,3,2,baseline.csv,20260425_204331
20230527-01,2023-05-27,2023,5,27,Sat,6,14,15,33,43,111,2,3,2,baseline.csv,20260425_204331
20230527-02,2023-05-27,2023,5,27,Sat,4,20,28,35,38,125,4,1,1,baseline.csv,20260425_204331
20230528-01,2023-05-28,2023,5,28,Sun,13,23,36,39,42,153,2,3,1,baseline.csv,20260425_204331
20230528-02,2023-05-28,2023,5,28,Sun,4,9,15,34,43,105,2,3,1,baseline.csv,20260425_204331
20230529-01,2023-05-29,2023,5,29,Mon,5,6,27,32,39,109,2,3,2,baseline.csv,20260425_204331
20230529-02,2023-05-29,2023,5,29,Mon,4,9,10,26,45,94,3,2,2,baseline.csv,20260425_204331
20230530-01,2023-05-30,2023,5,30,Tue,10,31,32,39,43,155,2,3,2,baseline.csv,20260425_204331
20230530-02,2023-05-30,2023,5,30,Tue,7,16,21,25,31,100,1,4,1,baseline.csv,20260425_204331
20230531-01,2023-05-31,2023,5,31,Wed,2,10,31,43,44,130,3,2,2,baseline.csv,20260425_204331
20230531-02,2023-05-31,2023,5,31,Wed,5,16,27,31,42,121,2,3,1,baseline.csv,20260425_204331
20230601-01,2023-06-01,2023,6,1,Thu,14,16,24,28,29,111,4,1,2,baseline.csv,20260425_204331
20230601-02,2023-06-01,2023,6,1,Thu,22,27,29,30,45,153,2,3,2,baseline.csv,20260425_204331
20230602-01,2023-06-02,2023,6,2,Fri,9,14,23,29,42,117,2,3,1,baseline.csv,20260425_204331
20230602-02,2023-06-02,2023,6,2,Fri,1,10,25,32,41,109,2,3,1,baseline.csv,20260425_204331
20230603-01,2023-06-03,2023,6,3,Sat,18,21,27,39,42,147,2,3,1,baseline.csv,20260425_204331
20230603-02,2023-06-03,2023,6,3,Sat,19,23,34,38,40,154,3,2,1,baseline.csv,20260425_204331
20230604-01,2023-06-04,2023,6,4,Sun,4,8,22,30,34,98,5,0,1,baseline.csv,20260425_204331
20230604-02,2023-06-04,2023,6,4,Sun,13,26,28,29,30,126,3,2,3,baseline.csv,20260425_204331
20230605-01,2023-06-05,2023,6,5,Mon,2,6,25,26,30,89,4,1,2,baseline.csv,20260425_204331
20230605-02,2023-06-05,2023,6,5,Mon,12,14,17,40,43,126,3,2,1,baseline.csv,20260425_204331
20230606-01,2023-06-06,2023,6,6,Tue,2,5,6,16,28,57,4,1,2,baseline.csv,20260425_204331
20230606-02,2023-06-06,2023,6,6,Tue,12,13,22,27,28,102,3,2,2,baseline.csv,20260425_204331
20230607-01,2023-06-07,2023,6,7,Wed,1,11,13,28,29,82,1,4,2,baseline.csv,20260425_204331
20230607-02,2023-06-07,2023,6,7,Wed,17,22,34,43,45,161,2,3,1,baseline.csv,20260425_204331
20230608-01,2023-06-08,2023,6,8,Thu,6,8,23,39,44,120,3,2,1,baseline.csv,20260425_204331
20230608-02,2023-06-08,2023,6,8,Thu,9,18,32,33,38,130,3,2,2,baseline.csv,20260425_204331
20230609-01,2023-06-09,2023,6,9,Fri,6,13,18,25,30,92,3,2,1,baseline.csv,20260425_204331
20230609-02,2023-06-09,2023,6,9,Fri,5,16,18,35,44,118,3,2,1,baseline.csv,20260425_204331
20230610-01,2023-06-10,2023,6,10,Sat,4,6,13,14,36,73,4,1,2,baseline.csv,20260425_204331
20230610-02,2023-06-10,2023,6,10,Sat,9,16,23,32,38,118,3,2,1,baseline.csv,20260425_204331
20230611-01,2023-06-11,2023,6,11,Sun,13,15,17,23,38,106,1,4,1,baseline.csv,20260425_204331
20230611-02,2023-06-11,2023,6,11,Sun,21,33,34,35,37,160,1,4,3,baseline.csv,20260425_204331
20230612-01,2023-06-12,2023,6,12,Mon,1,15,30,31,39,116,1,4,2,baseline.csv,20260425_204331
20230612-02,2023-06-12,2023,6,12,Mon,4,14,25,33,39,115,2,3,1,baseline.csv,20260425_204331
20230613-01,2023-06-13,2023,6,13,Tue,9,30,35,40,45,159,2,3,1,baseline.csv,20260425_204331
20230613-02,2023-06-13,2023,6,13,Tue,6,8,38,42,43,137,4,1,2,baseline.csv,20260425_204331
20230614-01,2023-06-14,2023,6,14,Wed,22,25,26,27,42,142,3,2,3,baseline.csv,20260425_204331
20230614-02,2023-06-14,2023,6,14,Wed,13,27,36,42,43,161,2,3,2,baseline.csv,20260425_204331
20230615-01,2023-06-15,2023,6,15,Thu,6,16,18,31,39,110,3,2,1,baseline.csv,20260425_204331
20230615-02,2023-06-15,2023,6,15,Thu,6,26,33,39,41,145,2,3,1,baseline.csv,20260425_204331
20230616-01,2023-06-16,2023,6,16,Fri,8,13,15,19,30,85,2,3,1,baseline.csv,20260425_204331
20230616-02,2023-06-16,2023,6,16,Fri,5,33,34,37,38,147,2,3,2,baseline.csv,20260425_204331
20230617-01,2023-06-17,2023,6,17,Sat,2,18,25,29,39,113,2,3,1,baseline.csv,20260425_204331
20230617-02,2023-06-17,2023,6,17,Sat,17,19,20,27,44,127,2,3,2,baseline.csv,20260425_204331
20230618-01,2023-06-18,2023,6,18,Sun,3,16,20,28,42,109,4,1,1,baseline.csv,20260425_204331
20230618-02,2023-06-18,2023,6,18,Sun,6,13,20,35,45,119,2,3,1,baseline.csv,20260425_204331
20230619-01,2023-06-19,2023,6,19,Mon,3,14,16,24,45,102,3,2,1,baseline.csv,20260425_204331
20230619-02,2023-06-19,2023,6,19,Mon,4,17,28,35,42,126,3,2,1,baseline.csv,20260425_204331
20230620-01,2023-06-20,2023,6,20,Tue,15,23,26,29,37,130,1,4,1,baseline.csv,20260425_204331
20230620-02,2023-06-20,2023,6,20,Tue,6,13,16,26,35,96,3,2,1,baseline.csv,20260425_204331
20230621-01,2023-06-21,2023,6,21,Wed,3,4,31,32,43,113,2,3,2,baseline.csv,20260425_204331
20230621-02,2023-06-21,2023,6,21,Wed,5,14,30,31,44,124,3,2,2,baseline.csv,20260425_204331
20230622-01,2023-06-22,2023,6,22,Thu,2,12,17,22,28,81,4,1,1,baseline.csv,20260425_204331
20230622-02,2023-06-22,2023,6,22,Thu,7,10,15,23,26,81,2,3,1,baseline.csv,20260425_204331
20230623-01,2023-06-23,2023,6,23,Fri,13,14,21,23,39,110,1,4,2,baseline.csv,20260425_204331
20230623-02,2023-06-23,2023,6,23,Fri,2,5,8,21,41,77,2,3,1,baseline.csv,20260425_204331
20230624-01,2023-06-24,2023,6,24,Sat,4,8,18,22,28,80,5,0,1,baseline.csv,20260425_204331
20230624-02,2023-06-24,2023,6,24,Sat,4,5,23,31,45,108,1,4,2,baseline.csv,20260425_204331
20230625-01,2023-06-25,2023,6,25,Sun,12,32,36,38,41,159,4,1,1,baseline.csv,20260425_204331
20230625-02,2023-06-25,2023,6,25,Sun,2,10,17,35,43,107,2,3,1,baseline.csv,20260425_204331
20230626-01,2023-06-26,2023,6,26,Mon,1,6,22,23,34,86,3,2,2,baseline.csv,20260425_204331
20230626-02,2023-06-26,2023,6,26,Mon,8,22,23,31,35,119,2,3,2,baseline.csv,20260425_204331
20230627-01,2023-06-27,2023,6,27,Tue,8,24,27,32,33,124,3,2,2,baseline.csv,20260425_204331
20230627-02,2023-06-27,2023,6,27,Tue,3,4,27,36,44,114,3,2,2,baseline.csv,20260425_204331
20230628-01,2023-06-28,2023,6,28,Wed,1,3,9,26,28,67,2,3,1,baseline.csv,20260425_204331
20230628-02,2023-06-28,2023,6,28,Wed,15,18,37,38,43,151,2,3,2,baseline.csv,20260425_204331
20230629-01,2023-06-29,2023,6,29,Thu,4,9,18,21,42,94,3,2,1,baseline.csv,20260425_204331
20230629-02,2023-06-29,2023,6,29,Thu,9,14,15,17,40,95,2,3,2,baseline.csv,20260425_204331
20230630-01,2023-06-30,2023,6,30,Fri,1,3,6,14,15,39,2,3,2,baseline.csv,20260425_204331
20230630-02,2023-06-30,2023,6,30,Fri,5,19,26,39,44,133,2,3,1,baseline.csv,20260425_204331
20230701-01,2023-07-01,2023,7,1,Sat,11,14,17,25,30,97,2,3,1,baseline.csv,20260425_204331
20230701-02,2023-07-01,2023,7,1,Sat,8,12,19,27,34,100,3,2,1,baseline.csv,20260425_204331
20230702-01,2023-07-02,2023,7,2,Sun,1,13,18,24,40,96,3,2,1,baseline.csv,20260425_204331
20230702-02,2023-07-02,2023,7,2,Sun,7,19,22,39,41,128,1,4,1,baseline.csv,20260425_204331
20230703-01,2023-07-03,2023,7,3,Mon,10,11,30,31,38,120,3,2,2,baseline.csv,20260425_204331
20230703-02,2023-07-03,2023,7,3,Mon,2,8,32,40,43,125,4,1,1,baseline.csv,20260425_204331
20230704-01,2023-07-04,2023,7,4,Tue,6,21,22,26,43,118,3,2,2,baseline.csv,20260425_204331
20230704-02,2023-07-04,2023,7,4,Tue,6,11,16,20,44,97,4,1,1,baseline.csv,20260425_204331
20230705-01,2023-07-05,2023,7,5,Wed,12,22,32,41,45,152,3,2,1,baseline.csv,20260425_204331
20230705-02,2023-07-05,2023,7,5,Wed,4,12,17,23,34,90,3,2,1,baseline.csv,20260425_204331
20230706-01,2023-07-06,2023,7,6,Thu,3,4,20,30,45,102,3,2,2,baseline.csv,20260425_204331
20230706-02,2023-07-06,2023,7,6,Thu,16,17,21,29,32,115,2,3,2,baseline.csv,20260425_204331
20230707-01,2023-07-07,2023,7,7,Fri,1,11,29,37,43,121,0,5,1,baseline.csv,20260425_204331
20230707-02,2023-07-07,2023,7,7,Fri,2,7,15,19,20,63,2,3,2,baseline.csv,20260425_204331
20230708-01,2023-07-08,2023,7,8,Sat,20,33,39,41,42,175,2,3,2,baseline.csv,20260425_204331
20230708-02,2023-07-08,2023,7,8,Sat,1,10,13,17,30,71,2,3,1,baseline.csv,20260425_204331
20230709-01,2023-07-09,2023,7,9,Sun,5,10,21,26,27,89,2,3,2,baseline.csv,20260425_204331
20230709-02,2023-07-09,2023,7,9,Sun,8,12,22,26,29,97,4,1,1,baseline.csv,20260425_204331
20230710-01,2023-07-10,2023,7,10,Mon,10,17,24,36,37,124,3,2,2,baseline.csv,20260425_204331
20230710-02,2023-07-10,2023,7,10,Mon,2,18,21,37,39,117,2,3,1,baseline.csv,20260425_204331
20230711-01,2023-07-11,2023,7,11,Tue,1,6,8,16,23,54,3,2,1,baseline.csv,20260425_204331
20230711-02,2023-07-11,2023,7,11,Tue,21,29,35,41,44,170,1,4,1,baseline.csv,20260425_204331
20230712-01,2023-07-12,2023,7,12,Wed,5,11,22,37,39,114,1,4,1,baseline.csv,20260425_204331
20230712-02,2023-07-12,2023,7,12,Wed,2,14,30,41,42,129,4,1,2,baseline.csv,20260425_204331
20230713-01,2023-07-13,2023,7,13,Thu,14,18,21,22,34,109,4,1,2,baseline.csv,20260425_204331
20230713-02,2023-07-13,2023,7,13,Thu,2,11,14,25,32,84,3,2,1,baseline.csv,20260425_204331
20230714-01,2023-07-14,2023,7,14,Fri,7,11,27,29,32,106,1,4,1,baseline.csv,20260425_204331
20230714-02,2023-07-14,2023,7,14,Fri,5,15,16,21,27,84,1,4,2,baseline.csv,20260425_204331
20230715-01,2023-07-15,2023,7,15,Sat,5,8,9,12,28,62,3,2,2,baseline.csv,20260425_204331
20230715-02,2023-07-15,2023,7,15,Sat,23,24,30,33,38,148,3,2,2,baseline.csv,20260425_204331
20230716-01,2023-07-16,2023,7,16,Sun,11,13,14,23,26,87,2,3,2,baseline.csv,20260425_204331
20230716-02,2023-07-16,2023,7,16,Sun,11,16,20,25,42,114,3,2,1,baseline.csv,20260425_204331
20230717-01,2023-07-17,2023,7,17,Mon,4,7,21,31,43,106,1,4,1,baseline.csv,20260425_204331
20230717-02,2023-07-17,2023,7,17,Mon,4,15,33,34,39,125,2,3,2,baseline.csv,20260425_204331
20230718-01,2023-07-18,2023,7,18,Tue,3,5,28,36,39,111,2,3,1,baseline.csv,20260425_204331
20230718-02,2023-07-18,2023,7,18,Tue,1,4,11,13,14,43,2,3,2,baseline.csv,20260425_204331
20230719-01,2023-07-19,2023,7,19,Wed,5,7,12,39,45,108,1,4,1,baseline.csv,20260425_204331
20230719-02,2023-07-19,2023,7,19,Wed,4,12,18,37,38,109,4,1,2,baseline.csv,20260425_204331
20230720-01,2023-07-20,2023,7,20,Thu,3,5,12,40,44,104,3,2,1,baseline.csv,20260425_204331
20230720-02,2023-07-20,2023,7,20,Thu,6,7,15,25,40,93,2,3,2,baseline.csv,20260425_204331
20230721-01,2023-07-21,2023,7,21,Fri,4,7,9,38,42,100,3,2,1,baseline.csv,20260425_204331
20230721-02,2023-07-21,2023,7,21,Fri,2,3,4,39,43,91,2,3,3,baseline.csv,20260425_204331
20230722-01,2023-07-22,2023,7,22,Sat,1,2,6,7,18,34,3,2,2,baseline.csv,20260425_204331
20230722-02,2023-07-22,2023,7,22,Sat,7,19,20,27,38,111,2,3,2,baseline.csv,20260425_204331
20230723-01,2023-07-23,2023,7,23,Sun,16,21,26,40,42,145,4,1,1,baseline.csv,20260425_204331
20230723-02,2023-07-23,2023,7,23,Sun,2,10,21,42,44,119,4,1,1,baseline.csv,20260425_204331
20230724-01,2023-07-24,2023,7,24,Mon,2,8,9,37,39,95,2,3,2,baseline.csv,20260425_204331
20230724-02,2023-07-24,2023,7,24,Mon,2,8,24,30,41,105,4,1,1,baseline.csv,20260425_204331
20230725-01,2023-07-25,2023,7,25,Tue,8,29,36,43,44,160,3,2,2,baseline.csv,20260425_204331
20230725-02,2023-07-25,2023,7,25,Tue,3,6,11,20,37,77,2,3,1,baseline.csv,20260425_204331
20230726-01,2023-07-26,2023,7,26,Wed,7,19,26,32,45,129,2,3,1,baseline.csv,20260425_204331
20230726-02,2023-07-26,2023,7,26,Wed,8,15,25,38,40,126,3,2,1,baseline.csv,20260425_204331
20230727-01,2023-07-27,2023,7,27,Thu,26,27,29,39,42,163,2,3,2,baseline.csv,20260425_204331
20230727-02,2023-07-27,2023,7,27,Thu,9,10,16,17,23,75,2,3,2,baseline.csv,20260425_204331
20230728-01,2023-07-28,2023,7,28,Fri,6,23,26,31,33,119,2,3,1,baseline.csv,20260425_204331
20230728-02,2023-07-28,2023,7,28,Fri,21,22,26,38,42,149,4,1,2,baseline.csv,20260425_204331
20230729-01,2023-07-29,2023,7,29,Sat,11,13,22,41,43,130,1,4,1,baseline.csv,20260425_204331
20230729-02,2023-07-29,2023,7,29,Sat,3,6,20,34,35,98,3,2,2,baseline.csv,20260425_204331
20230730-01,2023-07-30,2023,7,30,Sun,5,21,35,39,42,142,1,4,1,baseline.csv,20260425_204331
20230730-02,2023-07-30,2023,7,30,Sun,7,19,26,38,40,130,3,2,1,baseline.csv,20260425_204331
20230731-01,2023-07-31,2023,7,31,Mon,2,16,22,35,37,112,3,2,1,baseline.csv,20260425_204331
20230731-02,2023-07-31,2023,7,31,Mon,12,20,29,31,45,137,2,3,1,baseline.csv,20260425_204331
20230801-01,2023-08-01,2023,8,1,Tue,27,30,37,40,42,176,3,2,1,baseline.csv,20260425_204331
20230801-02,2023-08-01,2023,8,1,Tue,10,12,20,29,38,109,4,1,1,baseline.csv,20260425_204331
20230802-01,2023-08-02,2023,8,2,Wed,8,19,26,32,37,122,3,2,1,baseline.csv,20260425_204331
20230802-02,2023-08-02,2023,8,2,Wed,6,10,35,40,43,134,3,2,1,baseline.csv,20260425_204331
20230803-01,2023-08-03,2023,8,3,Thu,12,14,33,36,42,137,4,1,1,baseline.csv,20260425_204331
20230803-02,2023-08-03,2023,8,3,Thu,8,13,18,37,41,117,2,3,1,baseline.csv,20260425_204331
20230804-01,2023-08-04,2023,8,4,Fri,6,7,9,26,34,82,3,2,2,baseline.csv,20260425_204331
20230804-02,2023-08-04,2023,8,4,Fri,13,19,29,38,42,141,2,3,1,baseline.csv,20260425_204331
20230805-01,2023-08-05,2023,8,5,Sat,10,16,29,39,45,139,2,3,1,baseline.csv,20260425_204331
20230805-02,2023-08-05,2023,8,5,Sat,10,13,36,42,43,144,3,2,2,baseline.csv,20260425_204331
20230806-01,2023-08-06,2023,8,6,Sun,5,17,21,26,39,108,1,4,1,baseline.csv,20260425_204331
20230806-02,2023-08-06,2023,8,6,Sun,4,13,14,27,45,103,2,3,2,baseline.csv,20260425_204331
20230807-01,2023-08-07,2023,8,7,Mon,12,28,29,35,39,143,2,3,2,baseline.csv,20260425_204331
20230807-02,2023-08-07,2023,8,7,Mon,4,9,17,20,34,84,3,2,1,baseline.csv,20260425_204331
20230808-01,2023-08-08,2023,8,8,Tue,4,15,20,35,40,114,3,2,1,baseline.csv,20260425_204331
20230808-02,2023-08-08,2023,8,8,Tue,3,10,11,14,30,68,3,2,2,baseline.csv,20260425_204331
20230809-01,2023-08-09,2023,8,9,Wed,1,16,23,29,41,110,1,4,1,baseline.csv,20260425_204331
20230809-02,2023-08-09,2023,8,9,Wed,2,10,29,36,42,119,4,1,1,baseline.csv,20260425_204331
20230810-01,2023-08-10,2023,8,10,Thu,3,5,7,21,34,70,1,4,1,baseline.csv,20260425_204331
20230810-02,2023-08-10,2023,8,10,Thu,2,5,15,17,18,57,2,3,2,baseline.csv,20260425_204331
20230811-01,2023-08-11,2023,8,11,Fri,13,26,33,38,41,151,2,3,1,baseline.csv,20260425_204331
20230811-02,2023-08-11,2023,8,11,Fri,2,21,24,36,43,126,3,2,1,baseline.csv,20260425_204331
20230812-01,2023-08-12,2023,8,12,Sat,23,25,39,41,43,171,0,5,1,baseline.csv,20260425_204331
20230812-02,2023-08-12,2023,8,12,Sat,9,12,21,23,35,100,1,4,1,baseline.csv,20260425_204331
20230813-01,2023-08-13,2023,8,13,Sun,7,15,23,33,34,112,1,4,2,baseline.csv,20260425_204331
20230813-02,2023-08-13,2023,8,13,Sun,6,18,19,24,37,104,3,2,2,baseline.csv,20260425_204331
20230814-01,2023-08-14,2023,8,14,Mon,10,24,26,34,36,130,5,0,1,baseline.csv,20260425_204331
20230814-02,2023-08-14,2023,8,14,Mon,1,7,30,38,43,119,2,3,1,baseline.csv,20260425_204331
20230815-01,2023-08-15,2023,8,15,Tue,18,20,22,29,35,124,3,2,1,baseline.csv,20260425_204331
20230815-02,2023-08-15,2023,8,15,Tue,1,21,27,38,42,129,2,3,1,baseline.csv,20260425_204331
20230816-01,2023-08-16,2023,8,16,Wed,14,15,25,32,35,121,2,3,2,baseline.csv,20260425_204331
20230816-02,2023-08-16,2023,8,16,Wed,7,11,22,43,45,128,1,4,1,baseline.csv,20260425_204331
20230817-01,2023-08-17,2023,8,17,Thu,2,10,20,21,40,93,4,1,2,baseline.csv,20260425_204331
20230817-02,2023-08-17,2023,8,17,Thu,2,9,10,25,38,84,3,2,2,baseline.csv,20260425_204331
20230818-01,2023-08-18,2023,8,18,Fri,1,30,38,40,44,153,4,1,1,baseline.csv,20260425_204331
20230818-02,2023-08-18,2023,8,18,Fri,3,12,17,32,43,107,2,3,1,baseline.csv,20260425_204331
20230819-01,2023-08-19,2023,8,19,Sat,3,6,8,35,40,92,3,2,1,baseline.csv,20260425_204331
20230819-02,2023-08-19,2023,8,19,Sat,15,19,25,43,44,146,1,4,2,baseline.csv,20260425_204331
20230820-01,2023-08-20,2023,8,20,Sun,1,2,10,14,41,68,3,2,2,baseline.csv,20260425_204331
20230820-02,2023-08-20,2023,8,20,Sun,5,7,12,37,38,99,2,3,2,baseline.csv,20260425_204331
20230821-01,2023-08-21,2023,8,21,Mon,2,3,15,31,34,85,2,3,2,baseline.csv,20260425_204331
20230821-02,2023-08-21,2023,8,21,Mon,7,22,23,25,32,109,2,3,2,baseline.csv,20260425_204331
20230822-01,2023-08-22,2023,8,22,Tue,4,15,31,36,39,125,2,3,1,baseline.csv,20260425_204331
20230822-02,2023-08-22,2023,8,22,Tue,2,11,33,35,37,118,1,4,1,baseline.csv,20260425_204331
20230823-01,2023-08-23,2023,8,23,Wed,8,25,27,33,40,133,2,3,1,baseline.csv,20260425_204331
20230823-02,2023-08-23,2023,8,23,Wed,5,6,19,28,38,96,3,2,2,baseline.csv,20260425_204331
20230824-01,2023-08-24,2023,8,24,Thu,3,10,12,13,40,78,3,2,2,baseline.csv,20260425_204331
20230824-02,2023-08-24,2023,8,24,Thu,9,16,23,42,45,135,2,3,1,baseline.csv,20260425_204331
20230825-01,2023-08-25,2023,8,25,Fri,3,9,15,34,42,103,2,3,1,baseline.csv,20260425_204331
20230825-02,2023-08-25,2023,8,25,Fri,10,11,36,41,43,141,2,3,2,baseline.csv,20260425_204331
20230826-01,2023-08-26,2023,8,26,Sat,10,13,17,37,45,122,1,4,1,baseline.csv,20260425_204331
20230826-02,2023-08-26,2023,8,26,Sat,15,20,22,28,35,120,3,2,1,baseline.csv,20260425_204331
20230827-01,2023-08-27,2023,8,27,Sun,2,10,16,22,44,94,5,0,1,baseline.csv,20260425_204331
20230827-02,2023-08-27,2023,8,27,Sun,9,10,20,31,36,106,3,2,2,baseline.csv,20260425_204331
20230828-01,2023-08-28,2023,8,28,Mon,10,15,20,26,31,102,3,2,1,baseline.csv,20260425_204331
20230828-02,2023-08-28,2023,8,28,Mon,8,16,22,30,38,114,5,0,1,baseline.csv,20260425_204331
20230829-01,2023-08-29,2023,8,29,Tue,28,33,39,44,45,189,2,3,2,baseline.csv,20260425_204331
20230829-02,2023-08-29,2023,8,29,Tue,2,33,34,37,44,150,3,2,2,baseline.csv,20260425_204331
20230830-01,2023-08-30,2023,8,30,Wed,15,18,29,36,44,142,3,2,1,baseline.csv,20260425_204331
20230830-02,2023-08-30,2023,8,30,Wed,2,36,37,43,44,162,3,2,2,baseline.csv,20260425_204331
20230831-01,2023-08-31,2023,8,31,Thu,3,23,26,34,37,123,2,3,1,baseline.csv,20260425_204331
20230831-02,2023-08-31,2023,8,31,Thu,4,15,25,30,34,108,3,2,1,baseline.csv,20260425_204331
20230901-01,2023-09-01,2023,9,1,Fri,6,11,13,24,41,95,2,3,1,baseline.csv,20260425_204331
20230901-02,2023-09-01,2023,9,1,Fri,11,13,16,30,45,115,2,3,1,baseline.csv,20260425_204331
20230902-01,2023-09-02,2023,9,2,Sat,15,18,29,41,45,148,1,4,1,baseline.csv,20260425_204331
20230902-02,2023-09-02,2023,9,2,Sat,8,16,20,30,32,106,5,0,1,baseline.csv,20260425_204331
20230903-01,2023-09-03,2023,9,3,Sun,6,11,16,23,34,90,3,2,1,baseline.csv,20260425_204331
20230903-02,2023-09-03,2023,9,3,Sun,3,20,25,31,44,123,2,3,1,baseline.csv,20260425_204331
20230904-01,2023-09-04,2023,9,4,Mon,9,10,11,19,45,94,1,4,3,baseline.csv,20260425_204331
20230904-02,2023-09-04,2023,9,4,Mon,8,10,21,36,41,116,3,2,1,baseline.csv,20260425_204331
20230905-01,2023-09-05,2023,9,5,Tue,9,24,40,43,45,161,2,3,1,baseline.csv,20260425_204331
20230905-02,2023-09-05,2023,9,5,Tue,6,9,26,32,34,107,4,1,1,baseline.csv,20260425_204331
20230906-01,2023-09-06,2023,9,6,Wed,8,10,11,29,31,89,2,3,2,baseline.csv,20260425_204331
20230906-02,2023-09-06,2023,9,6,Wed,5,28,36,37,44,150,3,2,2,baseline.csv,20260425_204331
20230907-01,2023-09-07,2023,9,7,Thu,3,4,26,35,39,107,2,3,2,baseline.csv,20260425_204331
20230907-02,2023-09-07,2023,9,7,Thu,21,22,23,29,39,134,1,4,3,baseline.csv,20260425_204331
20230908-01,2023-09-08,2023,9,8,Fri,4,7,20,24,43,98,3,2,1,baseline.csv,20260425_204331
20230908-02,2023-09-08,2023,9,8,Fri,7,10,13,26,40,96,3,2,1,baseline.csv,20260425_204331
20230909-01,2023-09-09,2023,9,9,Sat,6,10,12,14,24,66,5,0,1,baseline.csv,20260425_204331
20230909-02,2023-09-09,2023,9,9,Sat,1,11,19,24,38,93,2,3,1,baseline.csv,20260425_204331
20230910-01,2023-09-10,2023,9,10,Sun,3,26,29,40,41,139,2,3,2,baseline.csv,20260425_204331
20230910-02,2023-09-10,2023,9,10,Sun,1,16,37,43,45,142,1,4,1,baseline.csv,20260425_204331
20230911-01,2023-09-11,2023,9,11,Mon,6,7,13,17,33,76,1,4,2,baseline.csv,20260425_204331
20230911-02,2023-09-11,2023,9,11,Mon,5,6,10,12,18,51,4,1,2,baseline.csv,20260425_204331
20230912-01,2023-09-12,2023,9,12,Tue,1,3,9,22,27,62,1,4,1,baseline.csv,20260425_204331
20230912-02,2023-09-12,2023,9,12,Tue,2,15,26,40,45,128,3,2,1,baseline.csv,20260425_204331
20230913-01,2023-09-13,2023,9,13,Wed,1,5,12,13,30,61,2,3,2,baseline.csv,20260425_204331
20230913-02,2023-09-13,2023,9,13,Wed,7,12,29,32,44,124,3,2,1,baseline.csv,20260425_204331
20230914-01,2023-09-14,2023,9,14,Thu,6,20,24,26,28,104,5,0,1,baseline.csv,20260425_204331
20230914-02,2023-09-14,2023,9,14,Thu,13,15,21,24,35,108,1,4,1,baseline.csv,20260425_204331
20230915-01,2023-09-15,2023,9,15,Fri,4,9,14,24,31,82,3,2,1,baseline.csv,20260425_204331
20230915-02,2023-09-15,2023,9,15,Fri,11,12,34,43,45,145,2,3,2,baseline.csv,20260425_204331
20230916-01,2023-09-16,2023,9,16,Sat,5,24,28,31,45,133,2,3,1,baseline.csv,20260425_204331
20230916-02,2023-09-16,2023,9,16,Sat,10,18,23,30,38,119,4,1,1,baseline.csv,20260425_204331
20230917-01,2023-09-17,2023,9,17,Sun,6,10,21,31,32,100,3,2,2,baseline.csv,20260425_204331
20230917-02,2023-09-17,2023,9,17,Sun,8,15,16,32,40,111,4,1,2,baseline.csv,20260425_204331
20230918-01,2023-09-18,2023,9,18,Mon,20,27,36,41,45,169,2,3,1,baseline.csv,20260425_204331
20230918-02,2023-09-18,2023,9,18,Mon,3,5,9,15,21,53,0,5,1,baseline.csv,20260425_204331
20230919-01,2023-09-19,2023,9,19,Tue,22,28,37,39,42,168,3,2,1,baseline.csv,20260425_204331
20230919-02,2023-09-19,2023,9,19,Tue,1,7,12,13,18,51,2,3,2,baseline.csv,20260425_204331
20230920-01,2023-09-20,2023,9,20,Wed,10,17,21,26,29,103,2,3,1,baseline.csv,20260425_204331
20230920-02,2023-09-20,2023,9,20,Wed,6,7,26,35,41,115,2,3,2,baseline.csv,20260425_204331
20230921-01,2023-09-21,2023,9,21,Thu,8,15,18,29,30,100,3,2,2,baseline.csv,20260425_204331
20230921-02,2023-09-21,2023,9,21,Thu,3,14,15,19,41,92,1,4,2,baseline.csv,20260425_204331
20230922-01,2023-09-22,2023,9,22,Fri,7,10,20,22,38,97,4,1,1,baseline.csv,20260425_204331
20230922-02,2023-09-22,2023,9,22,Fri,18,22,24,33,36,133,4,1,1,baseline.csv,20260425_204331
20230923-01,2023-09-23,2023,9,23,Sat,2,20,24,27,40,113,4,1,1,baseline.csv,20260425_204331
20230923-02,2023-09-23,2023,9,23,Sat,2,3,17,38,42,102,3,2,2,baseline.csv,20260425_204331
20230924-01,2023-09-24,2023,9,24,Sun,24,30,34,37,39,164,3,2,1,baseline.csv,20260425_204331
20230924-02,2023-09-24,2023,9,24,Sun,6,8,11,27,43,95,2,3,1,baseline.csv,20260425_204331
20230925-01,2023-09-25,2023,9,25,Mon,2,15,17,26,35,95,2,3,1,baseline.csv,20260425_204331
20230925-02,2023-09-25,2023,9,25,Mon,4,5,14,27,38,88,3,2,2,baseline.csv,20260425_204331
20230926-01,2023-09-26,2023,9,26,Tue,6,12,35,36,39,128,3,2,2,baseline.csv,20260425_204331
20230926-02,2023-09-26,2023,9,26,Tue,5,19,33,35,40,132,1,4,1,baseline.csv,20260425_204331
20230927-01,2023-09-27,2023,9,27,Wed,2,6,9,14,28,59,4,1,1,baseline.csv,20260425_204331
20230927-02,2023-09-27,2023,9,27,Wed,14,17,27,39,43,140,1,4,1,baseline.csv,20260425_204331
20230928-01,2023-09-28,2023,9,28,Thu,2,7,10,18,22,59,4,1,1,baseline.csv,20260425_204331
20230928-02,2023-09-28,2023,9,28,Thu,4,16,26,30,34,110,5,0,1,baseline.csv,20260425_204331
20230929-01,2023-09-29,2023,9,29,Fri,1,2,13,31,32,79,2,3,2,baseline.csv,20260425_204331
20230929-02,2023-09-29,2023,9,29,Fri,14,15,19,28,45,121,2,3,2,baseline.csv,20260425_204331
20230930-01,2023-09-30,2023,9,30,Sat,8,17,20,32,41,118,3,2,1,baseline.csv,20260425_204331
20230930-02,2023-09-30,2023,9,30,Sat,2,5,7,9,15,38,1,4,1,baseline.csv,20260425_204331
20231001-01,2023-10-01,2023,10,1,Sun,14,25,26,36,39,140,3,2,2,baseline.csv,20260425_204331
20231001-02,2023-10-01,2023,10,1,Sun,2,15,25,32,44,118,3,2,1,baseline.csv,20260425_204331
20231002-01,2023-10-02,2023,10,2,Mon,7,13,19,22,37,98,1,4,1,baseline.csv,20260425_204331
20231002-02,2023-10-02,2023,10,2,Mon,9,10,15,18,40,92,3,2,2,baseline.csv,20260425_204331
20231003-01,2023-10-03,2023,10,3,Tue,9,19,37,39,41,145,0,5,1,baseline.csv,20260425_204331
20231003-02,2023-10-03,2023,10,3,Tue,9,10,28,29,38,114,3,2,2,baseline.csv,20260425_204331
20231004-01,2023-10-04,2023,10,4,Wed,2,5,10,21,34,72,3,2,1,baseline.csv,20260425_204331
20231004-02,2023-10-04,2023,10,4,Wed,3,6,7,14,23,53,2,3,2,baseline.csv,20260425_204331
20231005-01,2023-10-05,2023,10,5,Thu,10,26,33,42,44,155,4,1,1,baseline.csv,20260425_204331
20231005-02,2023-10-05,2023,10,5,Thu,18,23,33,40,42,156,3,2,1,baseline.csv,20260425_204331
20231006-01,2023-10-06,2023,10,6,Fri,11,15,19,43,45,133,0,5,1,baseline.csv,20260425_204331
20231006-02,2023-10-06,2023,10,6,Fri,9,14,15,31,43,112,1,4,2,baseline.csv,20260425_204331
20231007-01,2023-10-07,2023,10,7,Sat,11,20,21,31,40,123,2,3,2,baseline.csv,20260425_204331
20231007-02,2023-10-07,2023,10,7,Sat,14,17,19,27,29,106,1,4,1,baseline.csv,20260425_204331
20231008-01,2023-10-08,2023,10,8,Sun,1,9,21,42,45,118,1,4,1,baseline.csv,20260425_204331
20231008-02,2023-10-08,2023,10,8,Sun,11,13,18,37,40,119,2,3,1,baseline.csv,20260425_204331
20231009-01,2023-10-09,2023,10,9,Mon,2,13,17,25,26,83,2,3,2,baseline.csv,20260425_204331
20231009-02,2023-10-09,2023,10,9,Mon,8,9,29,36,45,127,2,3,2,baseline.csv,20260425_204331
20231010-01,2023-10-10,2023,10,10,Tue,1,13,22,24,42,102,3,2,1,baseline.csv,20260425_204331
20231010-02,2023-10-10,2023,10,10,Tue,19,22,30,35,37,143,2,3,1,baseline.csv,20260425_204331
20231011-01,2023-10-11,2023,10,11,Wed,5,6,17,32,45,105,2,3,2,baseline.csv,20260425_204331
20231011-02,2023-10-11,2023,10,11,Wed,3,7,9,13,44,76,1,4,1,baseline.csv,20260425_204331
20231012-01,2023-10-12,2023,10,12,Thu,9,25,29,37,40,140,1,4,1,baseline.csv,20260425_204331
20231012-02,2023-10-12,2023,10,12,Thu,8,18,22,28,33,109,4,1,1,baseline.csv,20260425_204331
20231013-01,2023-10-13,2023,10,13,Fri,11,16,24,38,45,134,3,2,1,baseline.csv,20260425_204331
20231013-02,2023-10-13,2023,10,13,Fri,11,18,26,31,34,120,3,2,1,baseline.csv,20260425_204331
20231014-01,2023-10-14,2023,10,14,Sat,5,23,27,41,43,139,0,5,1,baseline.csv,20260425_204331
20231014-02,2023-10-14,2023,10,14,Sat,5,10,17,23,44,99,2,3,1,baseline.csv,20260425_204331
20231015-01,2023-10-15,2023,10,15,Sun,4,11,19,20,21,75,2,3,3,baseline.csv,20260425_204331
20231015-02,2023-10-15,2023,10,15,Sun,7,17,23,37,38,122,1,4,2,baseline.csv,20260425_204331
20231016-01,2023-10-16,2023,10,16,Mon,3,15,33,36,45,132,1,4,1,baseline.csv,20260425_204331
20231016-02,2023-10-16,2023,10,16,Mon,20,24,32,35,42,153,4,1,1,baseline.csv,20260425_204331
20231017-01,2023-10-17,2023,10,17,Tue,7,13,20,34,42,116,3,2,1,baseline.csv,20260425_204331
20231017-02,2023-10-17,2023,10,17,Tue,7,11,19,29,45,111,0,5,1,baseline.csv,20260425_204331
20231018-01,2023-10-18,2023,10,18,Wed,14,32,33,34,45,158,3,2,3,baseline.csv,20260425_204331
20231018-02,2023-10-18,2023,10,18,Wed,13,15,18,34,35,115,2,3,2,baseline.csv,20260425_204331
20231019-01,2023-10-19,2023,10,19,Thu,16,18,33,38,39,144,3,2,2,baseline.csv,20260425_204331
20231019-02,2023-10-19,2023,10,19,Thu,5,6,17,38,45,111,2,3,2,baseline.csv,20260425_204331
20231020-01,2023-10-20,2023,10,20,Fri,4,18,24,28,42,116,5,0,1,baseline.csv,20260425_204331
20231020-02,2023-10-20,2023,10,20,Fri,14,16,20,28,38,116,5,0,1,baseline.csv,20260425_204331
20231021-01,2023-10-21,2023,10,21,Sat,4,10,23,37,43,117,2,3,1,baseline.csv,20260425_204331
20231021-02,2023-10-21,2023,10,21,Sat,2,11,39,40,43,135,2,3,2,baseline.csv,20260425_204331
20231022-01,2023-10-22,2023,10,22,Sun,16,23,27,30,38,134,3,2,1,baseline.csv,20260425_204331
20231022-02,2023-10-22,2023,10,22,Sun,3,6,16,21,40,86,3,2,1,baseline.csv,20260425_204331
20231023-01,2023-10-23,2023,10,23,Mon,6,7,13,36,41,103,2,3,2,baseline.csv,20260425_204331
20231023-02,2023-10-23,2023,10,23,Mon,24,34,35,42,45,180,3,2,2,baseline.csv,20260425_204331
20231024-01,2023-10-24,2023,10,24,Tue,3,9,15,22,41,90,1,4,1,baseline.csv,20260425_204331
20231024-02,2023-10-24,2023,10,24,Tue,8,15,18,30,37,108,3,2,1,baseline.csv,20260425_204331
20231025-01,2023-10-25,2023,10,25,Wed,8,12,13,31,38,102,3,2,2,baseline.csv,20260425_204331
20231025-02,2023-10-25,2023,10,25,Wed,22,30,34,41,42,169,4,1,2,baseline.csv,20260425_204331
20231026-01,2023-10-26,2023,10,26,Thu,7,20,22,32,40,121,4,1,1,baseline.csv,20260425_204331
20231026-02,2023-10-26,2023,10,26,Thu,2,9,20,24,27,82,3,2,1,baseline.csv,20260425_204331
20231027-01,2023-10-27,2023,10,27,Fri,14,15,24,25,34,112,3,2,2,baseline.csv,20260425_204331
20231027-02,2023-10-27,2023,10,27,Fri,2,6,30,35,37,110,3,2,1,baseline.csv,20260425_204331
20231028-01,2023-10-28,2023,10,28,Sat,3,8,16,20,31,78,3,2,1,baseline.csv,20260425_204331
20231028-02,2023-10-28,2023,10,28,Sat,16,24,29,31,40,140,3,2,1,baseline.csv,20260425_204331
20231029-01,2023-10-29,2023,10,29,Sun,5,15,24,31,34,109,2,3,1,baseline.csv,20260425_204331
20231029-02,2023-10-29,2023,10,29,Sun,20,32,39,42,44,177,4,1,1,baseline.csv,20260425_204331
20231030-01,2023-10-30,2023,10,30,Mon,12,14,21,39,43,129,2,3,1,baseline.csv,20260425_204331
20231030-02,2023-10-30,2023,10,30,Mon,14,16,21,29,37,117,2,3,1,baseline.csv,20260425_204331
20231031-01,2023-10-31,2023,10,31,Tue,1,7,8,31,37,84,1,4,2,baseline.csv,20260425_204331
20231031-02,2023-10-31,2023,10,31,Tue,2,5,24,31,32,94,3,2,2,baseline.csv,20260425_204331
20231101-01,2023-11-01,2023,11,1,Wed,3,4,19,38,45,109,2,3,2,baseline.csv,20260425_204331
20231101-02,2023-11-01,2023,11,1,Wed,24,30,33,42,44,173,4,1,1,baseline.csv,20260425_204331
20231102-01,2023-11-02,2023,11,2,Thu,4,10,14,20,38,86,5,0,1,baseline.csv,20260425_204331
20231102-02,2023-11-02,2023,11,2,Thu,5,10,19,27,30,91,2,3,1,baseline.csv,20260425_204331
20231103-01,2023-11-03,2023,11,3,Fri,1,8,24,26,36,95,4,1,1,baseline.csv,20260425_204331
20231103-02,2023-11-03,2023,11,3,Fri,7,14,16,20,24,81,4,1,1,baseline.csv,20260425_204331
20231104-01,2023-11-04,2023,11,4,Sat,18,20,26,31,37,132,3,2,1,baseline.csv,20260425_204331
20231104-02,2023-11-04,2023,11,4,Sat,5,8,9,15,43,80,1,4,2,baseline.csv,20260425_204331
20231105-01,2023-11-05,2023,11,5,Sun,15,16,30,39,44,144,3,2,2,baseline.csv,20260425_204331
20231105-02,2023-11-05,2023,11,5,Sun,3,6,22,24,30,85,4,1,1,baseline.csv,20260425_204331
20231106-01,2023-11-06,2023,11,6,Mon,13,23,34,37,45,152,1,4,1,baseline.csv,20260425_204331
20231106-02,2023-11-06,2023,11,6,Mon,1,3,18,19,36,77,2,3,2,baseline.csv,20260425_204331
20231107-01,2023-11-07,2023,11,7,Tue,6,24,28,34,37,129,4,1,1,baseline.csv,20260425_204331
20231107-02,2023-11-07,2023,11,7,Tue,1,4,18,22,40,85,4,1,1,baseline.csv,20260425_204331
20231108-01,2023-11-08,2023,11,8,Wed,1,9,10,20,28,68,3,2,2,baseline.csv,20260425_204331
20231108-02,2023-11-08,2023,11,8,Wed,5,11,18,38,43,115,2,3,1,baseline.csv,20260425_204331
20231109-01,2023-11-09,2023,11,9,Thu,3,21,25,37,44,130,1,4,1,baseline.csv,20260425_204331
20231109-02,2023-11-09,2023,11,9,Thu,6,14,16,23,45,104,3,2,1,baseline.csv,20260425_204331
20231110-01,2023-11-10,2023,11,10,Fri,7,28,30,40,43,148,3,2,1,baseline.csv,20260425_204331
20231110-02,2023-11-10,2023,11,10,Fri,7,9,26,39,42,123,2,3,1,baseline.csv,20260425_204331
20231111-01,2023-11-11,2023,11,11,Sat,11,17,19,42,45,134,1,4,1,baseline.csv,20260425_204331
20231111-02,2023-11-11,2023,11,11,Sat,6,15,16,29,38,104,3,2,2,baseline.csv,20260425_204331
20231112-01,2023-11-12,2023,11,12,Sun,10,36,37,40,45,168,3,2,2,baseline.csv,20260425_204331
20231112-02,2023-11-12,2023,11,12,Sun,12,24,27,28,37,128,3,2,2,baseline.csv,20260425_204331
20231113-01,2023-11-13,2023,11,13,Mon,14,23,28,29,33,127,2,3,2,baseline.csv,20260425_204331
20231113-02,2023-11-13,2023,11,13,Mon,1,12,29,34,45,121,2,3,1,baseline.csv,20260425_204331
20231114-01,2023-11-14,2023,11,14,Tue,3,23,31,37,38,132,1,4,2,baseline.csv,20260425_204331
20231114-02,2023-11-14,2023,11,14,Tue,11,24,37,42,43,157,2,3,2,baseline.csv,20260425_204331
20231115-01,2023-11-15,2023,11,15,Wed,2,4,21,35,37,99,2,3,1,baseline.csv,20260425_204331
20231115-02,2023-11-15,2023,11,15,Wed,18,20,34,36,42,150,5,0,1,baseline.csv,20260425_204331
20231116-01,2023-11-16,2023,11,16,Thu,16,18,27,28,32,121,4,1,2,baseline.csv,20260425_204331
20231116-02,2023-11-16,2023,11,16,Thu,3,19,34,36,41,133,2,3,1,baseline.csv,20260425_204331
20231117-01,2023-11-17,2023,11,17,Fri,9,24,29,33,44,139,2,3,1,baseline.csv,20260425_204331
20231117-02,2023-11-17,2023,11,17,Fri,3,6,9,19,44,81,2,3,1,baseline.csv,20260425_204331
20231118-01,2023-11-18,2023,11,18,Sat,7,8,9,16,37,77,2,3,3,baseline.csv,20260425_204331
20231118-02,2023-11-18,2023,11,18,Sat,20,22,24,29,43,138,3,2,1,baseline.csv,20260425_204331
20231119-01,2023-11-19,2023,11,19,Sun,8,21,26,32,44,131,4,1,1,baseline.csv,20260425_204331
20231119-02,2023-11-19,2023,11,19,Sun,11,31,36,37,45,160,1,4,2,baseline.csv,20260425_204331
20231120-01,2023-11-20,2023,11,20,Mon,4,6,14,19,38,81,4,1,1,baseline.csv,20260425_204331
20231120-02,2023-11-20,2023,11,20,Mon,12,17,26,29,31,115,2,3,1,baseline.csv,20260425_204331
20231121-01,2023-11-21,2023,11,21,Tue,16,19,33,35,41,144,1,4,1,baseline.csv,20260425_204331
20231121-02,2023-11-21,2023,11,21,Tue,2,17,19,41,43,122,1,4,1,baseline.csv,20260425_204331
20231122-01,2023-11-22,2023,11,22,Wed,10,19,30,40,44,143,4,1,1,baseline.csv,20260425_204331
20231122-02,2023-11-22,2023,11,22,Wed,1,12,17,27,43,100,1,4,1,baseline.csv,20260425_204331
20231123-01,2023-11-23,2023,11,23,Thu,1,2,6,28,32,69,4,1,2,baseline.csv,20260425_204331
20231123-02,2023-11-23,2023,11,23,Thu,3,11,13,19,25,71,0,5,1,baseline.csv,20260425_204331
20231124-01,2023-11-24,2023,11,24,Fri,10,13,16,21,33,93,2,3,1,baseline.csv,20260425_204331
20231124-02,2023-11-24,2023,11,24,Fri,4,11,27,30,41,113,2,3,1,baseline.csv,20260425_204331
20231125-01,2023-11-25,2023,11,25,Sat,9,14,17,34,37,111,2,3,1,baseline.csv,20260425_204331
20231125-02,2023-11-25,2023,11,25,Sat,3,7,16,21,34,81,2,3,1,baseline.csv,20260425_204331
20231126-01,2023-11-26,2023,11,26,Sun,4,9,23,30,44,110,3,2,1,baseline.csv,20260425_204331
20231126-02,2023-11-26,2023,11,26,Sun,22,24,26,28,39,139,4,1,1,baseline.csv,20260425_204331
20231127-01,2023-11-27,2023,11,27,Mon,7,13,16,36,42,114,3,2,1,baseline.csv,20260425_204331
20231127-02,2023-11-27,2023,11,27,Mon,6,20,23,37,40,126,3,2,1,baseline.csv,20260425_204331
20231128-01,2023-11-28,2023,11,28,Tue,1,18,21,27,38,105,2,3,1,baseline.csv,20260425_204331
20231128-02,2023-11-28,2023,11,28,Tue,7,15,28,38,44,132,3,2,1,baseline.csv,20260425_204331
20231129-01,2023-11-29,2023,11,29,Wed,2,12,21,32,33,100,3,2,2,baseline.csv,20260425_204331
20231129-02,2023-11-29,2023,11,29,Wed,4,9,20,34,38,105,4,1,1,baseline.csv,20260425_204331
20231130-01,2023-11-30,2023,11,30,Thu,33,39,40,41,42,195,2,3,4,baseline.csv,20260425_204331
20231130-02,2023-11-30,2023,11,30,Thu,6,10,11,13,44,84,3,2,2,baseline.csv,20260425_204331
20231201-01,2023-12-01,2023,12,1,Fri,20,21,24,33,37,135,2,3,2,baseline.csv,20260425_204331
20231201-02,2023-12-01,2023,12,1,Fri,11,16,20,38,41,126,3,2,1,baseline.csv,20260425_204331
20231202-01,2023-12-02,2023,12,2,Sat,7,8,12,16,20,63,4,1,2,baseline.csv,20260425_204331
20231202-02,2023-12-02,2023,12,2,Sat,2,4,8,15,16,45,4,1,2,baseline.csv,20260425_204331
20231203-01,2023-12-03,2023,12,3,Sun,7,19,27,42,44,139,2,3,1,baseline.csv,20260425_204331
20231203-02,2023-12-03,2023,12,3,Sun,8,13,14,21,29,85,2,3,2,baseline.csv,20260425_204331
20231204-01,2023-12-04,2023,12,4,Mon,4,18,33,35,36,126,3,2,2,baseline.csv,20260425_204331
20231204-02,2023-12-04,2023,12,4,Mon,6,21,22,23,41,113,2,3,3,baseline.csv,20260425_204331
20231205-01,2023-12-05,2023,12,5,Tue,6,7,16,17,38,84,3,2,2,baseline.csv,20260425_204331
20231205-02,2023-12-05,2023,12,5,Tue,2,6,21,28,40,97,4,1,1,baseline.csv,20260425_204331
20231206-01,2023-12-06,2023,12,6,Wed,23,32,36,39,44,174,3,2,1,baseline.csv,20260425_204331
20231206-02,2023-12-06,2023,12,6,Wed,7,13,24,38,40,122,3,2,1,baseline.csv,20260425_204331
20231207-01,2023-12-07,2023,12,7,Thu,3,16,18,29,36,102,3,2,1,baseline.csv,20260425_204331
20231207-02,2023-12-07,2023,12,7,Thu,11,19,32,36,40,138,3,2,1,baseline.csv,20260425_204331
20231208-01,2023-12-08,2023,12,8,Fri,1,13,38,40,41,133,2,3,2,baseline.csv,20260425_204331
20231208-02,2023-12-08,2023,12,8,Fri,6,16,37,38,44,141,4,1,2,baseline.csv,20260425_204331
20231209-01,2023-12-09,2023,12,9,Sat,10,16,19,23,38,106,3,2,1,baseline.csv,20260425_204331
20231209-02,2023-12-09,2023,12,9,Sat,11,14,21,29,38,113,2,3,1,baseline.csv,20260425_204331
20231210-01,2023-12-10,2023,12,10,Sun,1,14,38,39,44,136,3,2,2,baseline.csv,20260425_204331
20231210-02,2023-12-10,2023,12,10,Sun,3,4,12,20,45,84,3,2,2,baseline.csv,20260425_204331
20231211-01,2023-12-11,2023,12,11,Mon,12,20,32,34,45,143,4,1,1,baseline.csv,20260425_204331
20231211-02,2023-12-11,2023,12,11,Mon,17,19,31,33,43,143,0,5,1,baseline.csv,20260425_204331
20231212-01,2023-12-12,2023,12,12,Tue,10,15,18,37,40,120,3,2,1,baseline.csv,20260425_204331
20231212-02,2023-12-12,2023,12,12,Tue,2,17,20,28,32,99,4,1,1,baseline.csv,20260425_204331
20231213-01,2023-12-13,2023,12,13,Wed,8,31,33,37,38,147,2,3,2,baseline.csv,20260425_204331
20231213-02,2023-12-13,2023,12,13,Wed,1,2,19,24,34,80,3,2,2,baseline.csv,20260425_204331
20231214-01,2023-12-14,2023,12,14,Thu,6,14,24,25,40,109,4,1,2,baseline.csv,20260425_204331
20231214-02,2023-12-14,2023,12,14,Thu,2,6,31,43,45,127,2,3,1,baseline.csv,20260425_204331
20231215-01,2023-12-15,2023,12,15,Fri,13,21,24,28,33,119,2,3,1,baseline.csv,20260425_204331
20231215-02,2023-12-15,2023,12,15,Fri,6,9,22,27,32,96,3,2,1,baseline.csv,20260425_204331
20231216-01,2023-12-16,2023,12,16,Sat,16,19,23,32,43,133,2,3,1,baseline.csv,20260425_204331
20231216-02,2023-12-16,2023,12,16,Sat,10,20,24,25,36,115,4,1,2,baseline.csv,20260425_204331
20231217-01,2023-12-17,2023,12,17,Sun,13,17,18,35,44,127,2,3,2,baseline.csv,20260425_204331
20231217-02,2023-12-17,2023,12,17,Sun,10,16,24,25,39,114,3,2,2,baseline.csv,20260425_204331
20231218-01,2023-12-18,2023,12,18,Mon,6,13,21,28,42,110,3,2,1,baseline.csv,20260425_204331
20231218-02,2023-12-18,2023,12,18,Mon,6,14,16,19,40,95,4,1,1,baseline.csv,20260425_204331
20231219-01,2023-12-19,2023,12,19,Tue,2,8,19,21,41,91,2,3,1,baseline.csv,20260425_204331
20231219-02,2023-12-19,2023,12,19,Tue,1,18,22,23,42,106,3,2,2,baseline.csv,20260425_204331
20231220-01,2023-12-20,2023,12,20,Wed,4,8,25,31,39,107,2,3,1,baseline.csv,20260425_204331
20231220-02,2023-12-20,2023,12,20,Wed,5,32,35,40,45,157,2,3,1,baseline.csv,20260425_204331
20231221-01,2023-12-21,2023,12,21,Thu,3,6,9,11,12,41,2,3,2,baseline.csv,20260425_204331
20231221-02,2023-12-21,2023,12,21,Thu,11,13,18,28,43,113,2,3,1,baseline.csv,20260425_204331
20231222-01,2023-12-22,2023,12,22,Fri,18,23,25,29,40,135,2,3,1,baseline.csv,20260425_204331
20231222-02,2023-12-22,2023,12,22,Fri,12,22,27,32,36,129,4,1,1,baseline.csv,20260425_204331
20231223-01,2023-12-23,2023,12,23,Sat,1,3,27,32,43,106,1,4,1,baseline.csv,20260425_204331
20231223-02,2023-12-23,2023,12,23,Sat,6,28,32,33,37,136,3,2,2,baseline.csv,20260425_204331
20231224-01,2023-12-24,2023,12,24,Sun,3,33,39,42,45,162,1,4,1,baseline.csv,20260425_204331
20231224-02,2023-12-24,2023,12,24,Sun,19,27,29,40,45,160,1,4,1,baseline.csv,20260425_204331
20231225-01,2023-12-25,2023,12,25,Mon,11,13,25,34,40,123,2,3,1,baseline.csv,20260425_204331
20231225-02,2023-12-25,2023,12,25,Mon,1,23,26,32,41,123,2,3,1,baseline.csv,20260425_204331
20231226-01,2023-12-26,2023,12,26,Tue,2,3,13,32,42,92,3,2,2,baseline.csv,20260425_204331
20231226-02,2023-12-26,2023,12,26,Tue,5,6,16,23,33,83,2,3,2,baseline.csv,20260425_204331
20231227-01,2023-12-27,2023,12,27,Wed,1,2,8,12,43,66,3,2,2,baseline.csv,20260425_204331
20231227-02,2023-12-27,2023,12,27,Wed,2,13,30,34,39,118,3,2,1,baseline.csv,20260425_204331
20231228-01,2023-12-28,2023,12,28,Thu,5,15,16,28,31,95,2,3,2,baseline.csv,20260425_204331
20231228-02,2023-12-28,2023,12,28,Thu,9,16,26,39,42,132,3,2,1,baseline.csv,20260425_204331
20231229-01,2023-12-29,2023,12,29,Fri,3,4,6,9,38,60,3,2,2,baseline.csv,20260425_204331
20231229-02,2023-12-29,2023,12,29,Fri,1,20,25,32,37,115,2,3,1,baseline.csv,20260425_204331
20231230-01,2023-12-30,2023,12,30,Sat,15,18,31,35,38,137,2,3,1,baseline.csv,20260425_204331
20231230-02,2023-12-30,2023,12,30,Sat,2,8,27,30,42,109,4,1,1,baseline.csv,20260425_204331
20231231-01,2023-12-31,2023,12,31,Sun,5,12,15,22,28,82,3,2,1,baseline.csv,20260425_204331
20231231-02,2023-12-31,2023,12,31,Sun,2,15,19,25,28,89,2,3,1,baseline.csv,20260425_204331
20240101-01,2024-01-01,2024,1,1,Mon,16,18,29,41,44,148,3,2,1,baseline.csv,20260425_204331
20240101-02,2024-01-01,2024,1,1,Mon,9,13,16,38,43,119,2,3,1,baseline.csv,20260425_204331
20240102-01,2024-01-02,2024,1,2,Tue,5,9,19,21,27,81,0,5,1,baseline.csv,20260425_204331
20240102-02,2024-01-02,2024,1,2,Tue,11,12,13,17,30,83,2,3,3,baseline.csv,20260425_204331
20240103-01,2024-01-03,2024,1,3,Wed,8,22,27,36,41,134,3,2,1,baseline.csv,20260425_204331
20240103-02,2024-01-03,2024,1,3,Wed,4,9,17,32,42,104,3,2,1,baseline.csv,20260425_204331
20240104-01,2024-01-04,2024,1,4,Thu,12,13,16,22,31,94,3,2,2,baseline.csv,20260425_204331
20240104-02,2024-01-04,2024,1,4,Thu,2,4,7,21,38,72,3,2,1,baseline.csv,20260425_204331
20240105-01,2024-01-05,2024,1,5,Fri,20,21,27,30,40,138,3,2,2,baseline.csv,20260425_204331
20240105-02,2024-01-05,2024,1,5,Fri,11,20,29,30,33,123,2,3,2,baseline.csv,20260425_204331
20240106-01,2024-01-06,2024,1,6,Sat,10,14,16,42,44,126,5,0,1,baseline.csv,20260425_204331
20240106-02,2024-01-06,2024,1,6,Sat,1,4,6,22,31,64,3,2,1,baseline.csv,20260425_204331
20240107-01,2024-01-07,2024,1,7,Sun,11,19,21,25,26,102,1,4,2,baseline.csv,20260425_204331
20240107-02,2024-01-07,2024,1,7,Sun,7,14,24,32,33,110,3,2,2,baseline.csv,20260425_204331
20240108-01,2024-01-08,2024,1,8,Mon,10,25,33,40,45,153,2,3,1,baseline.csv,20260425_204331
20240108-02,2024-01-08,2024,1,8,Mon,7,21,26,31,45,130,1,4,1,baseline.csv,20260425_204331
20240109-01,2024-01-09,2024,1,9,Tue,10,23,28,41,43,145,2,3,1,baseline.csv,20260425_204331
20240109-02,2024-01-09,2024,1,9,Tue,7,8,10,22,33,80,3,2,2,baseline.csv,20260425_204331
20240110-01,2024-01-10,2024,1,10,Wed,10,12,21,29,32,104,3,2,1,baseline.csv,20260425_204331
20240110-02,2024-01-10,2024,1,10,Wed,13,17,21,31,41,123,0,5,1,baseline.csv,20260425_204331
20240111-01,2024-01-11,2024,1,11,Thu,1,9,24,25,42,101,2,3,2,baseline.csv,20260425_204331
20240111-02,2024-01-11,2024,1,11,Thu,8,9,22,35,41,115,2,3,2,baseline.csv,20260425_204331
20240112-01,2024-01-12,2024,1,12,Fri,4,15,21,27,36,103,2,3,1,baseline.csv,20260425_204331
20240112-02,2024-01-12,2024,1,12,Fri,3,5,14,18,45,85,2,3,1,baseline.csv,20260425_204331
20240113-01,2024-01-13,2024,1,13,Sat,9,27,38,39,43,156,1,4,2,baseline.csv,20260425_204331
20240113-02,2024-01-13,2024,1,13,Sat,3,5,7,26,40,81,2,3,1,baseline.csv,20260425_204331
20240114-01,2024-01-14,2024,1,14,Sun,2,20,22,26,37,107,4,1,1,baseline.csv,20260425_204331
20240114-02,2024-01-14,2024,1,14,Sun,21,22,29,37,43,152,1,4,2,baseline.csv,20260425_204331
20240115-01,2024-01-15,2024,1,15,Mon,5,8,11,18,35,77,2,3,1,baseline.csv,20260425_204331
20240115-02,2024-01-15,2024,1,15,Mon,1,3,27,34,36,101,2,3,1,baseline.csv,20260425_204331
20240116-01,2024-01-16,2024,1,16,Tue,8,22,25,32,42,129,4,1,1,baseline.csv,20260425_204331
20240116-02,2024-01-16,2024,1,16,Tue,1,5,11,34,37,88,1,4,1,baseline.csv,20260425_204331
20240117-01,2024-01-17,2024,1,17,Wed,2,9,11,23,25,70,1,4,1,baseline.csv,20260425_204331
20240117-02,2024-01-17,2024,1,17,Wed,6,15,23,25,28,97,2,3,1,baseline.csv,20260425_204331
20240118-01,2024-01-18,2024,1,18,Thu,4,7,31,35,40,117,2,3,1,baseline.csv,20260425_204331
20240118-02,2024-01-18,2024,1,18,Thu,7,9,12,40,45,113,2,3,1,baseline.csv,20260425_204331
20240119-01,2024-01-19,2024,1,19,Fri,14,27,33,39,42,155,2,3,1,baseline.csv,20260425_204331
20240119-02,2024-01-19,2024,1,19,Fri,1,2,7,10,32,52,3,2,2,baseline.csv,20260425_204331
20240120-01,2024-01-20,2024,1,20,Sat,24,25,27,36,39,151,2,3,2,baseline.csv,20260425_204331
20240120-02,2024-01-20,2024,1,20,Sat,6,21,25,32,39,123,2,3,1,baseline.csv,20260425_204331
20240121-01,2024-01-21,2024,1,21,Sun,2,6,26,35,40,109,4,1,1,baseline.csv,20260425_204331
20240121-02,2024-01-21,2024,1,21,Sun,15,16,23,29,38,121,2,3,2,baseline.csv,20260425_204331
20240122-01,2024-01-22,2024,1,22,Mon,11,16,20,21,43,111,2,3,2,baseline.csv,20260425_204331
20240122-02,2024-01-22,2024,1,22,Mon,7,9,22,37,45,120,1,4,1,baseline.csv,20260425_204331
20240123-01,2024-01-23,2024,1,23,Tue,6,7,19,20,24,76,3,2,2,baseline.csv,20260425_204331
20240123-02,2024-01-23,2024,1,23,Tue,9,13,19,36,39,116,1,4,1,baseline.csv,20260425_204331
20240124-01,2024-01-24,2024,1,24,Wed,6,7,16,19,21,69,2,3,2,baseline.csv,20260425_204331
20240124-02,2024-01-24,2024,1,24,Wed,1,11,17,22,34,85,2,3,1,baseline.csv,20260425_204331
20240125-01,2024-01-25,2024,1,25,Thu,9,29,34,41,42,155,2,3,2,baseline.csv,20260425_204331
20240125-02,2024-01-25,2024,1,25,Thu,13,27,28,40,45,153,2,3,2,baseline.csv,20260425_204331
20240126-01,2024-01-26,2024,1,26,Fri,1,11,27,34,39,112,1,4,1,baseline.csv,20260425_204331
20240126-02,2024-01-26,2024,1,26,Fri,5,10,14,28,41,98,3,2,1,baseline.csv,20260425_204331
20240127-01,2024-01-27,2024,1,27,Sat,3,8,12,20,25,68,3,2,1,baseline.csv,20260425_204331
20240127-02,2024-01-27,2024,1,27,Sat,8,11,17,30,43,109,2,3,1,baseline.csv,20260425_204331
20240128-01,2024-01-28,2024,1,28,Sun,15,19,21,23,45,123,0,5,1,baseline.csv,20260425_204331
20240128-02,2024-01-28,2024,1,28,Sun,11,26,28,35,43,143,2,3,1,baseline.csv,20260425_204331
20240129-01,2024-01-29,2024,1,29,Mon,5,7,14,19,40,85,2,3,1,baseline.csv,20260425_204331
20240129-02,2024-01-29,2024,1,29,Mon,10,18,21,23,33,105,2,3,1,baseline.csv,20260425_204331
20240130-01,2024-01-30,2024,1,30,Tue,17,18,24,26,45,130,3,2,2,baseline.csv,20260425_204331
20240130-02,2024-01-30,2024,1,30,Tue,12,13,20,21,24,90,3,2,2,baseline.csv,20260425_204331
20240131-01,2024-01-31,2024,1,31,Wed,3,32,36,37,41,149,2,3,2,baseline.csv,20260425_204331
20240131-02,2024-01-31,2024,1,31,Wed,1,12,22,37,38,110,3,2,2,baseline.csv,20260425_204331
20240201-01,2024-02-01,2024,2,1,Thu,17,26,34,42,45,164,3,2,1,baseline.csv,20260425_204331
20240201-02,2024-02-01,2024,2,1,Thu,1,5,7,9,41,63,0,5,1,baseline.csv,20260425_204331
20240202-01,2024-02-02,2024,2,2,Fri,6,15,18,37,38,114,3,2,2,baseline.csv,20260425_204331
20240202-02,2024-02-02,2024,2,2,Fri,1,17,22,29,41,110,1,4,1,baseline.csv,20260425_204331
20240203-01,2024-02-03,2024,2,3,Sat,6,15,29,32,45,127,2,3,1,baseline.csv,20260425_204331
20240203-02,2024-02-03,2024,2,3,Sat,5,16,23,25,45,114,1,4,1,baseline.csv,20260425_204331
20240204-01,2024-02-04,2024,2,4,Sun,2,3,16,25,44,90,3,2,2,baseline.csv,20260425_204331
20240204-02,2024-02-04,2024,2,4,Sun,26,27,28,31,39,151,2,3,3,baseline.csv,20260425_204331
20240205-01,2024-02-05,2024,2,5,Mon,3,8,14,15,37,77,2,3,2,baseline.csv,20260425_204331
20240205-02,2024-02-05,2024,2,5,Mon,2,4,17,29,41,93,2,3,1,baseline.csv,20260425_204331
20240206-01,2024-02-06,2024,2,6,Tue,1,12,19,24,43,99,2,3,1,baseline.csv,20260425_204331
20240206-02,2024-02-06,2024,2,6,Tue,3,5,28,36,40,112,3,2,1,baseline.csv,20260425_204331
20240207-01,2024-02-07,2024,2,7,Wed,2,8,16,28,40,94,5,0,1,baseline.csv,20260425_204331
20240207-02,2024-02-07,2024,2,7,Wed,5,16,33,38,43,135,2,3,1,baseline.csv,20260425_204331
20240208-01,2024-02-08,2024,2,8,Thu,16,17,26,33,44,136,3,2,2,baseline.csv,20260425_204331
20240208-02,2024-02-08,2024,2,8,Thu,7,9,25,31,42,114,1,4,1,baseline.csv,20260425_204331
20240209-01,2024-02-09,2024,2,9,Fri,14,16,21,28,29,108,3,2,2,baseline.csv,20260425_204331
20240209-02,2024-02-09,2024,2,9,Fri,2,4,22,36,42,106,5,0,1,baseline.csv,20260425_204331
20240210-01,2024-02-10,2024,2,10,Sat,2,3,9,38,45,97,2,3,2,baseline.csv,20260425_204331
20240210-02,2024-02-10,2024,2,10,Sat,1,5,7,20,34,67,2,3,1,baseline.csv,20260425_204331
20240211-01,2024-02-11,2024,2,11,Sun,8,17,21,43,44,133,2,3,2,baseline.csv,20260425_204331
20240211-02,2024-02-11,2024,2,11,Sun,3,12,29,32,34,110,3,2,1,baseline.csv,20260425_204331
20240212-01,2024-02-12,2024,2,12,Mon,16,18,31,32,40,137,4,1,2,baseline.csv,20260425_204331
20240212-02,2024-02-12,2024,2,12,Mon,3,4,33,35,43,118,1,4,2,baseline.csv,20260425_204331
20240213-01,2024-02-13,2024,2,13,Tue,5,8,20,22,23,78,3,2,2,baseline.csv,20260425_204331
20240213-02,2024-02-13,2024,2,13,Tue,2,8,16,20,22,68,5,0,1,baseline.csv,20260425_204331
20240214-01,2024-02-14,2024,2,14,Wed,4,21,30,37,44,136,3,2,1,baseline.csv,20260425_204331
20240214-02,2024-02-14,2024,2,14,Wed,8,10,13,25,26,82,3,2,2,baseline.csv,20260425_204331
20240215-01,2024-02-15,2024,2,15,Thu,6,10,17,31,38,102,3,2,1,baseline.csv,20260425_204331
20240215-02,2024-02-15,2024,2,15,Thu,12,18,30,33,41,134,3,2,1,baseline.csv,20260425_204331
20240216-01,2024-02-16,2024,2,16,Fri,12,15,31,42,43,143,2,3,2,baseline.csv,20260425_204331
20240216-02,2024-02-16,2024,2,16,Fri,19,25,29,37,41,151,0,5,1,baseline.csv,20260425_204331
20240217-01,2024-02-17,2024,2,17,Sat,7,19,20,27,37,110,1,4,2,baseline.csv,20260425_204331
20240217-02,2024-02-17,2024,2,17,Sat,6,13,15,26,27,87,2,3,2,baseline.csv,20260425_204331
20240218-01,2024-02-18,2024,2,18,Sun,2,19,23,27,31,102,1,4,1,baseline.csv,20260425_204331
20240218-02,2024-02-18,2024,2,18,Sun,1,6,12,14,23,56,3,2,1,baseline.csv,20260425_204331
20240219-01,2024-02-19,2024,2,19,Mon,16,23,34,36,40,149,4,1,1,baseline.csv,20260425_204331
20240219-02,2024-02-19,2024,2,19,Mon,21,23,25,38,41,148,1,4,1,baseline.csv,20260425_204331
20240220-01,2024-02-20,2024,2,20,Tue,8,13,19,36,42,118,3,2,1,baseline.csv,20260425_204331
20240220-02,2024-02-20,2024,2,20,Tue,1,29,31,38,39,138,1,4,2,baseline.csv,20260425_204331
20240221-01,2024-02-21,2024,2,21,Wed,5,17,18,23,29,92,1,4,2,baseline.csv,20260425_204331
20240221-02,2024-02-21,2024,2,21,Wed,14,26,28,40,41,149,4,1,2,baseline.csv,20260425_204331
20240222-01,2024-02-22,2024,2,22,Thu,4,7,27,28,37,103,2,3,2,baseline.csv,20260425_204331
20240222-02,2024-02-22,2024,2,22,Thu,9,19,20,31,33,112,1,4,2,baseline.csv,20260425_204331
20240223-01,2024-02-23,2024,2,23,Fri,10,30,37,43,45,165,2,3,1,baseline.csv,20260425_204331
20240223-02,2024-02-23,2024,2,23,Fri,9,11,15,35,42,112,1,4,1,baseline.csv,20260425_204331
20240224-01,2024-02-24,2024,2,24,Sat,7,12,35,39,45,138,1,4,1,baseline.csv,20260425_204331
20240224-02,2024-02-24,2024,2,24,Sat,5,9,15,35,44,108,1,4,1,baseline.csv,20260425_204331
20240225-01,2024-02-25,2024,2,25,Sun,15,18,24,27,30,114,3,2,1,baseline.csv,20260425_204331
20240225-02,2024-02-25,2024,2,25,Sun,9,21,28,36,43,137,2,3,1,baseline.csv,20260425_204331
20240226-01,2024-02-26,2024,2,26,Mon,5,11,24,25,30,95,2,3,2,baseline.csv,20260425_204331
20240226-02,2024-02-26,2024,2,26,Mon,10,26,27,30,41,134,3,2,2,baseline.csv,20260425_204331
20240227-01,2024-02-27,2024,2,27,Tue,15,16,29,35,40,135,2,3,2,baseline.csv,20260425_204331
20240227-02,2024-02-27,2024,2,27,Tue,3,5,10,31,38,87,2,3,1,baseline.csv,20260425_204331
20240228-01,2024-02-28,2024,2,28,Wed,6,10,13,17,28,74,3,2,1,baseline.csv,20260425_204331
20240228-02,2024-02-28,2024,2,28,Wed,5,12,21,36,45,119,2,3,1,baseline.csv,20260425_204331
20240229-01,2024-02-29,2024,2,29,Thu,4,20,22,27,31,104,3,2,1,baseline.csv,20260425_204331
20240229-02,2024-02-29,2024,2,29,Thu,11,14,18,19,24,86,3,2,2,baseline.csv,20260425_204331
20240301-01,2024-03-01,2024,3,1,Fri,10,17,30,32,41,130,3,2,1,baseline.csv,20260425_204331
20240301-02,2024-03-01,2024,3,1,Fri,12,33,36,39,41,161,2,3,1,baseline.csv,20260425_204331
20240302-01,2024-03-02,2024,3,2,Sat,21,27,29,35,44,156,1,4,1,baseline.csv,20260425_204331
20240302-02,2024-03-02,2024,3,2,Sat,1,8,16,27,39,91,2,3,1,baseline.csv,20260425_204331
20240303-01,2024-03-03,2024,3,3,Sun,6,25,31,32,38,132,3,2,2,baseline.csv,20260425_204331
20240303-02,2024-03-03,2024,3,3,Sun,13,22,31,33,42,141,2,3,1,baseline.csv,20260425_204331
20240304-01,2024-03-04,2024,3,4,Mon,6,17,19,21,40,103,2,3,1,baseline.csv,20260425_204331
20240304-02,2024-03-04,2024,3,4,Mon,6,10,16,26,35,93,4,1,1,baseline.csv,20260425_204331
20240305-01,2024-03-05,2024,3,5,Tue,14,30,33,37,42,156,3,2,1,baseline.csv,20260425_204331
20240305-02,2024-03-05,2024,3,5,Tue,2,7,11,31,45,96,1,4,1,baseline.csv,20260425_204331
20240306-01,2024-03-06,2024,3,6,Wed,6,8,16,17,20,67,4,1,2,baseline.csv,20260425_204331
20240306-02,2024-03-06,2024,3,6,Wed,3,6,17,27,29,82,1,4,1,baseline.csv,20260425_204331
20240307-01,2024-03-07,2024,3,7,Thu,5,12,23,39,45,124,1,4,1,baseline.csv,20260425_204331
20240307-02,2024-03-07,2024,3,7,Thu,10,12,17,19,26,84,3,2,1,baseline.csv,20260425_204331
20240308-01,2024-03-08,2024,3,8,Fri,18,32,33,38,45,166,3,2,2,baseline.csv,20260425_204331
20240308-02,2024-03-08,2024,3,8,Fri,13,29,31,35,37,145,0,5,1,baseline.csv,20260425_204331
20240309-01,2024-03-09,2024,3,9,Sat,1,2,14,22,29,68,3,2,2,baseline.csv,20260425_204331
20240309-02,2024-03-09,2024,3,9,Sat,9,12,28,41,42,132,3,2,2,baseline.csv,20260425_204331
20240310-01,2024-03-10,2024,3,10,Sun,5,13,25,33,40,116,1,4,1,baseline.csv,20260425_204331
20240310-02,2024-03-10,2024,3,10,Sun,5,9,13,15,41,83,0,5,1,baseline.csv,20260425_204331
20240311-01,2024-03-11,2024,3,11,Mon,12,23,32,34,44,145,4,1,1,baseline.csv,20260425_204331
20240311-02,2024-03-11,2024,3,11,Mon,1,9,13,22,28,73,2,3,1,baseline.csv,20260425_204331
20240312-01,2024-03-12,2024,3,12,Tue,2,27,28,36,37,130,3,2,2,baseline.csv,20260425_204331
20240312-02,2024-03-12,2024,3,12,Tue,11,17,19,30,35,112,1,4,1,baseline.csv,20260425_204331
20240313-01,2024-03-13,2024,3,13,Wed,5,6,11,21,42,85,2,3,2,baseline.csv,20260425_204331
20240313-02,2024-03-13,2024,3,13,Wed,8,13,31,42,43,137,2,3,2,baseline.csv,20260425_204331
20240314-01,2024-03-14,2024,3,14,Thu,11,22,26,36,43,138,3,2,1,baseline.csv,20260425_204331
20240314-02,2024-03-14,2024,3,14,Thu,2,18,37,39,42,138,3,2,1,baseline.csv,20260425_204331
20240315-01,2024-03-15,2024,3,15,Fri,19,25,29,34,36,143,2,3,1,baseline.csv,20260425_204331
20240315-02,2024-03-15,2024,3,15,Fri,4,5,12,34,45,100,3,2,2,baseline.csv,20260425_204331
20240316-01,2024-03-16,2024,3,16,Sat,13,15,17,20,41,106,1,4,1,baseline.csv,20260425_204331
20240316-02,2024-03-16,2024,3,16,Sat,1,5,9,11,21,47,0,5,1,baseline.csv,20260425_204331
20240317-01,2024-03-17,2024,3,17,Sun,19,24,33,36,37,149,2,3,2,baseline.csv,20260425_204331
20240317-02,2024-03-17,2024,3,17,Sun,1,3,18,21,34,77,2,3,1,baseline.csv,20260425_204331
20240318-01,2024-03-18,2024,3,18,Mon,3,19,23,32,43,120,1,4,1,baseline.csv,20260425_204331
20240318-02,2024-03-18,2024,3,18,Mon,10,11,17,22,41,101,2,3,2,baseline.csv,20260425_204331
20240319-01,2024-03-19,2024,3,19,Tue,10,19,20,30,38,117,4,1,2,baseline.csv,20260425_204331
20240319-02,2024-03-19,2024,3,19,Tue,5,24,29,40,42,140,3,2,1,baseline.csv,20260425_204331
20240320-01,2024-03-20,2024,3,20,Wed,9,13,27,34,36,119,2,3,1,baseline.csv,20260425_204331
20240320-02,2024-03-20,2024,3,20,Wed,11,22,25,28,30,116,3,2,1,baseline.csv,20260425_204331
20240321-01,2024-03-21,2024,3,21,Thu,5,35,40,43,45,168,1,4,1,baseline.csv,20260425_204331
20240321-02,2024-03-21,2024,3,21,Thu,6,7,25,42,43,123,2,3,2,baseline.csv,20260425_204331
20240322-01,2024-03-22,2024,3,22,Fri,4,7,26,32,35,104,3,2,1,baseline.csv,20260425_204331
20240322-02,2024-03-22,2024,3,22,Fri,8,11,35,40,45,139,2,3,1,baseline.csv,20260425_204331
20240323-01,2024-03-23,2024,3,23,Sat,3,5,15,26,41,90,1,4,1,baseline.csv,20260425_204331
20240323-02,2024-03-23,2024,3,23,Sat,3,9,21,32,35,100,1,4,1,baseline.csv,20260425_204331
20240324-01,2024-03-24,2024,3,24,Sun,11,17,19,30,36,113,2,3,1,baseline.csv,20260425_204331
20240324-02,2024-03-24,2024,3,24,Sun,21,29,31,37,38,156,1,4,2,baseline.csv,20260425_204331
20240325-01,2024-03-25,2024,3,25,Mon,1,9,22,35,44,111,2,3,1,baseline.csv,20260425_204331
20240325-02,2024-03-25,2024,3,25,Mon,4,7,22,37,44,114,3,2,1,baseline.csv,20260425_204331
20240326-01,2024-03-26,2024,3,26,Tue,10,16,29,41,45,141,2,3,1,baseline.csv,20260425_204331
20240326-02,2024-03-26,2024,3,26,Tue,6,14,20,30,44,114,5,0,1,baseline.csv,20260425_204331
20240327-01,2024-03-27,2024,3,27,Wed,8,10,20,27,39,104,3,2,1,baseline.csv,20260425_204331
20240327-02,2024-03-27,2024,3,27,Wed,4,13,27,33,41,118,1,4,1,baseline.csv,20260425_204331
20240328-01,2024-03-28,2024,3,28,Thu,1,10,18,19,29,77,2,3,2,baseline.csv,20260425_204331
20240328-02,2024-03-28,2024,3,28,Thu,5,6,16,17,30,74,3,2,2,baseline.csv,20260425_204331
20240329-01,2024-03-29,2024,3,29,Fri,7,20,25,32,35,119,2,3,1,baseline.csv,20260425_204331
20240329-02,2024-03-29,2024,3,29,Fri,1,2,29,32,33,97,2,3,2,baseline.csv,20260425_204331
20240330-01,2024-03-30,2024,3,30,Sat,2,11,12,20,35,80,3,2,2,baseline.csv,20260425_204331
20240330-02,2024-03-30,2024,3,30,Sat,4,19,20,31,32,106,3,2,2,baseline.csv,20260425_204331
20240331-01,2024-03-31,2024,3,31,Sun,1,6,12,14,26,59,4,1,1,baseline.csv,20260425_204331
20240331-02,2024-03-31,2024,3,31,Sun,25,31,37,39,44,176,1,4,1,baseline.csv,20260425_204331
20240401-01,2024-04-01,2024,4,1,Mon,10,14,19,30,40,113,4,1,1,baseline.csv,20260425_204331
20240401-02,2024-04-01,2024,4,1,Mon,9,13,30,37,41,130,1,4,1,baseline.csv,20260425_204331
20240402-01,2024-04-02,2024,4,2,Tue,8,22,32,35,37,134,3,2,1,baseline.csv,20260425_204331
20240402-02,2024-04-02,2024,4,2,Tue,1,16,37,38,39,131,2,3,3,baseline.csv,20260425_204331
20240403-01,2024-04-03,2024,4,3,Wed,10,24,28,36,39,137,4,1,1,baseline.csv,20260425_204331
20240403-02,2024-04-03,2024,4,3,Wed,2,10,17,23,37,89,2,3,1,baseline.csv,20260425_204331
20240404-01,2024-04-04,2024,4,4,Thu,8,11,18,24,40,101,4,1,1,baseline.csv,20260425_204331
20240404-02,2024-04-04,2024,4,4,Thu,12,27,33,37,41,150,1,4,1,baseline.csv,20260425_204331
20240405-01,2024-04-05,2024,4,5,Fri,18,20,34,39,44,155,4,1,1,baseline.csv,20260425_204331
20240405-02,2024-04-05,2024,4,5,Fri,8,17,18,26,45,114,3,2,2,baseline.csv,20260425_204331
20240406-01,2024-04-06,2024,4,6,Sat,29,33,34,41,44,181,2,3,2,baseline.csv,20260425_204331
20240406-02,2024-04-06,2024,4,6,Sat,16,25,38,40,44,163,4,1,1,baseline.csv,20260425_204331
20240407-01,2024-04-07,2024,4,7,Sun,8,10,21,22,38,99,4,1,2,baseline.csv,20260425_204331
20240407-02,2024-04-07,2024,4,7,Sun,20,35,37,39,43,174,1,4,1,baseline.csv,20260425_204331
20240408-01,2024-04-08,2024,4,8,Mon,14,16,27,34,41,132,3,2,1,baseline.csv,20260425_204331
20240408-02,2024-04-08,2024,4,8,Mon,6,10,29,37,45,127,2,3,1,baseline.csv,20260425_204331
20240409-01,2024-04-09,2024,4,9,Tue,1,6,11,35,40,93,2,3,1,baseline.csv,20260425_204331
20240409-02,2024-04-09,2024,4,9,Tue,10,16,19,23,33,101,2,3,1,baseline.csv,20260425_204331
20240410-01,2024-04-10,2024,4,10,Wed,7,20,30,35,40,132,3,2,1,baseline.csv,20260425_204331
20240410-02,2024-04-10,2024,4,10,Wed,10,30,36,39,45,160,3,2,1,baseline.csv,20260425_204331
20240411-01,2024-04-11,2024,4,11,Thu,5,19,23,34,39,120,1,4,1,baseline.csv,20260425_204331
20240411-02,2024-04-11,2024,4,11,Thu,5,26,31,39,42,143,2,3,1,baseline.csv,20260425_204331
20240412-01,2024-04-12,2024,4,12,Fri,10,12,36,41,43,142,3,2,1,baseline.csv,20260425_204331
20240412-02,2024-04-12,2024,4,12,Fri,10,24,30,31,42,137,4,1,2,baseline.csv,20260425_204331
20240413-01,2024-04-13,2024,4,13,Sat,8,17,24,25,43,117,2,3,2,baseline.csv,20260425_204331
20240413-02,2024-04-13,2024,4,13,Sat,5,17,26,44,45,137,2,3,2,baseline.csv,20260425_204331
20240414-01,2024-04-14,2024,4,14,Sun,3,6,24,28,42,103,4,1,1,baseline.csv,20260425_204331
20240414-02,2024-04-14,2024,4,14,Sun,6,17,38,39,41,141,2,3,2,baseline.csv,20260425_204331
20240415-01,2024-04-15,2024,4,15,Mon,10,16,21,31,38,116,3,2,1,baseline.csv,20260425_204331
20240415-02,2024-04-15,2024,4,15,Mon,11,20,35,37,44,147,2,3,1,baseline.csv,20260425_204331
20240416-01,2024-04-16,2024,4,16,Tue,8,25,42,43,44,162,3,2,3,baseline.csv,20260425_204331
20240416-02,2024-04-16,2024,4,16,Tue,3,5,26,33,39,106,1,4,1,baseline.csv,20260425_204331
20240417-01,2024-04-17,2024,4,17,Wed,7,26,36,41,45,155,2,3,1,baseline.csv,20260425_204331
20240417-02,2024-04-17,2024,4,17,Wed,2,11,27,37,44,121,2,3,1,baseline.csv,20260425_204331
20240418-01,2024-04-18,2024,4,18,Thu,13,27,36,42,43,161,2,3,2,baseline.csv,20260425_204331
20240418-02,2024-04-18,2024,4,18,Thu,7,22,25,30,42,126,3,2,1,baseline.csv,20260425_204331
20240419-01,2024-04-19,2024,4,19,Fri,3,5,11,42,44,105,2,3,1,baseline.csv,20260425_204331
20240419-02,2024-04-19,2024,4,19,Fri,18,19,21,41,43,142,1,4,2,baseline.csv,20260425_204331
20240420-01,2024-04-20,2024,4,20,Sat,15,18,22,23,38,116,3,2,2,baseline.csv,20260425_204331
20240420-02,2024-04-20,2024,4,20,Sat,5,18,20,23,39,105,2,3,1,baseline.csv,20260425_204331
20240421-01,2024-04-21,2024,4,21,Sun,6,15,17,25,32,95,2,3,1,baseline.csv,20260425_204331
20240421-02,2024-04-21,2024,4,21,Sun,5,8,12,20,40,85,4,1,1,baseline.csv,20260425_204331
20240422-01,2024-04-22,2024,4,22,Mon,7,11,23,30,44,115,2,3,1,baseline.csv,20260425_204331
20240422-02,2024-04-22,2024,4,22,Mon,3,4,6,25,27,65,2,3,2,baseline.csv,20260425_204331
20240423-01,2024-04-23,2024,4,23,Tue,2,10,14,19,30,75,4,1,1,baseline.csv,20260425_204331
20240423-02,2024-04-23,2024,4,23,Tue,1,4,23,37,41,106,1,4,1,baseline.csv,20260425_204331
20240424-01,2024-04-24,2024,4,24,Wed,6,10,14,22,34,86,5,0,1,baseline.csv,20260425_204331
20240424-02,2024-04-24,2024,4,24,Wed,4,10,15,30,43,102,3,2,1,baseline.csv,20260425_204331
20240425-01,2024-04-25,2024,4,25,Thu,8,12,17,31,32,100,3,2,2,baseline.csv,20260425_204331
20240425-02,2024-04-25,2024,4,25,Thu,7,13,29,35,41,125,0,5,1,baseline.csv,20260425_204331
20240426-01,2024-04-26,2024,4,26,Fri,6,11,14,20,26,77,4,1,1,baseline.csv,20260425_204331
20240426-02,2024-04-26,2024,4,26,Fri,5,21,24,28,33,111,2,3,1,baseline.csv,20260425_204331
20240427-01,2024-04-27,2024,4,27,Sat,1,10,19,23,39,92,1,4,1,baseline.csv,20260425_204331
20240427-02,2024-04-27,2024,4,27,Sat,3,12,15,27,29,86,1,4,1,baseline.csv,20260425_204331
20240428-01,2024-04-28,2024,4,28,Sun,11,23,31,41,44,150,1,4,1,baseline.csv,20260425_204331
20240428-02,2024-04-28,2024,4,28,Sun,13,23,28,29,33,126,1,4,2,baseline.csv,20260425_204331
20240429-01,2024-04-29,2024,4,29,Mon,5,10,36,39,41,131,2,3,1,baseline.csv,20260425_204331
20240429-02,2024-04-29,2024,4,29,Mon,10,11,30,42,45,138,3,2,2,baseline.csv,20260425_204331
20240430-01,2024-04-30,2024,4,30,Tue,3,20,36,40,42,141,4,1,1,baseline.csv,20260425_204331
20240430-02,2024-04-30,2024,4,30,Tue,6,11,18,38,44,117,4,1,1,baseline.csv,20260425_204331
20240501-01,2024-05-01,2024,5,1,Wed,6,28,31,38,40,143,4,1,1,baseline.csv,20260425_204331
20240501-02,2024-05-01,2024,5,1,Wed,15,21,23,26,27,112,1,4,2,baseline.csv,20260425_204331
20240502-01,2024-05-02,2024,5,2,Thu,3,16,28,30,41,118,3,2,1,baseline.csv,20260425_204331
20240502-02,2024-05-02,2024,5,2,Thu,5,16,27,30,41,119,2,3,1,baseline.csv,20260425_204331
20240503-01,2024-05-03,2024,5,3,Fri,13,17,34,38,39,141,2,3,2,baseline.csv,20260425_204331
20240503-02,2024-05-03,2024,5,3,Fri,8,11,17,20,37,93,2,3,1,baseline.csv,20260425_204331
20240504-01,2024-05-04,2024,5,4,Sat,5,23,30,31,39,128,1,4,2,baseline.csv,20260425_204331
20240504-02,2024-05-04,2024,5,4,Sat,2,12,16,19,24,73,4,1,1,baseline.csv,20260425_204331
20240505-01,2024-05-05,2024,5,5,Sun,6,11,12,28,40,97,4,1,2,baseline.csv,20260425_204331
20240505-02,2024-05-05,2024,5,5,Sun,1,2,14,26,39,82,3,2,2,baseline.csv,20260425_204331
20240506-01,2024-05-06,2024,5,6,Mon,4,18,37,38,40,137,4,1,2,baseline.csv,20260425_204331
20240506-02,2024-05-06,2024,5,6,Mon,5,11,15,35,37,103,0,5,1,baseline.csv,20260425_204331
20240507-01,2024-05-07,2024,5,7,Tue,4,5,18,25,35,87,2,3,2,baseline.csv,20260425_204331
20240507-02,2024-05-07,2024,5,7,Tue,11,13,26,38,44,132,3,2,1,baseline.csv,20260425_204331
20240508-01,2024-05-08,2024,5,8,Wed,1,17,29,32,33,112,1,4,2,baseline.csv,20260425_204331
20240508-02,2024-05-08,2024,5,8,Wed,4,11,15,22,35,87,2,3,1,baseline.csv,20260425_204331
20240509-01,2024-05-09,2024,5,9,Thu,4,5,17,20,23,69,2,3,2,baseline.csv,20260425_204331
20240509-02,2024-05-09,2024,5,9,Thu,11,14,23,38,44,130,3,2,1,baseline.csv,20260425_204331
20240510-01,2024-05-10,2024,5,10,Fri,2,10,11,15,36,74,3,2,2,baseline.csv,20260425_204331
20240510-02,2024-05-10,2024,5,10,Fri,1,2,7,22,30,62,3,2,2,baseline.csv,20260425_204331
20240511-01,2024-05-11,2024,5,11,Sat,4,8,16,25,27,80,3,2,1,baseline.csv,20260425_204331
20240511-02,2024-05-11,2024,5,11,Sat,3,10,14,26,40,93,4,1,1,baseline.csv,20260425_204331
20240512-01,2024-05-12,2024,5,12,Sun,4,8,11,28,45,96,3,2,1,baseline.csv,20260425_204331
20240512-02,2024-05-12,2024,5,12,Sun,1,15,16,19,42,93,2,3,2,baseline.csv,20260425_204331
20240513-01,2024-05-13,2024,5,13,Mon,4,14,20,39,43,120,3,2,1,baseline.csv,20260425_204331
20240513-02,2024-05-13,2024,5,13,Mon,20,28,31,42,44,165,4,1,1,baseline.csv,20260425_204331
20240514-01,2024-05-14,2024,5,14,Tue,1,10,12,41,42,106,3,2,2,baseline.csv,20260425_204331
20240514-02,2024-05-14,2024,5,14,Tue,2,16,23,29,40,110,3,2,1,baseline.csv,20260425_204331
20240515-01,2024-05-15,2024,5,15,Wed,6,9,16,20,39,90,3,2,1,baseline.csv,20260425_204331
20240515-02,2024-05-15,2024,5,15,Wed,5,28,30,31,32,126,3,2,3,baseline.csv,20260425_204331
20240516-01,2024-05-16,2024,5,16,Thu,10,11,27,30,37,115,2,3,2,baseline.csv,20260425_204331
20240516-02,2024-05-16,2024,5,16,Thu,3,14,15,30,35,97,2,3,2,baseline.csv,20260425_204331
20240517-01,2024-05-17,2024,5,17,Fri,3,11,12,18,37,81,2,3,2,baseline.csv,20260425_204331
20240517-02,2024-05-17,2024,5,17,Fri,1,2,6,28,45,82,3,2,2,baseline.csv,20260425_204331
20240518-01,2024-05-18,2024,5,18,Sat,3,7,10,14,39,73,2,3,1,baseline.csv,20260425_204331
20240518-02,2024-05-18,2024,5,18,Sat,7,9,10,19,45,90,1,4,2,baseline.csv,20260425_204331
20240519-01,2024-05-19,2024,5,19,Sun,14,15,26,28,39,122,3,2,2,baseline.csv,20260425_204331
20240519-02,2024-05-19,2024,5,19,Sun,4,16,17,30,32,99,4,1,2,baseline.csv,20260425_204331
20240520-01,2024-05-20,2024,5,20,Mon,5,8,28,39,40,120,3,2,2,baseline.csv,20260425_204331
20240520-02,2024-05-20,2024,5,20,Mon,5,6,9,26,29,75,2,3,2,baseline.csv,20260425_204331
20240521-01,2024-05-21,2024,5,21,Tue,6,16,26,32,44,124,5,0,1,baseline.csv,20260425_204331
20240521-02,2024-05-21,2024,5,21,Tue,15,22,32,35,43,147,2,3,1,baseline.csv,20260425_204331
20240522-01,2024-05-22,2024,5,22,Wed,2,28,31,40,45,146,3,2,1,baseline.csv,20260425_204331
20240522-02,2024-05-22,2024,5,22,Wed,17,19,20,23,27,106,1,4,2,baseline.csv,20260425_204331
20240523-01,2024-05-23,2024,5,23,Thu,11,15,17,20,30,93,2,3,1,baseline.csv,20260425_204331
20240523-02,2024-05-23,2024,5,23,Thu,3,15,21,34,43,116,1,4,1,baseline.csv,20260425_204331
20240524-01,2024-05-24,2024,5,24,Fri,5,27,29,34,42,137,2,3,1,baseline.csv,20260425_204331
20240524-02,2024-05-24,2024,5,24,Fri,4,5,6,23,26,64,3,2,3,baseline.csv,20260425_204331
20240525-01,2024-05-25,2024,5,25,Sat,8,14,31,34,43,130,3,2,1,baseline.csv,20260425_204331
20240525-02,2024-05-25,2024,5,25,Sat,9,25,34,39,42,149,2,3,1,baseline.csv,20260425_204331
20240526-01,2024-05-26,2024,5,26,Sun,3,8,20,23,38,92,3,2,1,baseline.csv,20260425_204331
20240526-02,2024-05-26,2024,5,26,Sun,22,27,29,34,45,157,2,3,1,baseline.csv,20260425_204331
20240527-01,2024-05-27,2024,5,27,Mon,5,6,7,26,45,89,2,3,3,baseline.csv,20260425_204331
20240527-02,2024-05-27,2024,5,27,Mon,3,28,36,40,42,149,4,1,1,baseline.csv,20260425_204331
20240528-01,2024-05-28,2024,5,28,Tue,1,5,22,28,43,99,2,3,1,baseline.csv,20260425_204331
20240528-02,2024-05-28,2024,5,28,Tue,3,9,25,32,41,110,1,4,1,baseline.csv,20260425_204331
20240529-01,2024-05-29,2024,5,29,Wed,1,19,29,37,40,126,1,4,1,baseline.csv,20260425_204331
20240529-02,2024-05-29,2024,5,29,Wed,30,35,36,37,42,180,3,2,3,baseline.csv,20260425_204331
20240530-01,2024-05-30,2024,5,30,Thu,4,11,25,32,36,108,3,2,1,baseline.csv,20260425_204331
20240530-02,2024-05-30,2024,5,30,Thu,4,23,26,40,43,136,3,2,1,baseline.csv,20260425_204331
20240531-01,2024-05-31,2024,5,31,Fri,5,7,14,37,44,107,2,3,1,baseline.csv,20260425_204331
20240531-02,2024-05-31,2024,5,31,Fri,13,14,26,34,44,131,4,1,2,baseline.csv,20260425_204331
20240601-01,2024-06-01,2024,6,1,Sat,3,14,28,31,37,113,2,3,1,baseline.csv,20260425_204331
20240601-02,2024-06-01,2024,6,1,Sat,3,16,23,29,38,109,2,3,1,baseline.csv,20260425_204331
20240602-01,2024-06-02,2024,6,2,Sun,14,20,34,35,41,144,3,2,2,baseline.csv,20260425_204331
20240602-02,2024-06-02,2024,6,2,Sun,3,4,21,42,45,115,2,3,2,baseline.csv,20260425_204331
20240603-01,2024-06-03,2024,6,3,Mon,3,6,21,26,31,87,2,3,1,baseline.csv,20260425_204331
20240603-02,2024-06-03,2024,6,3,Mon,9,15,34,36,41,135,2,3,1,baseline.csv,20260425_204331
20240604-01,2024-06-04,2024,6,4,Tue,2,5,9,17,35,68,1,4,1,baseline.csv,20260425_204331
20240604-02,2024-06-04,2024,6,4,Tue,2,4,17,29,33,85,2,3,1,baseline.csv,20260425_204331
20240605-01,2024-06-05,2024,6,5,Wed,30,31,36,40,43,180,3,2,2,baseline.csv,20260425_204331
20240605-02,2024-06-05,2024,6,5,Wed,3,8,18,28,33,90,3,2,1,baseline.csv,20260425_204331
20240606-01,2024-06-06,2024,6,6,Thu,11,30,39,41,42,163,2,3,2,baseline.csv,20260425_204331
20240606-02,2024-06-06,2024,6,6,Thu,8,22,35,39,44,148,3,2,1,baseline.csv,20260425_204331
20240607-01,2024-06-07,2024,6,7,Fri,4,19,38,43,45,149,2,3,1,baseline.csv,20260425_204331
20240607-02,2024-06-07,2024,6,7,Fri,4,23,28,29,42,126,3,2,2,baseline.csv,20260425_204331
20240608-01,2024-06-08,2024,6,8,Sat,7,29,32,37,41,146,1,4,1,baseline.csv,20260425_204331
20240608-02,2024-06-08,2024,6,8,Sat,8,16,33,38,43,138,3,2,1,baseline.csv,20260425_204331
20240609-01,2024-06-09,2024,6,9,Sun,7,11,17,27,28,90,1,4,2,baseline.csv,20260425_204331
20240609-02,2024-06-09,2024,6,9,Sun,3,6,15,24,35,83,2,3,1,baseline.csv,20260425_204331
20240610-01,2024-06-10,2024,6,10,Mon,14,18,22,26,39,119,4,1,1,baseline.csv,20260425_204331
20240610-02,2024-06-10,2024,6,10,Mon,6,11,17,25,40,99,2,3,1,baseline.csv,20260425_204331
20240611-01,2024-06-11,2024,6,11,Tue,10,13,14,28,34,99,4,1,2,baseline.csv,20260425_204331
20240611-02,2024-06-11,2024,6,11,Tue,13,14,15,29,40,111,2,3,3,baseline.csv,20260425_204331
20240612-01,2024-06-12,2024,6,12,Wed,3,11,14,21,25,74,1,4,1,baseline.csv,20260425_204331
20240612-02,2024-06-12,2024,6,12,Wed,14,22,34,42,43,155,4,1,2,baseline.csv,20260425_204331
20240613-01,2024-06-13,2024,6,13,Thu,16,21,37,42,45,161,2,3,1,baseline.csv,20260425_204331
20240613-02,2024-06-13,2024,6,13,Thu,4,6,14,29,37,90,3,2,1,baseline.csv,20260425_204331
20240614-01,2024-06-14,2024,6,14,Fri,12,22,28,29,32,123,4,1,2,baseline.csv,20260425_204331
20240614-02,2024-06-14,2024,6,14,Fri,9,27,28,30,35,129,2,3,2,baseline.csv,20260425_204331
20240615-01,2024-06-15,2024,6,15,Sat,16,18,22,23,38,117,4,1,2,baseline.csv,20260425_204331
20240615-02,2024-06-15,2024,6,15,Sat,13,23,28,29,41,134,1,4,2,baseline.csv,20260425_204331
20240616-01,2024-06-16,2024,6,16,Sun,15,23,25,29,30,122,1,4,2,baseline.csv,20260425_204331
20240616-02,2024-06-16,2024,6,16,Sun,3,8,14,20,33,78,3,2,1,baseline.csv,20260425_204331
20240617-01,2024-06-17,2024,6,17,Mon,5,6,8,20,27,66,3,2,2,baseline.csv,20260425_204331
20240617-02,2024-06-17,2024,6,17,Mon,9,15,22,26,32,104,3,2,1,baseline.csv,20260425_204331
20240618-01,2024-06-18,2024,6,18,Tue,7,19,27,28,43,124,1,4,2,baseline.csv,20260425_204331
20240618-02,2024-06-18,2024,6,18,Tue,6,19,21,30,31,107,2,3,2,baseline.csv,20260425_204331
20240619-01,2024-06-19,2024,6,19,Wed,6,27,37,39,41,150,1,4,1,baseline.csv,20260425_204331
20240619-02,2024-06-19,2024,6,19,Wed,13,24,32,33,36,138,3,2,2,baseline.csv,20260425_204331
20240620-01,2024-06-20,2024,6,20,Thu,18,28,32,37,38,153,4,1,2,baseline.csv,20260425_204331
20240620-02,2024-06-20,2024,6,20,Thu,1,2,4,5,30,42,3,2,2,baseline.csv,20260425_204331
20240621-01,2024-06-21,2024,6,21,Fri,1,2,4,22,29,58,3,2,2,baseline.csv,20260425_204331
20240621-02,2024-06-21,2024,6,21,Fri,4,28,32,34,37,135,4,1,1,baseline.csv,20260425_204331
20240622-01,2024-06-22,2024,6,22,Sat,8,11,14,33,34,100,3,2,2,baseline.csv,20260425_204331
20240622-02,2024-06-22,2024,6,22,Sat,7,23,27,34,35,126,1,4,2,baseline.csv,20260425_204331
20240623-01,2024-06-23,2024,6,23,Sun,5,9,11,19,44,88,1,4,1,baseline.csv,20260425_204331
20240623-02,2024-06-23,2024,6,23,Sun,2,7,11,21,39,80,1,4,1,baseline.csv,20260425_204331
20240624-01,2024-06-24,2024,6,24,Mon,2,7,15,16,26,66,3,2,2,baseline.csv,20260425_204331
20240624-02,2024-06-24,2024,6,24,Mon,9,17,18,27,31,102,1,4,2,baseline.csv,20260425_204331
20240625-01,2024-06-25,2024,6,25,Tue,13,17,19,35,42,126,1,4,1,baseline.csv,20260425_204331
20240625-02,2024-06-25,2024,6,25,Tue,3,11,20,36,45,115,2,3,1,baseline.csv,20260425_204331
20240626-01,2024-06-26,2024,6,26,Wed,7,9,17,31,39,103,0,5,1,baseline.csv,20260425_204331
20240626-02,2024-06-26,2024,6,26,Wed,13,14,18,22,42,109,4,1,2,baseline.csv,20260425_204331
20240627-01,2024-06-27,2024,6,27,Thu,17,24,27,34,44,146,3,2,1,baseline.csv,20260425_204331
20240627-02,2024-06-27,2024,6,27,Thu,4,6,9,34,45,98,3,2,1,baseline.csv,20260425_204331
20240628-01,2024-06-28,2024,6,28,Fri,10,11,29,37,41,128,1,4,2,baseline.csv,20260425_204331
20240628-02,2024-06-28,2024,6,28,Fri,17,18,22,32,45,134,3,2,2,baseline.csv,20260425_204331
20240629-01,2024-06-29,2024,6,29,Sat,4,12,19,26,37,98,3,2,1,baseline.csv,20260425_204331
20240629-02,2024-06-29,2024,6,29,Sat,4,17,20,27,37,105,2,3,1,baseline.csv,20260425_204331
20240630-01,2024-06-30,2024,6,30,Sun,2,12,31,34,39,118,3,2,1,baseline.csv,20260425_204331
20240630-02,2024-06-30,2024,6,30,Sun,5,7,32,33,42,119,2,3,2,baseline.csv,20260425_204331
20240701-01,2024-07-01,2024,7,1,Mon,4,16,24,28,35,107,4,1,1,baseline.csv,20260425_204331
20240701-02,2024-07-01,2024,7,1,Mon,13,18,33,35,43,142,1,4,1,baseline.csv,20260425_204331
20240702-01,2024-07-02,2024,7,2,Tue,1,10,31,43,45,130,1,4,1,baseline.csv,20260425_204331
20240702-02,2024-07-02,2024,7,2,Tue,1,5,9,33,37,85,0,5,1,baseline.csv,20260425_204331
20240703-01,2024-07-03,2024,7,3,Wed,5,14,17,18,35,89,2,3,2,baseline.csv,20260425_204331
20240703-02,2024-07-03,2024,7,3,Wed,3,14,28,35,45,125,2,3,1,baseline.csv,20260425_204331
20240704-01,2024-07-04,2024,7,4,Thu,2,17,19,35,38,111,2,3,1,baseline.csv,20260425_204331
20240704-02,2024-07-04,2024,7,4,Thu,1,18,38,42,44,143,4,1,1,baseline.csv,20260425_204331
20240705-01,2024-07-05,2024,7,5,Fri,1,13,20,22,39,95,2,3,1,baseline.csv,20260425_204331
20240705-02,2024-07-05,2024,7,5,Fri,2,11,12,23,41,89,2,3,2,baseline.csv,20260425_204331
20240706-01,2024-07-06,2024,7,6,Sat,3,11,25,40,44,123,2,3,1,baseline.csv,20260425_204331
20240706-02,2024-07-06,2024,7,6,Sat,3,16,17,19,42,97,2,3,2,baseline.csv,20260425_204331
20240707-01,2024-07-07,2024,7,7,Sun,3,6,16,37,38,100,3,2,2,baseline.csv,20260425_204331
20240707-02,2024-07-07,2024,7,7,Sun,8,9,23,37,39,116,1,4,2,baseline.csv,20260425_204331
20240708-01,2024-07-08,2024,7,8,Mon,7,10,19,35,42,113,2,3,1,baseline.csv,20260425_204331
20240708-02,2024-07-08,2024,7,8,Mon,5,22,32,35,39,133,2,3,1,baseline.csv,20260425_204331
20240709-01,2024-07-09,2024,7,9,Tue,7,10,15,17,42,91,2,3,1,baseline.csv,20260425_204331
20240709-02,2024-07-09,2024,7,9,Tue,4,29,32,35,42,142,3,2,1,baseline.csv,20260425_204331
20240710-01,2024-07-10,2024,7,10,Wed,5,16,31,33,37,122,1,4,1,baseline.csv,20260425_204331
20240710-02,2024-07-10,2024,7,10,Wed,13,14,32,40,41,140,3,2,2,baseline.csv,20260425_204331
20240711-01,2024-07-11,2024,7,11,Thu,2,3,11,12,14,42,3,2,2,baseline.csv,20260425_204331
20240711-02,2024-07-11,2024,7,11,Thu,10,15,28,32,37,122,3,2,1,baseline.csv,20260425_204331
20240712-01,2024-07-12,2024,7,12,Fri,12,18,23,34,42,129,4,1,1,baseline.csv,20260425_204331
20240712-02,2024-07-12,2024,7,12,Fri,7,8,14,26,43,98,3,2,2,baseline.csv,20260425_204331
20240713-01,2024-07-13,2024,7,13,Sat,4,5,8,18,33,68,3,2,2,baseline.csv,20260425_204331
20240713-02,2024-07-13,2024,7,13,Sat,9,19,22,24,29,103,2,3,1,baseline.csv,20260425_204331
20240714-01,2024-07-14,2024,7,14,Sun,2,4,13,29,36,84,3,2,1,baseline.csv,20260425_204331
20240714-02,2024-07-14,2024,7,14,Sun,13,14,29,34,44,134,3,2,2,baseline.csv,20260425_204331
20240715-01,2024-07-15,2024,7,15,Mon,17,21,22,36,41,137,2,3,2,baseline.csv,20260425_204331
20240715-02,2024-07-15,2024,7,15,Mon,2,8,14,19,42,85,4,1,1,baseline.csv,20260425_204331
20240716-01,2024-07-16,2024,7,16,Tue,16,17,22,37,44,136,3,2,2,baseline.csv,20260425_204331
20240716-02,2024-07-16,2024,7,16,Tue,8,10,13,21,22,74,3,2,2,baseline.csv,20260425_204331
20240717-01,2024-07-17,2024,7,17,Wed,8,23,29,38,40,138,3,2,1,baseline.csv,20260425_204331
20240717-02,2024-07-17,2024,7,17,Wed,3,14,24,30,37,108,3,2,1,baseline.csv,20260425_204331
20240718-01,2024-07-18,2024,7,18,Thu,9,11,31,43,45,139,0,5,1,baseline.csv,20260425_204331
20240718-02,2024-07-18,2024,7,18,Thu,8,9,11,32,34,94,3,2,2,baseline.csv,20260425_204331
20240719-01,2024-07-19,2024,7,19,Fri,6,10,12,14,30,72,5,0,1,baseline.csv,20260425_204331
20240719-02,2024-07-19,2024,7,19,Fri,6,12,20,34,42,114,5,0,1,baseline.csv,20260425_204331
20240720-01,2024-07-20,2024,7,20,Sat,9,12,14,38,41,114,3,2,1,baseline.csv,20260425_204331
20240720-02,2024-07-20,2024,7,20,Sat,5,8,28,32,41,114,3,2,1,baseline.csv,20260425_204331
20240721-01,2024-07-21,2024,7,21,Sun,5,12,14,32,36,99,4,1,1,baseline.csv,20260425_204331
20240721-02,2024-07-21,2024,7,21,Sun,1,6,11,14,38,70,3,2,1,baseline.csv,20260425_204331
20240722-01,2024-07-22,2024,7,22,Mon,8,14,26,27,40,115,4,1,2,baseline.csv,20260425_204331
20240722-02,2024-07-22,2024,7,22,Mon,3,5,6,10,34,58,3,2,2,baseline.csv,20260425_204331
20240723-01,2024-07-23,2024,7,23,Tue,9,21,22,33,34,119,2,3,2,baseline.csv,20260425_204331
20240723-02,2024-07-23,2024,7,23,Tue,13,18,20,34,38,123,4,1,1,baseline.csv,20260425_204331
20240724-01,2024-07-24,2024,7,24,Wed,4,11,13,23,34,85,2,3,1,baseline.csv,20260425_204331
20240724-02,2024-07-24,2024,7,24,Wed,4,19,24,28,30,105,4,1,1,baseline.csv,20260425_204331
20240725-01,2024-07-25,2024,7,25,Thu,12,17,24,28,32,113,4,1,1,baseline.csv,20260425_204331
20240725-02,2024-07-25,2024,7,25,Thu,2,3,8,17,22,52,3,2,2,baseline.csv,20260425_204331
20240726-01,2024-07-26,2024,7,26,Fri,13,28,37,41,45,164,1,4,1,baseline.csv,20260425_204331
20240726-02,2024-07-26,2024,7,26,Fri,14,16,18,36,40,124,5,0,1,baseline.csv,20260425_204331
20240727-01,2024-07-27,2024,7,27,Sat,9,15,16,19,25,84,1,4,2,baseline.csv,20260425_204331
20240727-02,2024-07-27,2024,7,27,Sat,13,14,28,43,45,143,2,3,2,baseline.csv,20260425_204331
20240728-01,2024-07-28,2024,7,28,Sun,5,16,18,42,43,124,3,2,2,baseline.csv,20260425_204331
20240728-02,2024-07-28,2024,7,28,Sun,4,16,18,21,32,91,4,1,1,baseline.csv,20260425_204331
20240729-01,2024-07-29,2024,7,29,Mon,12,13,14,20,41,100,3,2,3,baseline.csv,20260425_204331
20240729-02,2024-07-29,2024,7,29,Mon,2,20,21,38,42,123,4,1,2,baseline.csv,20260425_204331
20240730-01,2024-07-30,2024,7,30,Tue,2,9,37,43,45,136,1,4,1,baseline.csv,20260425_204331
20240730-02,2024-07-30,2024,7,30,Tue,5,11,15,37,41,109,0,5,1,baseline.csv,20260425_204331
20240731-01,2024-07-31,2024,7,31,Wed,2,21,22,24,38,107,4,1,2,baseline.csv,20260425_204331
20240731-02,2024-07-31,2024,7,31,Wed,2,3,14,34,45,98,3,2,2,baseline.csv,20260425_204331
20240801-01,2024-08-01,2024,8,1,Thu,4,14,18,43,45,124,3,2,1,baseline.csv,20260425_204331
20240801-02,2024-08-01,2024,8,1,Thu,15,18,32,35,45,145,2,3,1,baseline.csv,20260425_204331
20240802-01,2024-08-02,2024,8,2,Fri,26,31,33,43,44,177,2,3,2,baseline.csv,20260425_204331
20240802-02,2024-08-02,2024,8,2,Fri,13,19,25,29,45,131,0,5,1,baseline.csv,20260425_204331
20240803-01,2024-08-03,2024,8,3,Sat,11,13,15,19,31,89,0,5,1,baseline.csv,20260425_204331
20240803-02,2024-08-03,2024,8,3,Sat,10,11,16,17,27,81,2,3,2,baseline.csv,20260425_204331
20240804-01,2024-08-04,2024,8,4,Sun,8,14,20,24,27,93,4,1,1,baseline.csv,20260425_204331
20240804-02,2024-08-04,2024,8,4,Sun,8,12,21,33,34,108,3,2,2,baseline.csv,20260425_204331
20240805-01,2024-08-05,2024,8,5,Mon,1,16,25,29,35,106,1,4,1,baseline.csv,20260425_204331
20240805-02,2024-08-05,2024,8,5,Mon,7,11,22,26,40,106,3,2,1,baseline.csv,20260425_204331
20240806-01,2024-08-06,2024,8,6,Tue,1,18,33,34,39,125,2,3,2,baseline.csv,20260425_204331
20240806-02,2024-08-06,2024,8,6,Tue,2,5,13,27,35,82,1,4,1,baseline.csv,20260425_204331
20240807-01,2024-08-07,2024,8,7,Wed,2,30,35,44,45,156,3,2,2,baseline.csv,20260425_204331
20240807-02,2024-08-07,2024,8,7,Wed,13,14,25,26,34,112,3,2,2,baseline.csv,20260425_204331
20240808-01,2024-08-08,2024,8,8,Thu,22,23,27,32,34,138,3,2,2,baseline.csv,20260425_204331
20240808-02,2024-08-08,2024,8,8,Thu,18,24,27,32,33,134,3,2,2,baseline.csv,20260425_204331
20240809-01,2024-08-09,2024,8,9,Fri,14,23,27,32,44,140,3,2,1,baseline.csv,20260425_204331
20240809-02,2024-08-09,2024,8,9,Fri,4,5,10,15,42,76,3,2,2,baseline.csv,20260425_204331
20240810-01,2024-08-10,2024,8,10,Sat,6,16,39,43,44,148,3,2,2,baseline.csv,20260425_204331
20240810-02,2024-08-10,2024,8,10,Sat,17,30,41,42,45,175,2,3,2,baseline.csv,20260425_204331
20240811-01,2024-08-11,2024,8,11,Sun,11,25,33,35,40,144,1,4,1,baseline.csv,20260425_204331
20240811-02,2024-08-11,2024,8,11,Sun,15,31,32,41,42,161,2,3,2,baseline.csv,20260425_204331
20240812-01,2024-08-12,2024,8,12,Mon,7,17,25,28,34,111,2,3,1,baseline.csv,20260425_204331
20240812-02,2024-08-12,2024,8,12,Mon,1,24,34,37,39,135,2,3,1,baseline.csv,20260425_204331
20240813-01,2024-08-13,2024,8,13,Tue,8,23,29,38,40,138,3,2,1,baseline.csv,20260425_204331
20240813-02,2024-08-13,2024,8,13,Tue,6,11,18,39,44,118,3,2,1,baseline.csv,20260425_204331
20240814-01,2024-08-14,2024,8,14,Wed,8,15,23,34,45,125,2,3,1,baseline.csv,20260425_204331
20240814-02,2024-08-14,2024,8,14,Wed,6,25,26,31,39,127,2,3,2,baseline.csv,20260425_204331
20240815-01,2024-08-15,2024,8,15,Thu,3,12,31,37,42,125,2,3,1,baseline.csv,20260425_204331
20240815-02,2024-08-15,2024,8,15,Thu,7,14,28,40,44,133,4,1,1,baseline.csv,20260425_204331
20240816-01,2024-08-16,2024,8,16,Fri,8,9,10,35,45,107,2,3,3,baseline.csv,20260425_204331
20240816-02,2024-08-16,2024,8,16,Fri,10,13,22,27,40,112,3,2,1,baseline.csv,20260425_204331
20240817-01,2024-08-17,2024,8,17,Sat,10,11,19,33,35,108,1,4,2,baseline.csv,20260425_204331
20240817-02,2024-08-17,2024,8,17,Sat,5,10,14,33,36,98,3,2,1,baseline.csv,20260425_204331
20240818-01,2024-08-18,2024,8,18,Sun,13,15,18,21,35,102,1,4,1,baseline.csv,20260425_204331
20240818-02,2024-08-18,2024,8,18,Sun,2,11,29,30,39,111,2,3,2,baseline.csv,20260425_204331
20240819-01,2024-08-19,2024,8,19,Mon,13,24,32,39,44,152,3,2,1,baseline.csv,20260425_204331
20240819-02,2024-08-19,2024,8,19,Mon,12,31,33,38,44,158,3,2,1,baseline.csv,20260425_204331
20240820-01,2024-08-20,2024,8,20,Tue,14,23,25,31,43,136,1,4,1,baseline.csv,20260425_204331
20240820-02,2024-08-20,2024,8,20,Tue,3,19,26,37,44,129,2,3,1,baseline.csv,20260425_204331
20240821-01,2024-08-21,2024,8,21,Wed,2,9,19,23,27,80,1,4,1,baseline.csv,20260425_204331
20240821-02,2024-08-21,2024,8,21,Wed,10,13,22,23,44,112,3,2,2,baseline.csv,20260425_204331
20240822-01,2024-08-22,2024,8,22,Thu,13,30,33,36,44,156,3,2,1,baseline.csv,20260425_204331
20240822-02,2024-08-22,2024,8,22,Thu,13,29,32,35,43,152,1,4,1,baseline.csv,20260425_204331
20240823-01,2024-08-23,2024,8,23,Fri,10,13,16,18,31,88,3,2,1,baseline.csv,20260425_204331
20240823-02,2024-08-23,2024,8,23,Fri,6,14,26,31,45,122,3,2,1,baseline.csv,20260425_204331
20240824-01,2024-08-24,2024,8,24,Sat,26,27,29,31,45,158,1,4,2,baseline.csv,20260425_204331
20240824-02,2024-08-24,2024,8,24,Sat,3,9,14,26,41,93,2,3,1,baseline.csv,20260425_204331
20240825-01,2024-08-25,2024,8,25,Sun,5,8,11,15,38,77,2,3,1,baseline.csv,20260425_204331
20240825-02,2024-08-25,2024,8,25,Sun,7,9,19,21,42,98,1,4,1,baseline.csv,20260425_204331
20240826-01,2024-08-26,2024,8,26,Mon,10,25,29,30,39,133,2,3,2,baseline.csv,20260425_204331
20240826-02,2024-08-26,2024,8,26,Mon,3,18,20,23,30,94,3,2,1,baseline.csv,20260425_204331
20240827-01,2024-08-27,2024,8,27,Tue,2,10,35,37,39,123,2,3,1,baseline.csv,20260425_204331
20240827-02,2024-08-27,2024,8,27,Tue,10,15,19,20,25,89,2,3,2,baseline.csv,20260425_204331
20240828-01,2024-08-28,2024,8,28,Wed,19,21,25,39,43,147,0,5,1,baseline.csv,20260425_204331
20240828-02,2024-08-28,2024,8,28,Wed,10,32,38,40,42,162,5,0,1,baseline.csv,20260425_204331
20240829-01,2024-08-29,2024,8,29,Thu,5,10,14,32,44,105,4,1,1,baseline.csv,20260425_204331
20240829-02,2024-08-29,2024,8,29,Thu,8,11,14,15,19,67,2,3,2,baseline.csv,20260425_204331
20240830-01,2024-08-30,2024,8,30,Fri,3,24,27,29,30,113,2,3,2,baseline.csv,20260425_204331
20240830-02,2024-08-30,2024,8,30,Fri,8,9,10,22,24,73,4,1,3,baseline.csv,20260425_204331
20240831-01,2024-08-31,2024,8,31,Sat,7,15,19,21,33,95,0,5,1,baseline.csv,20260425_204331
20240831-02,2024-08-31,2024,8,31,Sat,3,4,20,32,41,100,3,2,2,baseline.csv,20260425_204331
20240901-01,2024-09-01,2024,9,1,Sun,7,12,13,16,26,74,3,2,2,baseline.csv,20260425_204331
20240901-02,2024-09-01,2024,9,1,Sun,5,10,26,39,42,122,3,2,1,baseline.csv,20260425_204331
20240902-01,2024-09-02,2024,9,2,Mon,10,16,28,30,35,119,4,1,1,baseline.csv,20260425_204331
20240902-02,2024-09-02,2024,9,2,Mon,8,20,26,29,31,114,3,2,1,baseline.csv,20260425_204331
20240903-01,2024-09-03,2024,9,3,Tue,11,14,21,41,42,129,2,3,2,baseline.csv,20260425_204331
20240903-02,2024-09-03,2024,9,3,Tue,3,4,5,27,34,73,2,3,3,baseline.csv,20260425_204331
20240904-01,2024-09-04,2024,9,4,Wed,10,19,30,39,40,138,3,2,2,baseline.csv,20260425_204331
20240904-02,2024-09-04,2024,9,4,Wed,2,12,13,18,19,64,3,2,2,baseline.csv,20260425_204331
20240905-01,2024-09-05,2024,9,5,Thu,6,13,15,22,42,98,3,2,1,baseline.csv,20260425_204331
20240905-02,2024-09-05,2024,9,5,Thu,10,18,21,24,44,117,4,1,1,baseline.csv,20260425_204331
20240906-01,2024-09-06,2024,9,6,Fri,12,20,21,28,34,115,4,1,2,baseline.csv,20260425_204331
20240906-02,2024-09-06,2024,9,6,Fri,2,4,7,21,30,64,3,2,1,baseline.csv,20260425_204331
20240907-01,2024-09-07,2024,9,7,Sat,10,29,34,40,45,158,3,2,1,baseline.csv,20260425_204331
20240907-02,2024-09-07,2024,9,7,Sat,11,14,21,25,34,105,2,3,1,baseline.csv,20260425_204331
20240908-01,2024-09-08,2024,9,8,Sun,3,16,18,28,35,100,3,2,1,baseline.csv,20260425_204331
20240908-02,2024-09-08,2024,9,8,Sun,5,11,19,27,40,102,1,4,1,baseline.csv,20260425_204331
20240909-01,2024-09-09,2024,9,9,Mon,4,10,39,40,45,138,3,2,2,baseline.csv,20260425_204331
20240909-02,2024-09-09,2024,9,9,Mon,4,12,20,40,42,118,5,0,1,baseline.csv,20260425_204331
20240910-01,2024-09-10,2024,9,10,Tue,7,24,32,39,40,142,3,2,2,baseline.csv,20260425_204331
20240910-02,2024-09-10,2024,9,10,Tue,1,10,11,21,35,78,1,4,2,baseline.csv,20260425_204331
20240911-01,2024-09-11,2024,9,11,Wed,4,9,15,22,33,83,2,3,1,baseline.csv,20260425_204331
20240911-02,2024-09-11,2024,9,11,Wed,12,21,25,29,32,119,2,3,1,baseline.csv,20260425_204331
20240912-01,2024-09-12,2024,9,12,Thu,5,20,31,32,45,133,2,3,2,baseline.csv,20260425_204331
20240912-02,2024-09-12,2024,9,12,Thu,7,15,33,37,43,135,0,5,1,baseline.csv,20260425_204331
20240913-01,2024-09-13,2024,9,13,Fri,11,12,18,29,42,112,3,2,2,baseline.csv,20260425_204331
20240913-02,2024-09-13,2024,9,13,Fri,1,25,26,27,28,107,2,3,4,baseline.csv,20260425_204331
20240914-01,2024-09-14,2024,9,14,Sat,10,16,40,41,42,149,4,1,3,baseline.csv,20260425_204331
20240914-02,2024-09-14,2024,9,14,Sat,1,8,17,21,41,88,1,4,1,baseline.csv,20260425_204331
20240915-01,2024-09-15,2024,9,15,Sun,5,31,35,36,42,149,2,3,2,baseline.csv,20260425_204331
20240915-02,2024-09-15,2024,9,15,Sun,3,8,14,17,18,60,3,2,2,baseline.csv,20260425_204331
20240916-01,2024-09-16,2024,9,16,Mon,1,20,22,26,40,109,4,1,1,baseline.csv,20260425_204331
20240916-02,2024-09-16,2024,9,16,Mon,8,24,27,28,37,124,3,2,2,baseline.csv,20260425_204331
20240917-01,2024-09-17,2024,9,17,Tue,3,7,30,32,45,117,2,3,1,baseline.csv,20260425_204331
20240917-02,2024-09-17,2024,9,17,Tue,17,22,25,34,41,139,2,3,1,baseline.csv,20260425_204331
20240918-01,2024-09-18,2024,9,18,Wed,9,18,35,38,45,145,2,3,1,baseline.csv,20260425_204331
20240918-02,2024-09-18,2024,9,18,Wed,23,24,32,42,44,165,4,1,2,baseline.csv,20260425_204331
20240919-01,2024-09-19,2024,9,19,Thu,1,2,24,40,43,110,3,2,2,baseline.csv,20260425_204331
20240919-02,2024-09-19,2024,9,19,Thu,3,19,31,33,34,120,1,4,2,baseline.csv,20260425_204331
20240920-01,2024-09-20,2024,9,20,Fri,4,21,22,32,41,120,3,2,2,baseline.csv,20260425_204331
20240920-02,2024-09-20,2024,9,20,Fri,28,33,37,43,44,185,2,3,2,baseline.csv,20260425_204331
20240921-01,2024-09-21,2024,9,21,Sat,22,24,25,34,37,142,3,2,2,baseline.csv,20260425_204331
20240921-02,2024-09-21,2024,9,21,Sat,19,22,26,35,42,144,3,2,1,baseline.csv,20260425_204331
20240922-01,2024-09-22,2024,9,22,Sun,13,17,26,27,31,114,1,4,2,baseline.csv,20260425_204331
20240922-02,2024-09-22,2024,9,22,Sun,6,16,32,33,40,127,4,1,2,baseline.csv,20260425_204331
20240923-01,2024-09-23,2024,9,23,Mon,13,24,25,30,39,131,2,3,2,baseline.csv,20260425_204331
20240923-02,2024-09-23,2024,9,23,Mon,3,5,7,17,41,73,0,5,1,baseline.csv,20260425_204331
20240924-01,2024-09-24,2024,9,24,Tue,7,15,23,25,44,114,1,4,1,baseline.csv,20260425_204331
20240924-02,2024-09-24,2024,9,24,Tue,3,10,13,28,39,93,2,3,1,baseline.csv,20260425_204331
20240925-01,2024-09-25,2024,9,25,Wed,21,22,29,34,42,148,3,2,2,baseline.csv,20260425_204331
20240925-02,2024-09-25,2024,9,25,Wed,4,10,31,41,45,131,2,3,1,baseline.csv,20260425_204331
20240926-01,2024-09-26,2024,9,26,Thu,9,14,20,25,43,111,2,3,1,baseline.csv,20260425_204331
20240926-02,2024-09-26,2024,9,26,Thu,4,20,21,36,40,121,4,1,2,baseline.csv,20260425_204331
20240927-01,2024-09-27,2024,9,27,Fri,19,20,33,34,44,150,3,2,2,baseline.csv,20260425_204331
20240927-02,2024-09-27,2024,9,27,Fri,10,18,20,35,42,125,4,1,1,baseline.csv,20260425_204331
20240928-01,2024-09-28,2024,9,28,Sat,11,17,22,29,30,109,2,3,2,baseline.csv,20260425_204331
20240928-02,2024-09-28,2024,9,28,Sat,2,10,37,39,41,129,2,3,1,baseline.csv,20260425_204331
20240929-01,2024-09-29,2024,9,29,Sun,9,19,20,27,30,105,2,3,2,baseline.csv,20260425_204331
20240929-02,2024-09-29,2024,9,29,Sun,11,12,16,26,32,97,4,1,2,baseline.csv,20260425_204331
20240930-01,2024-09-30,2024,9,30,Mon,7,14,39,42,43,145,2,3,2,baseline.csv,20260425_204331
20240930-02,2024-09-30,2024,9,30,Mon,7,12,25,36,41,121,2,3,1,baseline.csv,20260425_204331
20241001-01,2024-10-01,2024,10,1,Tue,6,13,19,30,35,103,2,3,1,baseline.csv,20260425_204331
20241001-02,2024-10-01,2024,10,1,Tue,3,18,31,34,42,128,3,2,1,baseline.csv,20260425_204331
20241002-01,2024-10-02,2024,10,2,Wed,12,29,38,39,43,161,2,3,2,baseline.csv,20260425_204331
20241002-02,2024-10-02,2024,10,2,Wed,19,25,26,33,36,139,2,3,2,baseline.csv,20260425_204331
20241003-01,2024-10-03,2024,10,3,Thu,1,2,3,25,30,61,2,3,3,baseline.csv,20260425_204331
20241003-02,2024-10-03,2024,10,3,Thu,12,13,19,22,42,108,3,2,2,baseline.csv,20260425_204331
20241004-01,2024-10-04,2024,10,4,Fri,8,20,25,33,43,129,2,3,1,baseline.csv,20260425_204331
20241004-02,2024-10-04,2024,10,4,Fri,15,38,40,42,43,178,3,2,2,baseline.csv,20260425_204331
20241005-01,2024-10-05,2024,10,5,Sat,4,19,29,30,34,116,3,2,2,baseline.csv,20260425_204331
20241005-02,2024-10-05,2024,10,5,Sat,3,7,8,26,35,79,2,3,2,baseline.csv,20260425_204331
20241006-01,2024-10-06,2024,10,6,Sun,16,35,40,41,45,177,2,3,2,baseline.csv,20260425_204331
20241006-02,2024-10-06,2024,10,6,Sun,19,28,30,41,45,163,2,3,1,baseline.csv,20260425_204331
20241007-01,2024-10-07,2024,10,7,Mon,13,25,32,41,45,156,1,4,1,baseline.csv,20260425_204331
20241007-02,2024-10-07,2024,10,7,Mon,5,9,10,19,28,71,2,3,2,baseline.csv,20260425_204331
20241008-01,2024-10-08,2024,10,8,Tue,6,9,13,19,21,68,1,4,1,baseline.csv,20260425_204331
20241008-02,2024-10-08,2024,10,8,Tue,15,19,20,30,40,124,3,2,2,baseline.csv,20260425_204331
20241009-01,2024-10-09,2024,10,9,Wed,9,15,19,34,35,112,1,4,2,baseline.csv,20260425_204331
20241009-02,2024-10-09,2024,10,9,Wed,2,5,9,24,34,74,3,2,1,baseline.csv,20260425_204331
20241010-01,2024-10-10,2024,10,10,Thu,25,26,36,41,43,171,2,3,2,baseline.csv,20260425_204331
20241010-02,2024-10-10,2024,10,10,Thu,6,29,34,35,43,147,2,3,2,baseline.csv,20260425_204331
20241011-01,2024-10-11,2024,10,11,Fri,4,21,31,41,43,140,1,4,1,baseline.csv,20260425_204331
20241011-02,2024-10-11,2024,10,11,Fri,1,28,34,35,37,135,2,3,2,baseline.csv,20260425_204331
20241012-01,2024-10-12,2024,10,12,Sat,7,10,32,33,35,117,2,3,2,baseline.csv,20260425_204331
20241012-02,2024-10-12,2024,10,12,Sat,7,26,39,41,44,157,2,3,1,baseline.csv,20260425_204331
20241013-01,2024-10-13,2024,10,13,Sun,3,7,20,30,43,103,2,3,1,baseline.csv,20260425_204331
20241013-02,2024-10-13,2024,10,13,Sun,6,17,31,32,40,126,3,2,2,baseline.csv,20260425_204331
20241014-01,2024-10-14,2024,10,14,Mon,1,10,13,14,42,80,3,2,2,baseline.csv,20260425_204331
20241014-02,2024-10-14,2024,10,14,Mon,8,9,13,21,31,82,1,4,2,baseline.csv,20260425_204331
20241015-01,2024-10-15,2024,10,15,Tue,17,23,26,40,45,151,2,3,1,baseline.csv,20260425_204331
20241015-02,2024-10-15,2024,10,15,Tue,8,9,11,13,30,71,2,3,2,baseline.csv,20260425_204331
20241016-01,2024-10-16,2024,10,16,Wed,9,11,20,35,42,117,2,3,1,baseline.csv,20260425_204331
20241016-02,2024-10-16,2024,10,16,Wed,12,19,28,31,39,129,2,3,1,baseline.csv,20260425_204331
20241017-01,2024-10-17,2024,10,17,Thu,5,6,10,39,40,100,3,2,2,baseline.csv,20260425_204331
20241017-02,2024-10-17,2024,10,17,Thu,5,26,32,33,35,131,2,3,2,baseline.csv,20260425_204331
20241018-01,2024-10-18,2024,10,18,Fri,1,14,39,40,44,138,3,2,2,baseline.csv,20260425_204331
20241018-02,2024-10-18,2024,10,18,Fri,1,11,20,29,41,102,1,4,1,baseline.csv,20260425_204331
20241019-01,2024-10-19,2024,10,19,Sat,7,10,38,39,44,138,3,2,2,baseline.csv,20260425_204331
20241019-02,2024-10-19,2024,10,19,Sat,4,7,14,26,31,82,3,2,1,baseline.csv,20260425_204331
20241020-01,2024-10-20,2024,10,20,Sun,2,3,24,25,28,82,3,2,2,baseline.csv,20260425_204331
20241020-02,2024-10-20,2024,10,20,Sun,2,5,27,32,38,104,3,2,1,baseline.csv,20260425_204331
20241021-01,2024-10-21,2024,10,21,Mon,3,4,12,21,37,77,2,3,2,baseline.csv,20260425_204331
20241021-02,2024-10-21,2024,10,21,Mon,1,11,13,23,28,76,1,4,1,baseline.csv,20260425_204331
20241022-01,2024-10-22,2024,10,22,Tue,2,10,11,30,45,98,3,2,2,baseline.csv,20260425_204331
20241022-02,2024-10-22,2024,10,22,Tue,8,15,30,34,36,123,4,1,1,baseline.csv,20260425_204331
20241023-01,2024-10-23,2024,10,23,Wed,4,16,22,24,27,93,4,1,1,baseline.csv,20260425_204331
20241023-02,2024-10-23,2024,10,23,Wed,1,9,17,32,39,98,1,4,1,baseline.csv,20260425_204331
20241024-01,2024-10-24,2024,10,24,Thu,22,27,37,40,41,167,2,3,2,baseline.csv,20260425_204331
20241024-02,2024-10-24,2024,10,24,Thu,2,17,32,38,44,133,4,1,1,baseline.csv,20260425_204331
20241025-01,2024-10-25,2024,10,25,Fri,1,6,23,34,38,102,3,2,1,baseline.csv,20260425_204331
20241025-02,2024-10-25,2024,10,25,Fri,15,19,28,34,36,132,3,2,1,baseline.csv,20260425_204331
20241026-01,2024-10-26,2024,10,26,Sat,3,15,36,39,42,135,2,3,1,baseline.csv,20260425_204331
20241026-02,2024-10-26,2024,10,26,Sat,3,10,14,26,44,97,4,1,1,baseline.csv,20260425_204331
20241027-01,2024-10-27,2024,10,27,Sun,3,6,18,26,44,97,4,1,1,baseline.csv,20260425_204331
20241027-02,2024-10-27,2024,10,27,Sun,14,15,21,32,38,120,3,2,2,baseline.csv,20260425_204331
20241028-01,2024-10-28,2024,10,28,Mon,1,5,30,31,35,102,1,4,2,baseline.csv,20260425_204331
20241028-02,2024-10-28,2024,10,28,Mon,7,14,27,28,42,118,3,2,2,baseline.csv,20260425_204331
20241029-01,2024-10-29,2024,10,29,Tue,6,8,30,33,37,114,3,2,1,baseline.csv,20260425_204331
20241029-02,2024-10-29,2024,10,29,Tue,3,4,9,13,40,69,2,3,2,baseline.csv,20260425_204331
20241030-01,2024-10-30,2024,10,30,Wed,1,9,18,20,42,90,3,2,1,baseline.csv,20260425_204331
20241030-02,2024-10-30,2024,10,30,Wed,4,19,24,25,44,116,3,2,2,baseline.csv,20260425_204331
20241031-01,2024-10-31,2024,10,31,Thu,9,25,27,30,41,132,1,4,1,baseline.csv,20260425_204331
20241031-02,2024-10-31,2024,10,31,Thu,4,13,18,20,37,92,3,2,1,baseline.csv,20260425_204331
20241101-01,2024-11-01,2024,11,1,Fri,1,10,33,41,45,130,1,4,1,baseline.csv,20260425_204331
20241101-02,2024-11-01,2024,11,1,Fri,24,34,35,41,43,177,2,3,2,baseline.csv,20260425_204331
20241102-01,2024-11-02,2024,11,2,Sat,7,28,35,36,41,147,2,3,2,baseline.csv,20260425_204331
20241102-02,2024-11-02,2024,11,2,Sat,23,26,27,28,45,149,2,3,3,baseline.csv,20260425_204331
20241103-01,2024-11-03,2024,11,3,Sun,5,7,18,24,40,94,3,2,1,baseline.csv,20260425_204331
20241103-02,2024-11-03,2024,11,3,Sun,3,20,38,44,45,150,3,2,2,baseline.csv,20260425_204331
20241104-01,2024-11-04,2024,11,4,Mon,13,15,22,29,40,119,2,3,1,baseline.csv,20260425_204331
20241104-02,2024-11-04,2024,11,4,Mon,6,11,21,33,42,113,2,3,1,baseline.csv,20260425_204331
20241105-01,2024-11-05,2024,11,5,Tue,8,15,31,34,35,123,2,3,2,baseline.csv,20260425_204331
20241105-02,2024-11-05,2024,11,5,Tue,6,10,11,22,25,74,3,2,2,baseline.csv,20260425_204331
20241106-01,2024-11-06,2024,11,6,Wed,14,22,37,38,45,156,3,2,2,baseline.csv,20260425_204331
20241106-02,2024-11-06,2024,11,6,Wed,11,12,22,31,34,110,3,2,2,baseline.csv,20260425_204331
20241107-01,2024-11-07,2024,11,7,Thu,8,9,26,32,44,119,4,1,2,baseline.csv,20260425_204331
20241107-02,2024-11-07,2024,11,7,Thu,2,7,10,14,41,74,3,2,1,baseline.csv,20260425_204331
20241108-01,2024-11-08,2024,11,8,Fri,4,10,31,35,36,116,3,2,2,baseline.csv,20260425_204331
20241108-02,2024-11-08,2024,11,8,Fri,4,15,26,37,39,121,2,3,1,baseline.csv,20260425_204331
20241109-01,2024-11-09,2024,11,9,Sat,17,26,35,36,37,151,2,3,3,baseline.csv,20260425_204331
20241109-02,2024-11-09,2024,11,9,Sat,8,20,26,29,39,122,3,2,1,baseline.csv,20260425_204331
20241110-01,2024-11-10,2024,11,10,Sun,6,7,16,33,35,97,2,3,2,baseline.csv,20260425_204331
20241110-02,2024-11-10,2024,11,10,Sun,11,13,21,33,35,113,0,5,1,baseline.csv,20260425_204331
20241111-01,2024-11-11,2024,11,11,Mon,8,14,16,19,27,84,3,2,1,baseline.csv,20260425_204331
20241111-02,2024-11-11,2024,11,11,Mon,1,24,27,31,44,127,2,3,1,baseline.csv,20260425_204331
20241112-01,2024-11-12,2024,11,12,Tue,4,20,24,41,45,134,3,2,1,baseline.csv,20260425_204331
20241112-02,2024-11-12,2024,11,12,Tue,2,16,18,19,41,96,3,2,2,baseline.csv,20260425_204331
20241113-01,2024-11-13,2024,11,13,Wed,6,16,17,18,41,98,3,2,3,baseline.csv,20260425_204331
20241113-02,2024-11-13,2024,11,13,Wed,9,38,39,40,43,169,2,3,3,baseline.csv,20260425_204331
20241114-01,2024-11-14,2024,11,14,Thu,20,21,23,33,43,140,1,4,2,baseline.csv,20260425_204331
20241114-02,2024-11-14,2024,11,14,Thu,8,17,20,26,37,108,3,2,1,baseline.csv,20260425_204331
20241115-01,2024-11-15,2024,11,15,Fri,13,16,25,35,42,131,2,3,1,baseline.csv,20260425_204331
20241115-02,2024-11-15,2024,11,15,Fri,10,26,32,33,37,138,3,2,2,baseline.csv,20260425_204331
20241116-01,2024-11-16,2024,11,16,Sat,9,11,12,13,17,62,1,4,3,baseline.csv,20260425_204331
20241116-02,2024-11-16,2024,11,16,Sat,17,25,38,42,43,165,2,3,2,baseline.csv,20260425_204331
20241117-01,2024-11-17,2024,11,17,Sun,13,17,28,35,44,137,2,3,1,baseline.csv,20260425_204331
20241117-02,2024-11-17,2024,11,17,Sun,12,25,28,32,40,137,4,1,1,baseline.csv,20260425_204331
20241118-01,2024-11-18,2024,11,18,Mon,5,9,12,14,31,71,2,3,1,baseline.csv,20260425_204331
20241118-02,2024-11-18,2024,11,18,Mon,3,6,7,16,29,61,2,3,2,baseline.csv,20260425_204331
20241119-01,2024-11-19,2024,11,19,Tue,2,9,13,16,22,62,3,2,1,baseline.csv,20260425_204331
20241119-02,2024-11-19,2024,11,19,Tue,14,19,24,31,39,127,2,3,1,baseline.csv,20260425_204331
20241120-01,2024-11-20,2024,11,20,Wed,3,4,27,28,31,93,2,3,2,baseline.csv,20260425_204331
20241120-02,2024-11-20,2024,11,20,Wed,7,12,34,35,44,132,3,2,2,baseline.csv,20260425_204331
20241121-01,2024-11-21,2024,11,21,Thu,7,19,27,32,34,119,2,3,1,baseline.csv,20260425_204331
20241121-02,2024-11-21,2024,11,21,Thu,9,10,11,16,31,77,2,3,3,baseline.csv,20260425_204331
20241122-01,2024-11-22,2024,11,22,Fri,9,13,21,25,35,103,0,5,1,baseline.csv,20260425_204331
20241122-02,2024-11-22,2024,11,22,Fri,7,15,25,29,43,119,0,5,1,baseline.csv,20260425_204331
20241123-01,2024-11-23,2024,11,23,Sat,11,25,34,37,39,146,1,4,1,baseline.csv,20260425_204331
20241123-02,2024-11-23,2024,11,23,Sat,5,8,10,18,42,83,4,1,1,baseline.csv,20260425_204331
20241124-01,2024-11-24,2024,11,24,Sun,4,33,37,39,43,156,1,4,1,baseline.csv,20260425_204331
20241124-02,2024-11-24,2024,11,24,Sun,3,14,28,35,43,123,2,3,1,baseline.csv,20260425_204331
20241125-01,2024-11-25,2024,11,25,Mon,1,3,5,11,15,35,0,5,1,baseline.csv,20260425_204331
20241125-02,2024-11-25,2024,11,25,Mon,9,16,17,21,23,86,1,4,2,baseline.csv,20260425_204331
20241126-01,2024-11-26,2024,11,26,Tue,5,18,32,36,42,133,4,1,1,baseline.csv,20260425_204331
20241126-02,2024-11-26,2024,11,26,Tue,10,20,24,31,39,124,3,2,1,baseline.csv,20260425_204331
20241127-01,2024-11-27,2024,11,27,Wed,18,23,35,36,45,157,2,3,2,baseline.csv,20260425_204331
20241127-02,2024-11-27,2024,11,27,Wed,2,22,30,31,33,118,3,2,2,baseline.csv,20260425_204331
20241128-01,2024-11-28,2024,11,28,Thu,9,12,14,15,40,90,3,2,2,baseline.csv,20260425_204331
20241128-02,2024-11-28,2024,11,28,Thu,5,10,19,30,42,106,3,2,1,baseline.csv,20260425_204331
20241129-01,2024-11-29,2024,11,29,Fri,1,20,22,26,30,99,4,1,1,baseline.csv,20260425_204331
20241129-02,2024-11-29,2024,11,29,Fri,3,6,7,12,27,55,2,3,2,baseline.csv,20260425_204331
20241130-01,2024-11-30,2024,11,30,Sat,8,13,26,27,29,103,2,3,2,baseline.csv,20260425_204331
20241130-02,2024-11-30,2024,11,30,Sat,4,5,18,19,32,78,3,2,2,baseline.csv,20260425_204331
20241201-01,2024-12-01,2024,12,1,Sun,10,15,23,29,31,108,1,4,1,baseline.csv,20260425_204331
20241201-02,2024-12-01,2024,12,1,Sun,24,27,30,31,39,151,2,3,2,baseline.csv,20260425_204331
20241202-01,2024-12-02,2024,12,2,Mon,18,27,32,36,45,158,3,2,1,baseline.csv,20260425_204331
20241202-02,2024-12-02,2024,12,2,Mon,7,12,21,23,45,108,1,4,1,baseline.csv,20260425_204331
20241203-01,2024-12-03,2024,12,3,Tue,4,17,21,32,41,115,2,3,1,baseline.csv,20260425_204331
20241203-02,2024-12-03,2024,12,3,Tue,5,8,16,29,43,101,2,3,1,baseline.csv,20260425_204331
20241204-01,2024-12-04,2024,12,4,Wed,3,6,7,14,34,64,3,2,2,baseline.csv,20260425_204331
20241204-02,2024-12-04,2024,12,4,Wed,6,17,27,40,43,133,2,3,1,baseline.csv,20260425_204331
20241205-01,2024-12-05,2024,12,5,Thu,9,15,26,28,36,114,3,2,1,baseline.csv,20260425_204331
20241205-02,2024-12-05,2024,12,5,Thu,12,15,31,34,39,131,2,3,1,baseline.csv,20260425_204331
20241206-01,2024-12-06,2024,12,6,Fri,1,8,15,40,45,109,2,3,1,baseline.csv,20260425_204331
20241206-02,2024-12-06,2024,12,6,Fri,2,14,30,34,40,120,5,0,1,baseline.csv,20260425_204331
20241207-01,2024-12-07,2024,12,7,Sat,11,27,32,34,37,141,2,3,1,baseline.csv,20260425_204331
20241207-02,2024-12-07,2024,12,7,Sat,1,3,33,41,42,120,1,4,2,baseline.csv,20260425_204331
20241208-01,2024-12-08,2024,12,8,Sun,5,7,15,36,39,102,1,4,1,baseline.csv,20260425_204331
20241208-02,2024-12-08,2024,12,8,Sun,4,7,8,28,41,88,3,2,2,baseline.csv,20260425_204331
20241209-01,2024-12-09,2024,12,9,Mon,3,5,8,21,39,76,1,4,1,baseline.csv,20260425_204331
20241209-02,2024-12-09,2024,12,9,Mon,9,12,20,27,34,102,3,2,1,baseline.csv,20260425_204331
20241210-01,2024-12-10,2024,12,10,Tue,9,10,33,43,44,139,2,3,2,baseline.csv,20260425_204331
20241210-02,2024-12-10,2024,12,10,Tue,10,12,18,37,38,115,4,1,2,baseline.csv,20260425_204331
20241211-01,2024-12-11,2024,12,11,Wed,22,27,32,38,40,159,4,1,1,baseline.csv,20260425_204331
20241211-02,2024-12-11,2024,12,11,Wed,1,7,11,14,35,68,1,4,1,baseline.csv,20260425_204331
20241212-01,2024-12-12,2024,12,12,Thu,4,20,22,36,40,122,5,0,1,baseline.csv,20260425_204331
20241212-02,2024-12-12,2024,12,12,Thu,3,9,37,44,45,138,1,4,2,baseline.csv,20260425_204331
20241213-01,2024-12-13,2024,12,13,Fri,7,20,30,44,45,146,3,2,2,baseline.csv,20260425_204331
20241213-02,2024-12-13,2024,12,13,Fri,12,13,28,31,45,129,2,3,2,baseline.csv,20260425_204331
20241214-01,2024-12-14,2024,12,14,Sat,15,20,26,28,31,120,3,2,1,baseline.csv,20260425_204331
20241214-02,2024-12-14,2024,12,14,Sat,10,13,23,28,35,109,2,3,1,baseline.csv,20260425_204331
20241215-01,2024-12-15,2024,12,15,Sun,3,16,24,31,39,113,2,3,1,baseline.csv,20260425_204331
20241215-02,2024-12-15,2024,12,15,Sun,4,11,32,35,43,125,2,3,1,baseline.csv,20260425_204331
20241216-01,2024-12-16,2024,12,16,Mon,6,13,25,29,40,113,2,3,1,baseline.csv,20260425_204331
20241216-02,2024-12-16,2024,12,16,Mon,7,8,23,34,41,113,2,3,2,baseline.csv,20260425_204331
20241217-01,2024-12-17,2024,12,17,Tue,4,29,30,31,43,137,2,3,3,baseline.csv,20260425_204331
20241217-02,2024-12-17,2024,12,17,Tue,9,16,19,28,39,111,2,3,1,baseline.csv,20260425_204331
20241218-01,2024-12-18,2024,12,18,Wed,1,10,14,15,42,82,3,2,2,baseline.csv,20260425_204331
20241218-02,2024-12-18,2024,12,18,Wed,16,24,36,37,38,151,4,1,3,baseline.csv,20260425_204331
20241219-01,2024-12-19,2024,12,19,Thu,4,7,9,16,36,72,3,2,1,baseline.csv,20260425_204331
20241219-02,2024-12-19,2024,12,19,Thu,6,7,12,13,29,67,2,3,2,baseline.csv,20260425_204331
20241220-01,2024-12-20,2024,12,20,Fri,9,10,11,16,24,70,3,2,3,baseline.csv,20260425_204331
20241220-02,2024-12-20,2024,12,20,Fri,14,21,32,38,45,150,3,2,1,baseline.csv,20260425_204331
20241221-01,2024-12-21,2024,12,21,Sat,12,13,25,27,35,112,1,4,2,baseline.csv,20260425_204331
20241221-02,2024-12-21,2024,12,21,Sat,2,6,13,19,39,79,2,3,1,baseline.csv,20260425_204331
20241222-01,2024-12-22,2024,12,22,Sun,5,12,14,33,37,101,2,3,1,baseline.csv,20260425_204331
20241222-02,2024-12-22,2024,12,22,Sun,4,7,15,21,41,88,1,4,1,baseline.csv,20260425_204331
20241223-01,2024-12-23,2024,12,23,Mon,1,11,15,17,44,88,1,4,1,baseline.csv,20260425_204331
20241223-02,2024-12-23,2024,12,23,Mon,8,16,20,27,36,107,4,1,1,baseline.csv,20260425_204331
20241224-01,2024-12-24,2024,12,24,Tue,1,13,20,26,28,88,3,2,1,baseline.csv,20260425_204331
20241224-02,2024-12-24,2024,12,24,Tue,1,10,13,25,26,75,2,3,2,baseline.csv,20260425_204331
20241225-01,2024-12-25,2024,12,25,Wed,7,14,27,29,33,110,1,4,1,baseline.csv,20260425_204331
20241225-02,2024-12-25,2024,12,25,Wed,14,20,32,43,45,154,3,2,1,baseline.csv,20260425_204331
20241226-01,2024-12-26,2024,12,26,Thu,11,17,22,24,35,109,2,3,1,baseline.csv,20260425_204331
20241226-02,2024-12-26,2024,12,26,Thu,13,14,21,42,45,135,2,3,2,baseline.csv,20260425_204331
20241227-01,2024-12-27,2024,12,27,Fri,15,17,27,35,40,134,1,4,1,baseline.csv,20260425_204331
20241227-02,2024-12-27,2024,12,27,Fri,4,17,27,36,41,125,2,3,1,baseline.csv,20260425_204331
20241228-01,2024-12-28,2024,12,28,Sat,8,11,28,29,33,109,2,3,2,baseline.csv,20260425_204331
20241228-02,2024-12-28,2024,12,28,Sat,3,10,11,13,36,73,2,3,2,baseline.csv,20260425_204331
20241229-01,2024-12-29,2024,12,29,Sun,3,5,12,20,35,75,2,3,1,baseline.csv,20260425_204331
20241229-02,2024-12-29,2024,12,29,Sun,1,6,22,27,40,96,3,2,1,baseline.csv,20260425_204331
20241230-01,2024-12-30,2024,12,30,Mon,6,21,31,32,37,127,2,3,2,baseline.csv,20260425_204331
20241230-02,2024-12-30,2024,12,30,Mon,7,14,15,17,28,81,2,3,2,baseline.csv,20260425_204331
20241231-01,2024-12-31,2024,12,31,Tue,10,33,36,43,45,167,2,3,1,baseline.csv,20260425_204331
20241231-02,2024-12-31,2024,12,31,Tue,8,22,26,27,37,120,3,2,2,baseline.csv,20260425_204331
20250101-01,2025-01-01,2025,1,1,Wed,4,5,7,15,33,64,1,4,2,baseline.csv,20260425_204331
20250101-02,2025-01-01,2025,1,1,Wed,11,14,25,34,43,127,2,3,1,baseline.csv,20260425_204331
20250102-01,2025-01-02,2025,1,2,Thu,9,15,28,40,45,137,2,3,1,baseline.csv,20260425_204331
20250102-02,2025-01-02,2025,1,2,Thu,1,11,16,26,27,81,2,3,2,baseline.csv,20260425_204331
20250103-01,2025-01-03,2025,1,3,Fri,27,31,36,38,44,176,3,2,1,baseline.csv,20260425_204331
20250103-02,2025-01-03,2025,1,3,Fri,7,9,18,24,33,91,2,3,1,baseline.csv,20260425_204331
20250104-01,2025-01-04,2025,1,4,Sat,2,22,23,30,31,108,3,2,2,baseline.csv,20260425_204331
20250104-02,2025-01-04,2025,1,4,Sat,19,21,29,30,44,143,2,3,2,baseline.csv,20260425_204331
20250105-01,2025-01-05,2025,1,5,Sun,6,7,14,16,27,70,3,2,2,baseline.csv,20260425_204331
20250105-02,2025-01-05,2025,1,5,Sun,19,25,26,36,39,145,2,3,2,baseline.csv,20260425_204331
20250106-01,2025-01-06,2025,1,6,Mon,1,11,19,23,35,89,0,5,1,baseline.csv,20260425_204331
20250106-02,2025-01-06,2025,1,6,Mon,1,30,31,39,41,142,1,4,2,baseline.csv,20260425_204331
20250107-01,2025-01-07,2025,1,7,Tue,16,20,29,36,45,146,3,2,1,baseline.csv,20260425_204331
20250107-02,2025-01-07,2025,1,7,Tue,10,30,32,36,41,149,4,1,1,baseline.csv,20260425_204331
20250108-01,2025-01-08,2025,1,8,Wed,9,21,31,37,40,138,1,4,1,baseline.csv,20260425_204331
20250108-02,2025-01-08,2025,1,8,Wed,3,10,11,20,23,67,2,3,2,baseline.csv,20260425_204331
20250109-01,2025-01-09,2025,1,9,Thu,5,13,26,27,38,109,2,3,2,baseline.csv,20260425_204331
20250109-02,2025-01-09,2025,1,9,Thu,2,4,21,23,38,88,3,2,1,baseline.csv,20260425_204331
20250110-01,2025-01-10,2025,1,10,Fri,4,6,11,28,32,81,4,1,1,baseline.csv,20260425_204331
20250110-02,2025-01-10,2025,1,10,Fri,1,20,25,29,40,115,2,3,1,baseline.csv,20260425_204331
20250111-01,2025-01-11,2025,1,11,Sat,17,20,29,30,31,127,2,3,3,baseline.csv,20260425_204331
20250111-02,2025-01-11,2025,1,11,Sat,2,32,35,37,39,145,2,3,1,baseline.csv,20260425_204331
20250112-01,2025-01-12,2025,1,12,Sun,2,3,10,19,26,60,3,2,2,baseline.csv,20260425_204331
20250112-02,2025-01-12,2025,1,12,Sun,2,14,24,25,27,92,3,2,2,baseline.csv,20260425_204331
20250113-01,2025-01-13,2025,1,13,Mon,9,13,28,33,41,124,1,4,1,baseline.csv,20260425_204331
20250113-02,2025-01-13,2025,1,13,Mon,9,11,19,27,33,99,0,5,1,baseline.csv,20260425_204331
20250114-01,2025-01-14,2025,1,14,Tue,6,17,21,24,32,100,3,2,1,baseline.csv,20260425_204331
20250114-02,2025-01-14,2025,1,14,Tue,9,19,33,38,45,144,1,4,1,baseline.csv,20260425_204331
20250115-01,2025-01-15,2025,1,15,Wed,10,23,32,33,42,140,3,2,2,baseline.csv,20260425_204331
20250115-02,2025-01-15,2025,1,15,Wed,19,21,30,34,39,143,2,3,1,baseline.csv,20260425_204331
20250116-01,2025-01-16,2025,1,16,Thu,7,8,9,22,28,74,3,2,3,baseline.csv,20260425_204331
20250116-02,2025-01-16,2025,1,16,Thu,14,20,21,29,43,127,2,3,2,baseline.csv,20260425_204331
20250117-01,2025-01-17,2025,1,17,Fri,4,5,11,24,28,72,3,2,2,baseline.csv,20260425_204331
20250117-02,2025-01-17,2025,1,17,Fri,4,5,12,37,41,99,2,3,2,baseline.csv,20260425_204331
20250118-01,2025-01-18,2025,1,18,Sat,10,14,17,20,25,86,3,2,1,baseline.csv,20260425_204331
20250118-02,2025-01-18,2025,1,18,Sat,8,12,15,24,38,97,4,1,1,baseline.csv,20260425_204331
20250119-01,2025-01-19,2025,1,19,Sun,11,15,19,22,37,104,1,4,1,baseline.csv,20260425_204331
20250119-02,2025-01-19,2025,1,19,Sun,1,3,4,27,36,71,2,3,2,baseline.csv,20260425_204331
20250120-01,2025-01-20,2025,1,20,Mon,9,25,29,34,38,135,2,3,1,baseline.csv,20260425_204331
20250120-02,2025-01-20,2025,1,20,Mon,19,22,24,35,39,139,2,3,1,baseline.csv,20260425_204331
20250121-01,2025-01-21,2025,1,21,Tue,4,8,9,10,33,64,3,2,3,baseline.csv,20260425_204331
20250121-02,2025-01-21,2025,1,21,Tue,20,30,33,34,42,159,4,1,2,baseline.csv,20260425_204331
20250122-01,2025-01-22,2025,1,22,Wed,4,11,12,14,34,75,4,1,2,baseline.csv,20260425_204331
20250122-02,2025-01-22,2025,1,22,Wed,29,36,41,42,45,193,2,3,2,baseline.csv,20260425_204331
20250123-01,2025-01-23,2025,1,23,Thu,10,15,19,25,44,113,2,3,1,baseline.csv,20260425_204331
20250123-02,2025-01-23,2025,1,23,Thu,1,27,30,42,45,145,2,3,1,baseline.csv,20260425_204331
20250124-01,2025-01-24,2025,1,24,Fri,3,6,19,22,27,77,2,3,1,baseline.csv,20260425_204331
20250124-02,2025-01-24,2025,1,24,Fri,9,21,24,35,42,131,2,3,1,baseline.csv,20260425_204331
20250125-01,2025-01-25,2025,1,25,Sat,21,25,35,38,43,162,1,4,1,baseline.csv,20260425_204331
20250125-02,2025-01-25,2025,1,25,Sat,6,15,29,33,36,119,2,3,1,baseline.csv,20260425_204331
20250126-01,2025-01-26,2025,1,26,Sun,3,8,14,32,38,95,4,1,1,baseline.csv,20260425_204331
20250126-02,2025-01-26,2025,1,26,Sun,1,9,27,38,42,117,2,3,1,baseline.csv,20260425_204331
20250127-01,2025-01-27,2025,1,27,Mon,3,7,24,38,41,113,2,3,1,baseline.csv,20260425_204331
20250127-02,2025-01-27,2025,1,27,Mon,13,15,40,42,45,155,2,3,1,baseline.csv,20260425_204331
20250128-01,2025-01-28,2025,1,28,Tue,7,35,37,38,43,160,1,4,2,baseline.csv,20260425_204331
20250128-02,2025-01-28,2025,1,28,Tue,2,10,16,21,24,73,4,1,1,baseline.csv,20260425_204331
20250129-01,2025-01-29,2025,1,29,Wed,8,15,18,30,37,108,3,2,1,baseline.csv,20260425_204331
20250129-02,2025-01-29,2025,1,29,Wed,14,15,18,27,39,113,2,3,2,baseline.csv,20260425_204331
20250130-01,2025-01-30,2025,1,30,Thu,13,15,19,33,42,122,1,4,1,baseline.csv,20260425_204331
20250130-02,2025-01-30,2025,1,30,Thu,3,11,24,27,38,103,2,3,1,baseline.csv,20260425_204331
20250131-01,2025-01-31,2025,1,31,Fri,12,23,25,33,45,138,1,4,1,baseline.csv,20260425_204331
20250131-02,2025-01-31,2025,1,31,Fri,13,18,35,41,42,149,2,3,2,baseline.csv,20260425_204331
20250201-01,2025-02-01,2025,2,1,Sat,23,29,36,37,42,167,2,3,2,baseline.csv,20260425_204331
20250201-02,2025-02-01,2025,2,1,Sat,4,9,33,35,36,117,2,3,2,baseline.csv,20260425_204331
20250202-01,2025-02-02,2025,2,2,Sun,5,7,19,36,40,107,2,3,1,baseline.csv,20260425_204331
20250202-02,2025-02-02,2025,2,2,Sun,18,19,33,34,35,139,2,3,3,baseline.csv,20260425_204331
20250203-01,2025-02-03,2025,2,3,Mon,1,27,31,34,43,136,1,4,1,baseline.csv,20260425_204331
20250203-02,2025-02-03,2025,2,3,Mon,9,13,15,27,42,106,1,4,1,baseline.csv,20260425_204331
20250204-01,2025-02-04,2025,2,4,Tue,4,20,22,29,43,118,3,2,1,baseline.csv,20260425_204331
20250204-02,2025-02-04,2025,2,4,Tue,7,13,17,22,45,104,1,4,1,baseline.csv,20260425_204331
20250205-01,2025-02-05,2025,2,5,Wed,11,14,24,33,42,124,3,2,1,baseline.csv,20260425_204331
20250205-02,2025-02-05,2025,2,5,Wed,6,17,18,26,34,101,4,1,2,baseline.csv,20260425_204331
20250206-01,2025-02-06,2025,2,6,Thu,17,22,25,33,37,134,1,4,1,baseline.csv,20260425_204331
20250206-02,2025-02-06,2025,2,6,Thu,5,7,32,36,38,118,3,2,1,baseline.csv,20260425_204331
20250207-01,2025-02-07,2025,2,7,Fri,2,7,11,12,40,72,3,2,2,baseline.csv,20260425_204331
20250207-02,2025-02-07,2025,2,7,Fri,5,7,11,17,40,80,1,4,1,baseline.csv,20260425_204331
20250208-01,2025-02-08,2025,2,8,Sat,24,25,29,42,45,165,2,3,2,baseline.csv,20260425_204331
20250208-02,2025-02-08,2025,2,8,Sat,16,29,32,34,40,151,4,1,1,baseline.csv,20260425_204331
20250209-01,2025-02-09,2025,2,9,Sun,6,22,25,31,41,125,2,3,1,baseline.csv,20260425_204331
20250209-02,2025-02-09,2025,2,9,Sun,23,29,30,39,43,164,1,4,2,baseline.csv,20260425_204331
20250210-01,2025-02-10,2025,2,10,Mon,3,13,23,24,42,105,2,3,2,baseline.csv,20260425_204331
20250210-02,2025-02-10,2025,2,10,Mon,7,12,19,21,44,103,2,3,1,baseline.csv,20260425_204331
20250211-01,2025-02-11,2025,2,11,Tue,16,22,26,37,43,144,3,2,1,baseline.csv,20260425_204331
20250211-02,2025-02-11,2025,2,11,Tue,4,13,26,34,35,112,3,2,2,baseline.csv,20260425_204331
20250212-01,2025-02-12,2025,2,12,Wed,5,19,31,35,38,128,1,4,1,baseline.csv,20260425_204331
20250212-02,2025-02-12,2025,2,12,Wed,6,19,33,37,41,136,1,4,1,baseline.csv,20260425_204331
20250213-01,2025-02-13,2025,2,13,Thu,4,8,22,23,42,99,4,1,2,baseline.csv,20260425_204331
20250213-02,2025-02-13,2025,2,13,Thu,13,15,31,33,45,137,0,5,1,baseline.csv,20260425_204331
20250214-01,2025-02-14,2025,2,14,Fri,2,15,24,30,45,116,3,2,1,baseline.csv,20260425_204331
20250214-02,2025-02-14,2025,2,14,Fri,8,20,22,25,41,116,3,2,1,baseline.csv,20260425_204331
20250215-01,2025-02-15,2025,2,15,Sat,11,12,20,25,42,110,3,2,2,baseline.csv,20260425_204331
20250215-02,2025-02-15,2025,2,15,Sat,9,14,29,34,39,125,2,3,1,baseline.csv,20260425_204331
20250216-01,2025-02-16,2025,2,16,Sun,5,6,10,17,38,76,3,2,2,baseline.csv,20260425_204331
20250216-02,2025-02-16,2025,2,16,Sun,25,32,35,41,42,175,2,3,2,baseline.csv,20260425_204331
20250217-01,2025-02-17,2025,2,17,Mon,2,7,16,28,37,90,3,2,1,baseline.csv,20260425_204331
20250217-02,2025-02-17,2025,2,17,Mon,6,11,25,35,43,120,1,4,1,baseline.csv,20260425_204331
20250218-01,2025-02-18,2025,2,18,Tue,1,9,12,27,40,89,2,3,1,baseline.csv,20260425_204331
20250218-02,2025-02-18,2025,2,18,Tue,13,18,23,25,30,109,2,3,1,baseline.csv,20260425_204331
20250219-01,2025-02-19,2025,2,19,Wed,14,16,33,35,41,139,2,3,1,baseline.csv,20260425_204331
20250219-02,2025-02-19,2025,2,19,Wed,10,23,26,35,43,137,2,3,1,baseline.csv,20260425_204331
20250220-01,2025-02-20,2025,2,20,Thu,10,26,28,35,44,143,4,1,1,baseline.csv,20260425_204331
20250220-02,2025-02-20,2025,2,20,Thu,11,22,23,26,44,126,3,2,2,baseline.csv,20260425_204331
20250221-01,2025-02-21,2025,2,21,Fri,1,12,13,23,30,79,2,3,2,baseline.csv,20260425_204331
20250221-02,2025-02-21,2025,2,21,Fri,1,11,26,41,45,124,1,4,1,baseline.csv,20260425_204331
20250222-01,2025-02-22,2025,2,22,Sat,14,23,27,41,43,148,1,4,1,baseline.csv,20260425_204331
20250222-02,2025-02-22,2025,2,22,Sat,9,14,21,37,43,124,1,4,1,baseline.csv,20260425_204331
20250223-01,2025-02-23,2025,2,23,Sun,6,12,25,38,41,122,3,2,1,baseline.csv,20260425_204331
20250223-02,2025-02-23,2025,2,23,Sun,20,33,36,37,40,166,3,2,2,baseline.csv,20260425_204331
20250224-01,2025-02-24,2025,2,24,Mon,10,16,21,22,23,92,3,2,3,baseline.csv,20260425_204331
20250224-02,2025-02-24,2025,2,24,Mon,24,27,31,35,45,162,1,4,1,baseline.csv,20260425_204331
20250225-01,2025-02-25,2025,2,25,Tue,2,8,24,36,38,108,5,0,1,baseline.csv,20260425_204331
20250225-02,2025-02-25,2025,2,25,Tue,20,25,27,39,45,156,1,4,1,baseline.csv,20260425_204331
20250226-01,2025-02-26,2025,2,26,Wed,3,17,19,21,38,98,1,4,1,baseline.csv,20260425_204331
20250226-02,2025-02-26,2025,2,26,Wed,7,8,14,30,43,102,3,2,2,baseline.csv,20260425_204331
20250227-01,2025-02-27,2025,2,27,Thu,1,25,36,37,43,142,1,4,2,baseline.csv,20260425_204331
20250227-02,2025-02-27,2025,2,27,Thu,1,14,15,21,24,75,2,3,2,baseline.csv,20260425_204331
20250228-01,2025-02-28,2025,2,28,Fri,7,13,15,21,25,81,0,5,1,baseline.csv,20260425_204331
20250228-02,2025-02-28,2025,2,28,Fri,8,14,16,42,45,125,4,1,1,baseline.csv,20260425_204331
20250301-01,2025-03-01,2025,3,1,Sat,7,11,12,17,27,74,1,4,2,baseline.csv,20260425_204331
20250301-02,2025-03-01,2025,3,1,Sat,2,11,24,38,42,117,4,1,1,baseline.csv,20260425_204331
20250302-01,2025-03-02,2025,3,2,Sun,11,32,36,38,45,162,3,2,1,baseline.csv,20260425_204331
20250302-02,2025-03-02,2025,3,2,Sun,20,23,31,36,40,150,3,2,1,baseline.csv,20260425_204331
20250303-01,2025-03-03,2025,3,3,Mon,9,12,19,26,42,108,3,2,1,baseline.csv,20260425_204331
20250303-02,2025-03-03,2025,3,3,Mon,3,9,19,28,32,91,2,3,1,baseline.csv,20260425_204331
20250304-01,2025-03-04,2025,3,4,Tue,10,11,20,27,36,104,3,2,2,baseline.csv,20260425_204331
20250304-02,2025-03-04,2025,3,4,Tue,4,20,26,36,44,130,5,0,1,baseline.csv,20260425_204331
20250305-01,2025-03-05,2025,3,5,Wed,15,18,19,24,34,110,3,2,2,baseline.csv,20260425_204331
20250305-02,2025-03-05,2025,3,5,Wed,15,32,34,35,44,160,3,2,2,baseline.csv,20260425_204331
20250306-01,2025-03-06,2025,3,6,Thu,33,36,41,42,45,197,2,3,2,baseline.csv,20260425_204331
20250306-02,2025-03-06,2025,3,6,Thu,10,21,33,35,41,140,1,4,1,baseline.csv,20260425_204331
20250307-01,2025-03-07,2025,3,7,Fri,15,24,31,32,40,142,3,2,2,baseline.csv,20260425_204331
20250307-02,2025-03-07,2025,3,7,Fri,17,28,39,43,44,171,2,3,2,baseline.csv,20260425_204331
20250308-01,2025-03-08,2025,3,8,Sat,8,27,29,35,37,136,1,4,1,baseline.csv,20260425_204331
20250308-02,2025-03-08,2025,3,8,Sat,2,10,11,12,20,55,4,1,3,baseline.csv,20260425_204331
20250309-01,2025-03-09,2025,3,9,Sun,10,16,21,28,37,112,3,2,1,baseline.csv,20260425_204331
20250309-02,2025-03-09,2025,3,9,Sun,9,10,16,24,27,86,3,2,2,baseline.csv,20260425_204331
20250310-01,2025-03-10,2025,3,10,Mon,5,13,17,20,32,87,2,3,1,baseline.csv,20260425_204331
20250310-02,2025-03-10,2025,3,10,Mon,6,18,26,27,33,110,3,2,2,baseline.csv,20260425_204331
20250311-01,2025-03-11,2025,3,11,Tue,15,21,24,35,39,134,1,4,1,baseline.csv,20260425_204331
20250311-02,2025-03-11,2025,3,11,Tue,2,12,14,20,43,91,4,1,1,baseline.csv,20260425_204331
20250312-01,2025-03-12,2025,3,12,Wed,4,7,10,30,45,96,3,2,1,baseline.csv,20260425_204331
20250312-02,2025-03-12,2025,3,12,Wed,8,15,23,31,33,110,1,4,1,baseline.csv,20260425_204331
20250313-01,2025-03-13,2025,3,13,Thu,4,7,13,31,43,98,1,4,1,baseline.csv,20260425_204331
20250313-02,2025-03-13,2025,3,13,Thu,5,8,12,26,35,86,3,2,1,baseline.csv,20260425_204331
20250314-01,2025-03-14,2025,3,14,Fri,1,9,10,19,29,68,1,4,2,baseline.csv,20260425_204331
20250314-02,2025-03-14,2025,3,14,Fri,2,4,9,12,28,55,4,1,1,baseline.csv,20260425_204331
20250315-01,2025-03-15,2025,3,15,Sat,8,15,23,26,38,110,3,2,1,baseline.csv,20260425_204331
20250315-02,2025-03-15,2025,3,15,Sat,1,16,17,31,45,110,1,4,2,baseline.csv,20260425_204331
20250316-01,2025-03-16,2025,3,16,Sun,21,27,30,41,43,162,1,4,1,baseline.csv,20260425_204331
20250316-02,2025-03-16,2025,3,16,Sun,8,11,19,20,21,79,2,3,3,baseline.csv,20260425_204331
20250317-01,2025-03-17,2025,3,17,Mon,5,27,32,40,42,146,3,2,1,baseline.csv,20260425_204331
20250317-02,2025-03-17,2025,3,17,Mon,8,22,25,32,33,120,3,2,2,baseline.csv,20260425_204331
20250318-01,2025-03-18,2025,3,18,Tue,4,14,23,30,32,103,4,1,1,baseline.csv,20260425_204331
20250318-02,2025-03-18,2025,3,18,Tue,4,22,29,34,39,128,3,2,1,baseline.csv,20260425_204331
20250319-01,2025-03-19,2025,3,19,Wed,10,30,34,39,44,157,4,1,1,baseline.csv,20260425_204331
20250319-02,2025-03-19,2025,3,19,Wed,21,24,30,36,42,153,4,1,1,baseline.csv,20260425_204331
20250320-01,2025-03-20,2025,3,20,Thu,4,30,32,33,43,142,3,2,2,baseline.csv,20260425_204331
20250320-02,2025-03-20,2025,3,20,Thu,7,10,14,38,40,109,4,1,1,baseline.csv,20260425_204331
20250321-01,2025-03-21,2025,3,21,Fri,8,12,37,42,44,143,4,1,1,baseline.csv,20260425_204331
20250321-02,2025-03-21,2025,3,21,Fri,3,24,27,34,38,126,3,2,1,baseline.csv,20260425_204331
20250322-01,2025-03-22,2025,3,22,Sat,23,26,28,40,42,159,4,1,1,baseline.csv,20260425_204331
20250322-02,2025-03-22,2025,3,22,Sat,19,26,38,40,41,164,3,2,2,baseline.csv,20260425_204331
20250323-01,2025-03-23,2025,3,23,Sun,23,27,31,33,43,157,0,5,1,baseline.csv,20260425_204331
20250323-02,2025-03-23,2025,3,23,Sun,8,21,23,24,37,113,2,3,2,baseline.csv,20260425_204331
20250324-01,2025-03-24,2025,3,24,Mon,3,5,36,38,43,125,2,3,1,baseline.csv,20260425_204331
20250324-02,2025-03-24,2025,3,24,Mon,7,22,32,39,42,142,3,2,1,baseline.csv,20260425_204331
20250325-01,2025-03-25,2025,3,25,Tue,9,18,26,29,33,115,2,3,1,baseline.csv,20260425_204331
20250325-02,2025-03-25,2025,3,25,Tue,8,18,21,27,30,104,3,2,1,baseline.csv,20260425_204331
20250326-01,2025-03-26,2025,3,26,Wed,4,8,38,41,45,136,3,2,1,baseline.csv,20260425_204331
20250326-02,2025-03-26,2025,3,26,Wed,3,8,9,31,45,96,1,4,2,baseline.csv,20260425_204331
20250327-01,2025-03-27,2025,3,27,Thu,2,5,8,32,38,85,4,1,1,baseline.csv,20260425_204331
20250327-02,2025-03-27,2025,3,27,Thu,3,7,12,36,42,100,3,2,1,baseline.csv,20260425_204331
20250328-01,2025-03-28,2025,3,28,Fri,1,5,17,22,36,81,2,3,1,baseline.csv,20260425_204331
20250328-02,2025-03-28,2025,3,28,Fri,14,17,23,31,37,122,1,4,1,baseline.csv,20260425_204331
20250329-01,2025-03-29,2025,3,29,Sat,12,29,31,33,45,150,1,4,1,baseline.csv,20260425_204331
20250329-02,2025-03-29,2025,3,29,Sat,3,12,25,28,43,111,2,3,1,baseline.csv,20260425_204331
20250330-01,2025-03-30,2025,3,30,Sun,1,7,12,30,31,81,2,3,2,baseline.csv,20260425_204331
20250330-02,2025-03-30,2025,3,30,Sun,1,10,22,28,41,102,3,2,1,baseline.csv,20260425_204331
20250331-01,2025-03-31,2025,3,31,Mon,4,12,19,43,45,123,2,3,1,baseline.csv,20260425_204331
20250331-02,2025-03-31,2025,3,31,Mon,7,16,19,39,40,121,2,3,2,baseline.csv,20260425_204331
20250401-01,2025-04-01,2025,4,1,Tue,8,20,21,24,41,114,3,2,2,baseline.csv,20260425_204331
20250401-02,2025-04-01,2025,4,1,Tue,4,5,7,21,33,70,1,4,2,baseline.csv,20260425_204331
20250402-01,2025-04-02,2025,4,2,Wed,22,28,34,35,42,161,4,1,2,baseline.csv,20260425_204331
20250402-02,2025-04-02,2025,4,2,Wed,10,21,25,31,40,127,2,3,1,baseline.csv,20260425_204331
20250403-01,2025-04-03,2025,4,3,Thu,2,15,30,34,41,122,3,2,1,baseline.csv,20260425_204331
20250403-02,2025-04-03,2025,4,3,Thu,2,21,22,32,43,120,3,2,2,baseline.csv,20260425_204331
20250404-01,2025-04-04,2025,4,4,Fri,1,33,34,40,41,149,2,3,2,baseline.csv,20260425_204331
20250404-02,2025-04-04,2025,4,4,Fri,17,30,32,33,38,150,3,2,2,baseline.csv,20260425_204331
20250405-01,2025-04-05,2025,4,5,Sat,1,13,26,33,36,109,2,3,1,baseline.csv,20260425_204331
20250405-02,2025-04-05,2025,4,5,Sat,9,14,26,37,42,128,3,2,1,baseline.csv,20260425_204331
20250406-01,2025-04-06,2025,4,6,Sun,4,6,9,31,35,85,2,3,1,baseline.csv,20260425_204331
20250406-02,2025-04-06,2025,4,6,Sun,5,6,9,33,34,87,2,3,2,baseline.csv,20260425_204331
20250407-01,2025-04-07,2025,4,7,Mon,11,15,34,35,37,132,1,4,2,baseline.csv,20260425_204331
20250407-02,2025-04-07,2025,4,7,Mon,6,7,12,25,32,82,3,2,2,baseline.csv,20260425_204331
20250408-01,2025-04-08,2025,4,8,Tue,7,9,27,32,34,109,2,3,1,baseline.csv,20260425_204331
20250408-02,2025-04-08,2025,4,8,Tue,7,12,21,25,41,106,1,4,1,baseline.csv,20260425_204331
20250409-01,2025-04-09,2025,4,9,Wed,4,12,23,35,40,114,3,2,1,baseline.csv,20260425_204331
20250409-02,2025-04-09,2025,4,9,Wed,19,21,23,26,31,120,1,4,1,baseline.csv,20260425_204331
20250410-01,2025-04-10,2025,4,10,Thu,17,20,21,26,37,121,2,3,2,baseline.csv,20260425_204331
20250410-02,2025-04-10,2025,4,10,Thu,10,22,35,41,43,151,2,3,1,baseline.csv,20260425_204331
20250411-01,2025-04-11,2025,4,11,Fri,28,29,30,32,37,156,3,2,3,baseline.csv,20260425_204331
20250411-02,2025-04-11,2025,4,11,Fri,2,12,31,32,42,119,4,1,2,baseline.csv,20260425_204331
20250412-01,2025-04-12,2025,4,12,Sat,3,18,26,33,41,121,2,3,1,baseline.csv,20260425_204331
20250412-02,2025-04-12,2025,4,12,Sat,3,17,22,36,45,123,2,3,1,baseline.csv,20260425_204331
20250413-01,2025-04-13,2025,4,13,Sun,12,16,23,27,43,121,2,3,1,baseline.csv,20260425_204331
20250413-02,2025-04-13,2025,4,13,Sun,3,12,25,30,40,110,3,2,1,baseline.csv,20260425_204331
20250414-01,2025-04-14,2025,4,14,Mon,10,20,21,28,31,110,3,2,2,baseline.csv,20260425_204331
20250414-02,2025-04-14,2025,4,14,Mon,4,6,18,26,31,85,4,1,1,baseline.csv,20260425_204331
20250415-01,2025-04-15,2025,4,15,Tue,5,6,29,32,35,107,2,3,2,baseline.csv,20260425_204331
20250415-02,2025-04-15,2025,4,15,Tue,8,14,17,21,33,93,2,3,1,baseline.csv,20260425_204331
20250416-01,2025-04-16,2025,4,16,Wed,4,12,18,26,42,102,5,0,1,baseline.csv,20260425_204331
20250416-02,2025-04-16,2025,4,16,Wed,28,29,34,35,41,167,2,3,2,baseline.csv,20260425_204331
20250417-01,2025-04-17,2025,4,17,Thu,19,36,37,39,40,171,2,3,2,baseline.csv,20260425_204331
20250417-02,2025-04-17,2025,4,17,Thu,11,21,24,33,42,131,2,3,1,baseline.csv,20260425_204331
20250418-01,2025-04-18,2025,4,18,Fri,8,19,28,34,44,133,4,1,1,baseline.csv,20260425_204331
20250418-02,2025-04-18,2025,4,18,Fri,10,37,38,40,45,170,3,2,2,baseline.csv,20260425_204331
20250419-01,2025-04-19,2025,4,19,Sat,2,3,5,24,27,61,2,3,2,baseline.csv,20260425_204331
20250419-02,2025-04-19,2025,4,19,Sat,17,18,21,33,45,134,1,4,2,baseline.csv,20260425_204331
20250420-01,2025-04-20,2025,4,20,Sun,13,30,31,34,37,145,2,3,2,baseline.csv,20260425_204331
20250420-02,2025-04-20,2025,4,20,Sun,1,3,4,17,41,66,1,4,2,baseline.csv,20260425_204331
20250421-01,2025-04-21,2025,4,21,Mon,17,20,24,34,35,130,3,2,2,baseline.csv,20260425_204331
20250421-02,2025-04-21,2025,4,21,Mon,6,26,32,34,42,140,5,0,1,baseline.csv,20260425_204331
20250422-01,2025-04-22,2025,4,22,Tue,9,13,18,29,38,107,2,3,1,baseline.csv,20260425_204331
20250422-02,2025-04-22,2025,4,22,Tue,21,23,25,38,39,146,1,4,2,baseline.csv,20260425_204331
20250423-01,2025-04-23,2025,4,23,Wed,13,20,22,32,44,131,4,1,1,baseline.csv,20260425_204331
20250423-02,2025-04-23,2025,4,23,Wed,1,5,7,12,43,68,1,4,1,baseline.csv,20260425_204331
20250424-01,2025-04-24,2025,4,24,Thu,11,21,25,32,38,127,2,3,1,baseline.csv,20260425_204331
20250424-02,2025-04-24,2025,4,24,Thu,15,19,27,36,37,134,1,4,2,baseline.csv,20260425_204331
20250425-01,2025-04-25,2025,4,25,Fri,1,21,37,41,44,144,1,4,1,baseline.csv,20260425_204331
20250425-02,2025-04-25,2025,4,25,Fri,3,11,12,18,43,87,2,3,2,baseline.csv,20260425_204331
20250426-01,2025-04-26,2025,4,26,Sat,6,7,22,39,45,119,2,3,2,baseline.csv,20260425_204331
20250426-02,2025-04-26,2025,4,26,Sat,5,10,32,33,35,115,2,3,2,baseline.csv,20260425_204331
20250427-01,2025-04-27,2025,4,27,Sun,1,5,9,12,22,49,2,3,1,baseline.csv,20260425_204331
20250427-02,2025-04-27,2025,4,27,Sun,1,6,13,35,42,97,2,3,1,baseline.csv,20260425_204331
20250428-01,2025-04-28,2025,4,28,Mon,3,9,23,33,36,104,1,4,1,baseline.csv,20260425_204331
20250428-02,2025-04-28,2025,4,28,Mon,6,14,19,36,42,117,4,1,1,baseline.csv,20260425_204331
20250429-01,2025-04-29,2025,4,29,Tue,8,12,13,28,36,97,4,1,2,baseline.csv,20260425_204331
20250429-02,2025-04-29,2025,4,29,Tue,10,13,17,28,39,107,2,3,1,baseline.csv,20260425_204331
20250430-01,2025-04-30,2025,4,30,Wed,1,4,6,15,29,55,2,3,1,baseline.csv,20260425_204331
20250430-02,2025-04-30,2025,4,30,Wed,9,12,17,20,32,90,3,2,1,baseline.csv,20260425_204331
20250501-01,2025-05-01,2025,5,1,Thu,8,15,27,32,44,126,3,2,1,baseline.csv,20260425_204331
20250501-02,2025-05-01,2025,5,1,Thu,1,23,29,40,44,137,2,3,1,baseline.csv,20260425_204331
20250502-01,2025-05-02,2025,5,2,Fri,12,16,34,35,41,138,3,2,2,baseline.csv,20260425_204331
20250502-02,2025-05-02,2025,5,2,Fri,16,17,27,28,42,130,3,2,2,baseline.csv,20260425_204331
20250503-01,2025-05-03,2025,5,3,Sat,3,13,18,25,28,87,2,3,1,baseline.csv,20260425_204331
20250503-02,2025-05-03,2025,5,3,Sat,9,30,31,32,36,138,3,2,3,baseline.csv,20260425_204331
20250504-01,2025-05-04,2025,5,4,Sun,1,30,32,37,40,140,3,2,1,baseline.csv,20260425_204331
20250504-02,2025-05-04,2025,5,4,Sun,3,4,16,17,40,80,3,2,2,baseline.csv,20260425_204331
20250505-01,2025-05-05,2025,5,5,Mon,11,16,29,40,42,138,3,2,1,baseline.csv,20260425_204331
20250505-02,2025-05-05,2025,5,5,Mon,3,13,15,24,41,96,1,4,1,baseline.csv,20260425_204331
20250506-01,2025-05-06,2025,5,6,Tue,2,13,25,32,39,111,2,3,1,baseline.csv,20260425_204331
20250506-02,2025-05-06,2025,5,6,Tue,4,9,29,30,44,116,3,2,2,baseline.csv,20260425_204331
20250507-01,2025-05-07,2025,5,7,Wed,1,5,21,24,30,81,2,3,1,baseline.csv,20260425_204331
20250507-02,2025-05-07,2025,5,7,Wed,2,3,10,33,39,87,2,3,2,baseline.csv,20260425_204331
20250508-01,2025-05-08,2025,5,8,Thu,22,24,39,41,45,171,2,3,1,baseline.csv,20260425_204331
20250508-02,2025-05-08,2025,5,8,Thu,2,11,15,30,35,93,2,3,1,baseline.csv,20260425_204331
20250509-01,2025-05-09,2025,5,9,Fri,2,5,10,18,34,69,4,1,1,baseline.csv,20260425_204331
20250509-02,2025-05-09,2025,5,9,Fri,7,8,33,34,41,123,2,3,2,baseline.csv,20260425_204331
20250510-01,2025-05-10,2025,5,10,Sat,9,21,34,35,39,138,1,4,2,baseline.csv,20260425_204331
20250510-02,2025-05-10,2025,5,10,Sat,1,6,17,22,32,78,3,2,1,baseline.csv,20260425_204331
20250511-01,2025-05-11,2025,5,11,Sun,2,11,24,25,35,97,2,3,2,baseline.csv,20260425_204331
20250511-02,2025-05-11,2025,5,11,Sun,2,21,24,34,36,117,4,1,1,baseline.csv,20260425_204331
20250512-01,2025-05-12,2025,5,12,Mon,9,14,18,26,33,100,3,2,1,baseline.csv,20260425_204331
20250512-02,2025-05-12,2025,5,12,Mon,6,11,23,28,30,98,3,2,1,baseline.csv,20260425_204331
20250513-01,2025-05-13,2025,5,13,Tue,7,9,12,29,33,90,1,4,1,baseline.csv,20260425_204331
20250513-02,2025-05-13,2025,5,13,Tue,2,16,20,28,36,102,5,0,1,baseline.csv,20260425_204331
20250514-01,2025-05-14,2025,5,14,Wed,5,16,22,23,37,103,2,3,2,baseline.csv,20260425_204331
20250514-02,2025-05-14,2025,5,14,Wed,4,17,24,28,31,104,3,2,1,baseline.csv,20260425_204331
20250515-01,2025-05-15,2025,5,15,Thu,2,17,28,34,39,120,3,2,1,baseline.csv,20260425_204331
20250515-02,2025-05-15,2025,5,15,Thu,10,15,19,25,29,98,1,4,1,baseline.csv,20260425_204331
20250516-01,2025-05-16,2025,5,16,Fri,5,10,15,26,30,86,3,2,1,baseline.csv,20260425_204331
20250516-02,2025-05-16,2025,5,16,Fri,7,9,10,18,29,73,2,3,2,baseline.csv,20260425_204331
20250517-01,2025-05-17,2025,5,17,Sat,28,31,40,44,45,188,3,2,2,baseline.csv,20260425_204331
20250517-02,2025-05-17,2025,5,17,Sat,22,26,28,29,33,138,3,2,2,baseline.csv,20260425_204331
20250518-01,2025-05-18,2025,5,18,Sun,7,25,27,35,42,136,1,4,1,baseline.csv,20260425_204331
20250518-02,2025-05-18,2025,5,18,Sun,11,20,25,29,33,118,1,4,1,baseline.csv,20260425_204331
20250519-01,2025-05-19,2025,5,19,Mon,4,19,29,32,38,122,3,2,1,baseline.csv,20260425_204331
20250519-02,2025-05-19,2025,5,19,Mon,4,17,24,42,43,130,3,2,2,baseline.csv,20260425_204331
20250520-01,2025-05-20,2025,5,20,Tue,1,9,15,25,29,79,0,5,1,baseline.csv,20260425_204331
20250520-02,2025-05-20,2025,5,20,Tue,1,13,17,28,38,97,2,3,1,baseline.csv,20260425_204331
20250521-01,2025-05-21,2025,5,21,Wed,23,24,41,43,45,176,1,4,2,baseline.csv,20260425_204331
20250521-02,2025-05-21,2025,5,21,Wed,15,21,31,43,45,155,0,5,1,baseline.csv,20260425_204331
20250522-01,2025-05-22,2025,5,22,Thu,3,24,40,43,45,155,2,3,1,baseline.csv,20260425_204331
20250522-02,2025-05-22,2025,5,22,Thu,5,19,22,24,31,101,2,3,1,baseline.csv,20260425_204331
20250523-01,2025-05-23,2025,5,23,Fri,27,32,35,36,44,174,3,2,2,baseline.csv,20260425_204331
20250523-02,2025-05-23,2025,5,23,Fri,12,16,24,44,45,141,4,1,2,baseline.csv,20260425_204331
20250524-01,2025-05-24,2025,5,24,Sat,3,12,37,39,43,134,1,4,1,baseline.csv,20260425_204331
20250524-02,2025-05-24,2025,5,24,Sat,5,6,12,17,43,83,2,3,2,baseline.csv,20260425_204331
20250525-01,2025-05-25,2025,5,25,Sun,29,38,41,42,43,193,2,3,3,baseline.csv,20260425_204331
20250525-02,2025-05-25,2025,5,25,Sun,14,25,29,33,38,139,2,3,1,baseline.csv,20260425_204331
20250526-01,2025-05-26,2025,5,26,Mon,10,22,27,30,44,133,4,1,1,baseline.csv,20260425_204331
20250526-02,2025-05-26,2025,5,26,Mon,5,19,23,27,45,119,0,5,1,baseline.csv,20260425_204331
20250527-01,2025-05-27,2025,5,27,Tue,11,22,28,29,40,130,3,2,2,baseline.csv,20260425_204331
20250527-02,2025-05-27,2025,5,27,Tue,5,11,35,38,44,133,2,3,1,baseline.csv,20260425_204331
20250528-01,2025-05-28,2025,5,28,Wed,2,12,16,27,39,96,3,2,1,baseline.csv,20260425_204331
20250528-02,2025-05-28,2025,5,28,Wed,8,14,33,38,42,135,4,1,1,baseline.csv,20260425_204331
20250529-01,2025-05-29,2025,5,29,Thu,3,4,13,15,37,72,1,4,2,baseline.csv,20260425_204331
20250529-02,2025-05-29,2025,5,29,Thu,3,15,28,35,38,119,2,3,1,baseline.csv,20260425_204331
20250530-01,2025-05-30,2025,5,30,Fri,4,23,30,31,32,120,3,2,3,baseline.csv,20260425_204331
20250530-02,2025-05-30,2025,5,30,Fri,4,20,26,39,44,133,4,1,1,baseline.csv,20260425_204331
20250531-01,2025-05-31,2025,5,31,Sat,8,13,25,32,38,116,3,2,1,baseline.csv,20260425_204331
20250531-02,2025-05-31,2025,5,31,Sat,4,10,17,29,33,93,2,3,1,baseline.csv,20260425_204331
20250601-01,2025-06-01,2025,6,1,Sun,2,4,42,43,44,135,4,1,3,baseline.csv,20260425_204331
20250601-02,2025-06-01,2025,6,1,Sun,14,24,28,31,36,133,4,1,1,baseline.csv,20260425_204331
20250602-01,2025-06-02,2025,6,2,Mon,5,12,27,29,38,111,2,3,1,baseline.csv,20260425_204331
20250602-02,2025-06-02,2025,6,2,Mon,6,31,33,35,44,149,2,3,1,baseline.csv,20260425_204331
20250603-01,2025-06-03,2025,6,3,Tue,2,4,17,20,31,74,3,2,1,baseline.csv,20260425_204331
20250603-02,2025-06-03,2025,6,3,Tue,18,19,23,32,37,129,2,3,2,baseline.csv,20260425_204331
20250604-01,2025-06-04,2025,6,4,Wed,1,13,19,22,33,88,1,4,1,baseline.csv,20260425_204331
20250604-02,2025-06-04,2025,6,4,Wed,4,15,17,25,36,97,2,3,1,baseline.csv,20260425_204331
20250605-01,2025-06-05,2025,6,5,Thu,18,32,37,43,45,175,2,3,1,baseline.csv,20260425_204331
20250605-02,2025-06-05,2025,6,5,Thu,6,10,15,32,43,106,3,2,1,baseline.csv,20260425_204331
20250606-01,2025-06-06,2025,6,6,Fri,3,21,30,33,41,128,1,4,1,baseline.csv,20260425_204331
20250606-02,2025-06-06,2025,6,6,Fri,1,10,20,25,27,83,2,3,1,baseline.csv,20260425_204331
20250607-01,2025-06-07,2025,6,7,Sat,1,5,17,27,35,85,0,5,1,baseline.csv,20260425_204331
20250607-02,2025-06-07,2025,6,7,Sat,5,13,16,25,27,86,1,4,1,baseline.csv,20260425_204331
20250608-01,2025-06-08,2025,6,8,Sun,4,18,24,26,39,111,4,1,1,baseline.csv,20260425_204331
20250608-02,2025-06-08,2025,6,8,Sun,1,10,28,42,45,126,3,2,1,baseline.csv,20260425_204331
20250609-01,2025-06-09,2025,6,9,Mon,8,9,14,39,43,113,2,3,2,baseline.csv,20260425_204331
20250609-02,2025-06-09,2025,6,9,Mon,1,2,25,26,32,86,3,2,2,baseline.csv,20260425_204331
20250610-01,2025-06-10,2025,6,10,Tue,22,25,28,33,34,142,3,2,2,baseline.csv,20260425_204331
20250610-02,2025-06-10,2025,6,10,Tue,1,24,27,28,32,112,3,2,2,baseline.csv,20260425_204331
20250611-01,2025-06-11,2025,6,11,Wed,26,28,35,40,42,171,4,1,1,baseline.csv,20260425_204331
20250611-02,2025-06-11,2025,6,11,Wed,24,37,41,43,45,190,1,4,1,baseline.csv,20260425_204331
20250612-01,2025-06-12,2025,6,12,Thu,3,19,29,30,40,121,2,3,2,baseline.csv,20260425_204331
20250612-02,2025-06-12,2025,6,12,Thu,6,7,19,35,41,108,1,4,2,baseline.csv,20260425_204331
20250613-01,2025-06-13,2025,6,13,Fri,3,13,22,33,35,106,1,4,1,baseline.csv,20260425_204331
20250613-02,2025-06-13,2025,6,13,Fri,10,11,12,33,42,108,3,2,3,baseline.csv,20260425_204331
20250614-01,2025-06-14,2025,6,14,Sat,4,10,30,37,45,126,3,2,1,baseline.csv,20260425_204331
20250614-02,2025-06-14,2025,6,14,Sat,1,32,40,42,43,158,3,2,2,baseline.csv,20260425_204331
20250615-01,2025-06-15,2025,6,15,Sun,12,15,17,32,39,115,2,3,1,baseline.csv,20260425_204331
20250615-02,2025-06-15,2025,6,15,Sun,2,22,33,40,44,141,4,1,1,baseline.csv,20260425_204331
20250616-01,2025-06-16,2025,6,16,Mon,7,12,16,26,35,96,3,2,1,baseline.csv,20260425_204331
20250616-02,2025-06-16,2025,6,16,Mon,9,20,25,35,39,128,1,4,1,baseline.csv,20260425_204331
20250617-01,2025-06-17,2025,6,17,Tue,12,19,32,43,45,151,2,3,1,baseline.csv,20260425_204331
20250617-02,2025-06-17,2025,6,17,Tue,5,14,19,35,45,118,1,4,1,baseline.csv,20260425_204331
20250618-01,2025-06-18,2025,6,18,Wed,13,16,19,28,36,112,3,2,1,baseline.csv,20260425_204331
20250618-02,2025-06-18,2025,6,18,Wed,11,12,16,29,40,108,3,2,2,baseline.csv,20260425_204331
20250619-01,2025-06-19,2025,6,19,Thu,3,5,30,38,41,117,2,3,1,baseline.csv,20260425_204331
20250619-02,2025-06-19,2025,6,19,Thu,7,25,27,34,40,133,2,3,1,baseline.csv,20260425_204331
20250620-01,2025-06-20,2025,6,20,Fri,14,19,25,27,44,129,2,3,1,baseline.csv,20260425_204331
20250620-02,2025-06-20,2025,6,20,Fri,16,28,32,35,44,155,4,1,1,baseline.csv,20260425_204331
20250621-01,2025-06-21,2025,6,21,Sat,7,24,25,34,39,129,2,3,2,baseline.csv,20260425_204331
20250621-02,2025-06-21,2025,6,21,Sat,19,21,31,34,41,146,1,4,1,baseline.csv,20260425_204331
20250622-01,2025-06-22,2025,6,22,Sun,15,22,28,36,38,139,4,1,1,baseline.csv,20260425_204331
20250622-02,2025-06-22,2025,6,22,Sun,5,15,16,29,43,108,1,4,2,baseline.csv,20260425_204331
20250623-01,2025-06-23,2025,6,23,Mon,1,8,35,42,43,129,2,3,2,baseline.csv,20260425_204331
20250623-02,2025-06-23,2025,6,23,Mon,12,27,29,41,43,152,1,4,1,baseline.csv,20260425_204331
20250624-01,2025-06-24,2025,6,24,Tue,6,15,27,29,39,116,1,4,1,baseline.csv,20260425_204331
20250624-02,2025-06-24,2025,6,24,Tue,3,4,39,44,45,135,2,3,2,baseline.csv,20260425_204331
20250625-01,2025-06-25,2025,6,25,Wed,22,25,28,35,38,148,3,2,1,baseline.csv,20260425_204331
20250625-02,2025-06-25,2025,6,25,Wed,18,20,28,36,39,141,4,1,1,baseline.csv,20260425_204331
20250626-01,2025-06-26,2025,6,26,Thu,7,9,17,23,39,95,0,5,1,baseline.csv,20260425_204331
20250626-02,2025-06-26,2025,6,26,Thu,2,5,21,23,43,94,1,4,1,baseline.csv,20260425_204331
20250627-01,2025-06-27,2025,6,27,Fri,1,5,9,35,42,92,1,4,1,baseline.csv,20260425_204331
20250627-02,2025-06-27,2025,6,27,Fri,2,4,7,14,39,66,3,2,1,baseline.csv,20260425_204331
20250628-01,2025-06-28,2025,6,28,Sat,1,8,13,22,43,87,2,3,1,baseline.csv,20260425_204331
20250628-02,2025-06-28,2025,6,28,Sat,3,5,8,14,31,61,2,3,1,baseline.csv,20260425_204331
20250629-01,2025-06-29,2025,6,29,Sun,12,16,21,28,41,118,3,2,1,baseline.csv,20260425_204331
20250629-02,2025-06-29,2025,6,29,Sun,7,8,11,24,34,84,3,2,2,baseline.csv,20260425_204331
20250630-01,2025-06-30,2025,6,30,Mon,9,27,30,39,45,150,1,4,1,baseline.csv,20260425_204331
20250630-02,2025-06-30,2025,6,30,Mon,10,13,23,24,31,101,2,3,2,baseline.csv,20260425_204331
20250701-01,2025-07-01,2025,7,1,Tue,4,9,14,35,44,106,3,2,1,baseline.csv,20260425_204331
20250701-02,2025-07-01,2025,7,1,Tue,3,5,7,11,22,48,1,4,1,baseline.csv,20260425_204331
20250702-01,2025-07-02,2025,7,2,Wed,4,8,15,26,34,87,4,1,1,baseline.csv,20260425_204331
20250702-02,2025-07-02,2025,7,2,Wed,12,16,22,39,42,131,4,1,1,baseline.csv,20260425_204331
20250703-01,2025-07-03,2025,7,3,Thu,15,18,27,33,44,137,2,3,1,baseline.csv,20260425_204331
20250703-02,2025-07-03,2025,7,3,Thu,5,6,15,29,38,93,2,3,2,baseline.csv,20260425_204331
20250704-01,2025-07-04,2025,7,4,Fri,11,20,24,32,44,131,4,1,1,baseline.csv,20260425_204331
20250704-02,2025-07-04,2025,7,4,Fri,16,23,29,33,34,135,2,3,2,baseline.csv,20260425_204331
20250705-01,2025-07-05,2025,7,5,Sat,16,24,32,38,40,150,5,0,1,baseline.csv,20260425_204331
20250705-02,2025-07-05,2025,7,5,Sat,1,7,12,18,43,81,2,3,1,baseline.csv,20260425_204331
20250706-01,2025-07-06,2025,7,6,Sun,2,8,9,13,34,66,3,2,2,baseline.csv,20260425_204331
20250706-02,2025-07-06,2025,7,6,Sun,8,15,26,27,37,113,2,3,2,baseline.csv,20260425_204331
20250707-01,2025-07-07,2025,7,7,Mon,5,18,25,38,39,125,2,3,2,baseline.csv,20260425_204331
20250707-02,2025-07-07,2025,7,7,Mon,13,30,33,36,43,155,2,3,1,baseline.csv,20260425_204331
20250708-01,2025-07-08,2025,7,8,Tue,6,15,21,29,37,108,1,4,1,baseline.csv,20260425_204331
20250708-02,2025-07-08,2025,7,8,Tue,5,35,36,37,43,156,1,4,3,baseline.csv,20260425_204331
20250709-01,2025-07-09,2025,7,9,Wed,9,16,20,40,44,129,4,1,1,baseline.csv,20260425_204331
20250709-02,2025-07-09,2025,7,9,Wed,5,9,11,35,36,96,1,4,2,baseline.csv,20260425_204331
20250710-01,2025-07-10,2025,7,10,Thu,1,9,21,40,43,114,1,4,1,baseline.csv,20260425_204331
20250710-02,2025-07-10,2025,7,10,Thu,3,8,12,14,16,53,4,1,1,baseline.csv,20260425_204331
20250711-01,2025-07-11,2025,7,11,Fri,1,7,16,19,37,80,1,4,1,baseline.csv,20260425_204331
20250711-02,2025-07-11,2025,7,11,Fri,24,28,29,34,39,154,3,2,2,baseline.csv,20260425_204331
20250712-01,2025-07-12,2025,7,12,Sat,5,9,16,20,31,81,2,3,1,baseline.csv,20260425_204331
20250712-02,2025-07-12,2025,7,12,Sat,7,31,37,38,41,154,1,4,2,baseline.csv,20260425_204331
20250713-01,2025-07-13,2025,7,13,Sun,2,10,17,23,43,95,2,3,1,baseline.csv,20260425_204331
20250713-02,2025-07-13,2025,7,13,Sun,1,4,9,18,38,70,3,2,1,baseline.csv,20260425_204331
20250714-01,2025-07-14,2025,7,14,Mon,4,14,15,19,26,78,3,2,2,baseline.csv,20260425_204331
20250714-02,2025-07-14,2025,7,14,Mon,1,30,35,36,39,141,2,3,2,baseline.csv,20260425_204331
20250715-01,2025-07-15,2025,7,15,Tue,16,17,19,29,44,125,2,3,2,baseline.csv,20260425_204331
20250715-02,2025-07-15,2025,7,15,Tue,3,21,25,27,44,120,1,4,1,baseline.csv,20260425_204331
20250716-01,2025-07-16,2025,7,16,Wed,10,12,13,32,43,110,3,2,2,baseline.csv,20260425_204331
20250716-02,2025-07-16,2025,7,16,Wed,16,21,31,33,42,143,2,3,1,baseline.csv,20260425_204331
20250717-01,2025-07-17,2025,7,17,Thu,3,14,20,30,36,103,4,1,1,baseline.csv,20260425_204331
20250717-02,2025-07-17,2025,7,17,Thu,8,18,26,34,42,128,5,0,1,baseline.csv,20260425_204331
20250718-01,2025-07-18,2025,7,18,Fri,8,15,16,30,45,114,3,2,2,baseline.csv,20260425_204331
20250718-02,2025-07-18,2025,7,18,Fri,2,20,35,37,43,137,2,3,1,baseline.csv,20260425_204331
20250719-01,2025-07-19,2025,7,19,Sat,7,8,17,22,24,78,3,2,2,baseline.csv,20260425_204331
20250719-02,2025-07-19,2025,7,19,Sat,3,5,16,24,34,82,3,2,1,baseline.csv,20260425_204331
20250720-01,2025-07-20,2025,7,20,Sun,5,19,29,32,33,118,1,4,2,baseline.csv,20260425_204331
20250720-02,2025-07-20,2025,7,20,Sun,5,19,29,41,45,139,0,5,1,baseline.csv,20260425_204331
20250721-01,2025-07-21,2025,7,21,Mon,7,13,19,21,41,101,0,5,1,baseline.csv,20260425_204331
20250721-02,2025-07-21,2025,7,21,Mon,2,21,23,28,31,105,2,3,1,baseline.csv,20260425_204331
20250722-01,2025-07-22,2025,7,22,Tue,3,26,32,35,43,139,2,3,1,baseline.csv,20260425_204331
20250722-02,2025-07-22,2025,7,22,Tue,10,12,24,26,44,116,5,0,1,baseline.csv,20260425_204331
20250723-01,2025-07-23,2025,7,23,Wed,6,19,20,30,40,115,4,1,2,baseline.csv,20260425_204331
20250723-02,2025-07-23,2025,7,23,Wed,5,10,16,32,43,106,3,2,1,baseline.csv,20260425_204331
20250724-01,2025-07-24,2025,7,24,Thu,4,9,19,35,41,108,1,4,1,baseline.csv,20260425_204331
20250724-02,2025-07-24,2025,7,24,Thu,7,9,12,14,40,82,3,2,1,baseline.csv,20260425_204331
20250725-01,2025-07-25,2025,7,25,Fri,5,15,25,26,32,103,2,3,2,baseline.csv,20260425_204331
20250725-02,2025-07-25,2025,7,25,Fri,5,11,15,27,45,103,0,5,1,baseline.csv,20260425_204331
20250726-01,2025-07-26,2025,7,26,Sat,7,21,23,35,38,124,1,4,1,baseline.csv,20260425_204331
20250726-02,2025-07-26,2025,7,26,Sat,2,3,5,26,42,78,3,2,2,baseline.csv,20260425_204331
20250727-01,2025-07-27,2025,7,27,Sun,14,22,23,32,36,127,4,1,2,baseline.csv,20260425_204331
20250727-02,2025-07-27,2025,7,27,Sun,4,13,15,20,41,93,2,3,1,baseline.csv,20260425_204331
20250728-01,2025-07-28,2025,7,28,Mon,2,6,10,23,30,71,4,1,1,baseline.csv,20260425_204331
20250728-02,2025-07-28,2025,7,28,Mon,14,19,29,35,44,141,2,3,1,baseline.csv,20260425_204331
20250729-01,2025-07-29,2025,7,29,Tue,3,11,15,29,38,96,1,4,1,baseline.csv,20260425_204331
20250729-02,2025-07-29,2025,7,29,Tue,5,12,18,23,24,82,3,2,2,baseline.csv,20260425_204331
20250730-01,2025-07-30,2025,7,30,Wed,3,12,23,26,36,100,3,2,1,baseline.csv,20260425_204331
20250730-02,2025-07-30,2025,7,30,Wed,4,6,7,42,45,104,3,2,2,baseline.csv,20260425_204331
20250731-01,2025-07-31,2025,7,31,Thu,6,14,18,22,40,100,5,0,1,baseline.csv,20260425_204331
20250731-02,2025-07-31,2025,7,31,Thu,2,3,11,30,32,78,3,2,2,baseline.csv,20260425_204331
20250801-01,2025-08-01,2025,8,1,Fri,1,17,18,32,38,106,3,2,2,baseline.csv,20260425_204331
20250801-02,2025-08-01,2025,8,1,Fri,17,24,32,35,38,146,3,2,1,baseline.csv,20260425_204331
20250802-01,2025-08-02,2025,8,2,Sat,11,20,30,35,38,134,3,2,1,baseline.csv,20260425_204331
20250802-02,2025-08-02,2025,8,2,Sat,1,2,23,34,43,103,2,3,2,baseline.csv,20260425_204331
20250803-01,2025-08-03,2025,8,3,Sun,16,19,33,35,40,143,2,3,1,baseline.csv,20260425_204331
20250803-02,2025-08-03,2025,8,3,Sun,4,6,24,27,42,103,4,1,1,baseline.csv,20260425_204331
20250804-01,2025-08-04,2025,8,4,Mon,1,5,16,38,42,102,3,2,1,baseline.csv,20260425_204331
20250804-02,2025-08-04,2025,8,4,Mon,1,5,22,26,41,95,2,3,1,baseline.csv,20260425_204331
20250805-01,2025-08-05,2025,8,5,Tue,3,39,40,43,44,169,2,3,2,baseline.csv,20260425_204331
20250805-02,2025-08-05,2025,8,5,Tue,4,10,15,32,36,97,4,1,1,baseline.csv,20260425_204331
20250806-01,2025-08-06,2025,8,6,Wed,6,19,21,23,28,97,2,3,1,baseline.csv,20260425_204331
20250806-02,2025-08-06,2025,8,6,Wed,2,4,9,32,44,91,4,1,1,baseline.csv,20260425_204331
20250807-01,2025-08-07,2025,8,7,Thu,7,11,21,33,43,115,0,5,1,baseline.csv,20260425_204331
20250807-02,2025-08-07,2025,8,7,Thu,12,17,19,25,37,110,1,4,1,baseline.csv,20260425_204331
20250808-01,2025-08-08,2025,8,8,Fri,2,21,34,39,44,140,3,2,1,baseline.csv,20260425_204331
20250808-02,2025-08-08,2025,8,8,Fri,2,5,41,44,45,137,2,3,2,baseline.csv,20260425_204331
20250809-01,2025-08-09,2025,8,9,Sat,1,5,9,15,40,70,1,4,1,baseline.csv,20260425_204331
20250809-02,2025-08-09,2025,8,9,Sat,3,32,33,37,42,147,2,3,2,baseline.csv,20260425_204331
20250810-01,2025-08-10,2025,8,10,Sun,31,32,38,41,44,186,3,2,2,baseline.csv,20260425_204331
20250810-02,2025-08-10,2025,8,10,Sun,5,11,12,25,35,88,1,4,2,baseline.csv,20260425_204331
20250811-01,2025-08-11,2025,8,11,Mon,3,12,30,34,40,119,4,1,1,baseline.csv,20260425_204331
20250811-02,2025-08-11,2025,8,11,Mon,4,11,19,26,37,97,2,3,1,baseline.csv,20260425_204331
20250812-01,2025-08-12,2025,8,12,Tue,4,6,19,23,28,80,3,2,1,baseline.csv,20260425_204331
20250812-02,2025-08-12,2025,8,12,Tue,3,4,6,8,41,62,3,2,2,baseline.csv,20260425_204331
20250813-01,2025-08-13,2025,8,13,Wed,3,8,12,26,37,86,3,2,1,baseline.csv,20260425_204331
20250813-02,2025-08-13,2025,8,13,Wed,10,35,41,43,44,173,2,3,2,baseline.csv,20260425_204331
20250814-01,2025-08-14,2025,8,14,Thu,9,12,15,24,25,85,2,3,2,baseline.csv,20260425_204331
20250814-02,2025-08-14,2025,8,14,Thu,5,27,29,40,42,143,2,3,1,baseline.csv,20260425_204331
20250815-01,2025-08-15,2025,8,15,Fri,14,22,23,36,43,138,3,2,2,baseline.csv,20260425_204331
20250815-02,2025-08-15,2025,8,15,Fri,4,7,23,25,42,101,2,3,1,baseline.csv,20260425_204331
20250816-01,2025-08-16,2025,8,16,Sat,18,26,27,35,37,143,2,3,2,baseline.csv,20260425_204331
20250816-02,2025-08-16,2025,8,16,Sat,17,19,33,36,43,148,1,4,1,baseline.csv,20260425_204331
20250817-01,2025-08-17,2025,8,17,Sun,3,8,15,16,39,81,2,3,2,baseline.csv,20260425_204331
20250817-02,2025-08-17,2025,8,17,Sun,8,13,24,36,42,123,4,1,1,baseline.csv,20260425_204331
20250818-01,2025-08-18,2025,8,18,Mon,6,14,17,18,26,81,4,1,2,baseline.csv,20260425_204331
20250818-02,2025-08-18,2025,8,18,Mon,8,18,27,36,40,129,4,1,1,baseline.csv,20260425_204331
20250819-01,2025-08-19,2025,8,19,Tue,12,22,27,28,34,123,4,1,2,baseline.csv,20260425_204331
20250819-02,2025-08-19,2025,8,19,Tue,14,16,20,22,43,115,4,1,1,baseline.csv,20260425_204331
20250820-01,2025-08-20,2025,8,20,Wed,6,16,28,33,34,117,4,1,2,baseline.csv,20260425_204331
20250820-02,2025-08-20,2025,8,20,Wed,1,7,33,34,45,120,1,4,2,baseline.csv,20260425_204331
20250821-01,2025-08-21,2025,8,21,Thu,9,10,14,34,43,110,3,2,2,baseline.csv,20260425_204331
20250821-02,2025-08-21,2025,8,21,Thu,10,22,32,34,42,140,5,0,1,baseline.csv,20260425_204331
20250822-01,2025-08-22,2025,8,22,Fri,9,12,14,17,33,85,2,3,1,baseline.csv,20260425_204331
20250822-02,2025-08-22,2025,8,22,Fri,9,14,15,34,44,116,3,2,2,baseline.csv,20260425_204331
20250823-01,2025-08-23,2025,8,23,Sat,5,18,19,29,45,116,1,4,2,baseline.csv,20260425_204331
20250823-02,2025-08-23,2025,8,23,Sat,3,16,31,37,40,127,2,3,1,baseline.csv,20260425_204331
20250824-01,2025-08-24,2025,8,24,Sun,1,21,29,32,44,127,2,3,1,baseline.csv,20260425_204331
20250824-02,2025-08-24,2025,8,24,Sun,21,23,25,38,40,147,2,3,1,baseline.csv,20260425_204331
20250825-01,2025-08-25,2025,8,25,Mon,14,16,27,38,41,136,3,2,1,baseline.csv,20260425_204331
20250825-02,2025-08-25,2025,8,25,Mon,3,5,11,19,26,64,1,4,1,baseline.csv,20260425_204331
20250826-01,2025-08-26,2025,8,26,Tue,4,5,14,35,42,100,3,2,2,baseline.csv,20260425_204331
20250826-02,2025-08-26,2025,8,26,Tue,4,10,12,23,26,75,4,1,1,baseline.csv,20260425_204331
20250827-01,2025-08-27,2025,8,27,Wed,14,18,19,23,40,114,3,2,2,baseline.csv,20260425_204331
20250827-02,2025-08-27,2025,8,27,Wed,5,8,14,28,43,98,3,2,1,baseline.csv,20260425_204331
20250828-01,2025-08-28,2025,8,28,Thu,12,17,30,34,44,137,4,1,1,baseline.csv,20260425_204331
20250828-02,2025-08-28,2025,8,28,Thu,14,34,37,40,45,170,3,2,1,baseline.csv,20260425_204331
20250829-01,2025-08-29,2025,8,29,Fri,8,12,21,30,33,104,3,2,1,baseline.csv,20260425_204331
20250829-02,2025-08-29,2025,8,29,Fri,4,8,14,26,28,80,5,0,1,baseline.csv,20260425_204331
20250830-01,2025-08-30,2025,8,30,Sat,6,14,17,29,42,108,3,2,1,baseline.csv,20260425_204331
20250830-02,2025-08-30,2025,8,30,Sat,2,23,24,25,42,116,3,2,3,baseline.csv,20260425_204331
20250831-01,2025-08-31,2025,8,31,Sun,2,9,25,30,39,105,2,3,1,baseline.csv,20260425_204331
20250831-03,2025-08-31,2025,8,31,Sun,2,6,19,28,39,94,3,2,1,baseline.csv,20260425_204331
20250901-01,2025-09-01,2025,9,1,Mon,8,11,14,29,31,93,2,3,1,baseline.csv,20260425_204331
20250901-02,2025-09-01,2025,9,1,Mon,5,8,15,20,41,89,2,3,1,baseline.csv,20260425_204331
20250902-01,2025-09-02,2025,9,2,Tue,7,14,20,24,29,94,3,2,1,baseline.csv,20260425_204331
20250902-02,2025-09-02,2025,9,2,Tue,1,3,5,6,21,36,1,4,2,baseline.csv,20260425_204331
20250903-01,2025-09-03,2025,9,3,Wed,5,25,29,38,41,138,1,4,1,baseline.csv,20260425_204331
20250903-02,2025-09-03,2025,9,3,Wed,4,9,20,33,40,106,3,2,1,baseline.csv,20260425_204331
20250904-01,2025-09-04,2025,9,4,Thu,20,26,34,36,40,156,5,0,1,baseline.csv,20260425_204331
20250904-03,2025-09-04,2025,9,4,Thu,2,9,23,26,32,92,3,2,1,baseline.csv,20260425_204331
20250905-01,2025-09-05,2025,9,5,Fri,3,28,37,43,44,155,2,3,2,baseline.csv,20260425_204331
20250905-03,2025-09-05,2025,9,5,Fri,2,13,24,31,36,106,3,2,1,baseline.csv,20260425_204331
20250906-01,2025-09-06,2025,9,6,Sat,10,18,26,36,44,134,5,0,1,baseline.csv,20260425_204331
20250906-02,2025-09-06,2025,9,6,Sat,17,23,33,35,37,145,0,5,1,baseline.csv,20260425_204331
20250907-01,2025-09-07,2025,9,7,Sun,2,6,7,29,31,75,2,3,2,baseline.csv,20260425_204331
20250907-02,2025-09-07,2025,9,7,Sun,10,15,19,21,24,89,2,3,1,baseline.csv,20260425_204331
20250908-01,2025-09-08,2025,9,8,Mon,3,24,32,35,39,133,2,3,1,baseline.csv,20260425_204331
20250908-02,2025-09-08,2025,9,8,Mon,5,28,29,31,44,137,2,3,2,baseline.csv,20260425_204331
20250909-01,2025-09-09,2025,9,9,Tue,8,10,26,34,45,123,4,1,1,baseline.csv,20260425_204331
20250909-02,2025-09-09,2025,9,9,Tue,4,13,24,29,30,100,3,2,2,baseline.csv,20260425_204331
20250910-01,2025-09-10,2025,9,10,Wed,5,9,30,42,45,131,2,3,1,baseline.csv,20260425_204331
20250910-02,2025-09-10,2025,9,10,Wed,2,6,16,24,39,87,4,1,1,baseline.csv,20260425_204331
20250911-01,2025-09-11,2025,9,11,Thu,16,20,22,39,43,140,3,2,1,baseline.csv,20260425_204331
20250911-02,2025-09-11,2025,9,11,Thu,18,25,30,31,37,141,2,3,2,baseline.csv,20260425_204331
20250912-01,2025-09-12,2025,9,12,Fri,3,12,25,27,32,99,2,3,1,baseline.csv,20260425_204331
20250912-03,2025-09-12,2025,9,12,Fri,10,26,27,28,43,134,3,2,3,baseline.csv,20260425_204331
20250913-01,2025-09-13,2025,9,13,Sat,1,19,28,30,42,120,3,2,1,baseline.csv,20260425_204331
20250913-02,2025-09-13,2025,9,13,Sat,1,9,16,22,24,72,3,2,1,baseline.csv,20260425_204331
20250914-01,2025-09-14,2025,9,14,Sun,3,10,33,36,44,126,3,2,1,baseline.csv,20260425_204331
20250914-02,2025-09-14,2025,9,14,Sun,10,11,16,33,45,115,2,3,2,baseline.csv,20260425_204331
20250915-01,2025-09-15,2025,9,15,Mon,1,12,13,28,41,95,2,3,2,baseline.csv,20260425_204331
20250915-02,2025-09-15,2025,9,15,Mon,1,11,13,19,28,72,1,4,1,baseline.csv,20260425_204331
20250916-01,2025-09-16,2025,9,16,Tue,6,25,39,40,44,154,3,2,2,baseline.csv,20260425_204331
20250916-02,2025-09-16,2025,9,16,Tue,11,21,33,34,37,136,1,4,2,baseline.csv,20260425_204331
20250917-01,2025-09-17,2025,9,17,Wed,12,18,22,43,44,139,4,1,2,baseline.csv,20260425_204331
20250917-02,2025-09-17,2025,9,17,Wed,1,3,26,38,43,111,2,3,1,baseline.csv,20260425_204331
20250918-01,2025-09-18,2025,9,18,Thu,4,7,17,20,34,82,3,2,1,baseline.csv,20260425_204331
20250918-02,2025-09-18,2025,9,18,Thu,3,5,15,32,44,99,2,3,1,baseline.csv,20260425_204331
20250919-01,2025-09-19,2025,9,19,Fri,14,15,27,30,45,131,2,3,2,baseline.csv,20260425_204331
20250919-02,2025-09-19,2025,9,19,Fri,13,16,17,37,43,126,1,4,2,baseline.csv,20260425_204331
20250920-01,2025-09-20,2025,9,20,Sat,12,16,20,31,36,115,4,1,1,baseline.csv,20260425_204331
20250920-02,2025-09-20,2025,9,20,Sat,10,12,18,29,37,106,3,2,1,baseline.csv,20260425_204331
20250921-01,2025-09-21,2025,9,21,Sun,4,6,7,8,12,37,4,1,3,baseline.csv,20260425_204331
20250921-03,2025-09-21,2025,9,21,Sun,6,11,29,31,36,113,2,3,1,baseline.csv,20260425_204331
20250922-01,2025-09-22,2025,9,22,Mon,8,16,26,29,34,113,4,1,1,baseline.csv,20260425_204331
20250922-02,2025-09-22,2025,9,22,Mon,3,12,15,18,42,90,3,2,1,baseline.csv,20260425_204331
20250923-01,2025-09-23,2025,9,23,Tue,16,25,35,36,38,150,3,2,2,baseline.csv,20260425_204331
20250923-02,2025-09-23,2025,9,23,Tue,2,8,13,19,43,85,2,3,1,baseline.csv,20260425_204331
20250924-01,2025-09-24,2025,9,24,Wed,4,12,25,27,31,99,2,3,1,baseline.csv,20260425_204331
20250924-02,2025-09-24,2025,9,24,Wed,1,3,10,15,27,56,1,4,1,baseline.csv,20260425_204331
20250925-01,2025-09-25,2025,9,25,Thu,1,13,27,28,41,110,1,4,2,baseline.csv,20260425_204331
20250925-02,2025-09-25,2025,9,25,Thu,4,8,30,37,41,120,3,2,1,baseline.csv,20260425_204331
20250926-01,2025-09-26,2025,9,26,Fri,23,26,28,41,43,161,2,3,1,baseline.csv,20260425_204331
20250926-02,2025-09-26,2025,9,26,Fri,13,21,28,30,41,133,2,3,1,baseline.csv,20260425_204331
20250927-01,2025-09-27,2025,9,27,Sat,11,13,14,21,26,85,2,3,2,baseline.csv,20260425_204331
20250927-02,2025-09-27,2025,9,27,Sat,3,4,6,26,28,67,4,1,2,baseline.csv,20260425_204331
20250928-01,2025-09-28,2025,9,28,Sun,6,7,9,18,32,72,3,2,2,baseline.csv,20260425_204331
20250928-02,2025-09-28,2025,9,28,Sun,12,30,37,40,43,162,3,2,1,baseline.csv,20260425_204331
20250929-01,2025-09-29,2025,9,29,Mon,10,17,18,19,45,109,2,3,3,baseline.csv,20260425_204331
20250929-02,2025-09-29,2025,9,29,Mon,5,8,12,22,45,92,3,2,1,baseline.csv,20260425_204331
20250930-01,2025-09-30,2025,9,30,Tue,3,8,34,36,41,122,3,2,1,baseline.csv,20260425_204331
20250930-02,2025-09-30,2025,9,30,Tue,6,23,26,33,38,126,3,2,1,baseline.csv,20260425_204331
20251001-01,2025-10-01,2025,10,1,Wed,12,15,19,27,37,110,1,4,1,baseline.csv,20260425_204331
20251001-02,2025-10-01,2025,10,1,Wed,18,22,25,28,31,124,3,2,1,baseline.csv,20260425_204331
20251002-01,2025-10-02,2025,10,2,Thu,17,21,23,31,39,131,0,5,1,baseline.csv,20260425_204331
20251002-02,2025-10-02,2025,10,2,Thu,17,21,26,31,42,137,2,3,1,baseline.csv,20260425_204331
20251003-01,2025-10-03,2025,10,3,Fri,10,21,31,38,41,141,2,3,1,baseline.csv,20260425_204331
20251003-03,2025-10-03,2025,10,3,Fri,4,21,22,32,44,123,4,1,2,baseline.csv,20260425_204331
20251004-01,2025-10-04,2025,10,4,Sat,2,4,8,18,23,55,4,1,1,baseline.csv,20260425_204331
20251004-02,2025-10-04,2025,10,4,Sat,17,28,30,40,43,158,3,2,1,baseline.csv,20260425_204331
20251005-01,2025-10-05,2025,10,5,Sun,2,3,17,30,32,84,3,2,2,baseline.csv,20260425_204331
20251005-02,2025-10-05,2025,10,5,Sun,1,10,20,23,42,96,3,2,1,baseline.csv,20260425_204331
20251006-01,2025-10-06,2025,10,6,Mon,11,14,19,29,36,109,2,3,1,baseline.csv,20260425_204331
20251006-02,2025-10-06,2025,10,6,Mon,2,20,27,29,31,109,2,3,1,baseline.csv,20260425_204331
20251007-01,2025-10-07,2025,10,7,Tue,10,12,18,19,45,104,3,2,2,baseline.csv,20260425_204331
20251007-02,2025-10-07,2025,10,7,Tue,6,12,18,34,37,107,4,1,1,baseline.csv,20260425_204331
20251008-01,2025-10-08,2025,10,8,Wed,8,10,12,14,21,65,4,1,1,baseline.csv,20260425_204331
20251008-02,2025-10-08,2025,10,8,Wed,9,14,31,32,41,127,2,3,2,baseline.csv,20260425_204331
20251009-01,2025-10-09,2025,10,9,Thu,2,17,21,24,34,98,3,2,1,baseline.csv,20260425_204331
20251009-02,2025-10-09,2025,10,9,Thu,1,9,10,18,44,82,3,2,2,baseline.csv,20260425_204331
20251010-01,2025-10-10,2025,10,10,Fri,1,9,12,19,23,64,1,4,1,baseline.csv,20260425_204331
20251010-02,2025-10-10,2025,10,10,Fri,2,16,18,37,44,117,4,1,1,baseline.csv,20260425_204331
20251011-01,2025-10-11,2025,10,11,Sat,7,15,18,41,44,125,2,3,1,baseline.csv,20260425_204331
20251011-03,2025-10-11,2025,10,11,Sat,2,21,35,42,45,145,2,3,1,baseline.csv,20260425_204331
20251012-01,2025-10-12,2025,10,12,Sun,7,14,29,42,45,137,2,3,1,baseline.csv,20260425_204331
20251012-02,2025-10-12,2025,10,12,Sun,5,6,11,35,36,93,2,3,2,baseline.csv,20260425_204331
20251013-01,2025-10-13,2025,10,13,Mon,2,13,20,32,39,106,3,2,1,baseline.csv,20260425_204331
20251013-02,2025-10-13,2025,10,13,Mon,3,18,21,30,38,110,3,2,1,baseline.csv,20260425_204331
20251014-01,2025-10-14,2025,10,14,Tue,9,13,17,30,35,104,1,4,1,baseline.csv,20260425_204331
20251014-02,2025-10-14,2025,10,14,Tue,17,28,30,33,38,146,3,2,1,baseline.csv,20260425_204331
20251015-01,2025-10-15,2025,10,15,Wed,15,17,19,22,28,101,2,3,1,baseline.csv,20260425_204331
20251015-02,2025-10-15,2025,10,15,Wed,5,21,27,31,41,125,0,5,1,baseline.csv,20260425_204331
20251016-01,2025-10-16,2025,10,16,Thu,5,8,18,20,34,85,4,1,1,baseline.csv,20260425_204331
20251016-02,2025-10-16,2025,10,16,Thu,2,4,6,19,35,66,3,2,1,baseline.csv,20260425_204331
20251017-01,2025-10-17,2025,10,17,Fri,16,21,22,26,42,127,4,1,2,baseline.csv,20260425_204331
20251017-02,2025-10-17,2025,10,17,Fri,9,24,32,41,44,150,3,2,1,baseline.csv,20260425_204331
20251018-01,2025-10-18,2025,10,18,Sat,4,6,25,35,45,115,2,3,1,baseline.csv,20260425_204331
20251018-02,2025-10-18,2025,10,18,Sat,12,16,31,39,43,141,2,3,1,baseline.csv,20260425_204331
20251019-01,2025-10-19,2025,10,19,Sun,2,10,14,17,19,62,3,2,1,baseline.csv,20260425_204331
20251019-02,2025-10-19,2025,10,19,Sun,3,4,16,34,44,101,4,1,2,baseline.csv,20260425_204331
20251020-01,2025-10-20,2025,10,20,Mon,8,11,12,18,23,72,3,2,2,baseline.csv,20260425_204331
20251020-02,2025-10-20,2025,10,20,Mon,8,11,18,40,45,122,3,2,1,baseline.csv,20260425_204331
20251021-01,2025-10-21,2025,10,21,Tue,14,28,41,42,44,169,4,1,2,baseline.csv,20260425_204331
20251021-02,2025-10-21,2025,10,21,Tue,8,22,34,40,41,145,4,1,2,baseline.csv,20260425_204331
20251022-01,2025-10-22,2025,10,22,Wed,9,18,21,37,43,128,1,4,1,baseline.csv,20260425_204331
20251022-02,2025-10-22,2025,10,22,Wed,1,15,30,33,38,117,2,3,1,baseline.csv,20260425_204331
20251023-01,2025-10-23,2025,10,23,Thu,1,6,9,26,34,76,3,2,1,baseline.csv,20260425_204331
20251023-02,2025-10-23,2025,10,23,Thu,7,12,16,25,43,103,2,3,1,baseline.csv,20260425_204331
20251024-01,2025-10-24,2025,10,24,Fri,11,16,21,27,45,120,1,4,1,baseline.csv,20260425_204331
20251024-02,2025-10-24,2025,10,24,Fri,10,29,31,41,44,155,2,3,1,baseline.csv,20260425_204331
20251025-01,2025-10-25,2025,10,25,Sat,11,32,38,40,45,166,3,2,1,baseline.csv,20260425_204331
20251025-03,2025-10-25,2025,10,25,Sat,3,4,20,21,26,74,3,2,2,baseline.csv,20260425_204331
20251026-01,2025-10-26,2025,10,26,Sun,6,15,19,32,36,108,3,2,1,baseline.csv,20260425_204331
20251026-02,2025-10-26,2025,10,26,Sun,2,6,13,26,34,81,4,1,1,baseline.csv,20260425_204331
20251027-01,2025-10-27,2025,10,27,Mon,17,20,29,31,36,133,2,3,1,baseline.csv,20260425_204331
20251027-02,2025-10-27,2025,10,27,Mon,1,6,7,9,18,41,2,3,2,baseline.csv,20260425_204331
20251028-01,2025-10-28,2025,10,28,Tue,3,6,19,24,34,86,3,2,1,baseline.csv,20260425_204331
20251028-02,2025-10-28,2025,10,28,Tue,4,5,7,21,28,65,2,3,2,baseline.csv,20260425_204331
20251029-01,2025-10-29,2025,10,29,Wed,2,6,14,31,40,93,4,1,1,baseline.csv,20260425_204331
20251029-02,2025-10-29,2025,10,29,Wed,15,17,23,31,34,120,1,4,1,baseline.csv,20260425_204331
20251030-01,2025-10-30,2025,10,30,Thu,4,5,17,30,41,97,2,3,2,baseline.csv,20260425_204331
20251030-02,2025-10-30,2025,10,30,Thu,17,30,35,39,44,165,2,3,1,baseline.csv,20260425_204331
20251031-01,2025-10-31,2025,10,31,Fri,10,13,16,28,40,107,4,1,1,baseline.csv,20260425_204331
20251031-03,2025-10-31,2025,10,31,Fri,5,18,29,32,38,122,3,2,1,baseline.csv,20260425_204331
20251101-01,2025-11-01,2025,11,1,Sat,1,2,4,7,19,33,2,3,2,baseline.csv,20260425_204331
20251101-02,2025-11-01,2025,11,1,Sat,13,14,18,21,25,91,2,3,2,baseline.csv,20260425_204331
20251102-01,2025-11-02,2025,11,2,Sun,3,13,18,32,44,110,3,2,1,baseline.csv,20260425_204331
20251102-02,2025-11-02,2025,11,2,Sun,8,19,39,40,42,148,3,2,2,baseline.csv,20260425_204331
20251103-01,2025-11-03,2025,11,3,Mon,9,22,30,41,45,147,2,3,1,baseline.csv,20260425_204331
20251103-02,2025-11-03,2025,11,3,Mon,6,13,21,23,28,91,2,3,1,baseline.csv,20260425_204331
20251104-01,2025-11-04,2025,11,4,Tue,5,33,34,35,39,146,1,4,3,baseline.csv,20260425_204331
20251104-02,2025-11-04,2025,11,4,Tue,8,22,23,27,40,120,3,2,2,baseline.csv,20260425_204331
20251105-01,2025-11-05,2025,11,5,Wed,5,21,23,27,40,116,1,4,1,baseline.csv,20260425_204331
20251105-02,2025-11-05,2025,11,5,Wed,2,17,29,31,40,119,2,3,1,baseline.csv,20260425_204331
20251106-01,2025-11-06,2025,11,6,Thu,6,18,23,34,36,117,4,1,1,baseline.csv,20260425_204331
20251106-02,2025-11-06,2025,11,6,Thu,30,31,34,40,43,178,3,2,2,baseline.csv,20260425_204331
20251107-01,2025-11-07,2025,11,7,Fri,3,9,16,20,25,73,2,3,1,baseline.csv,20260425_204331
20251107-03,2025-11-07,2025,11,7,Fri,9,10,15,18,40,92,3,2,2,baseline.csv,20260425_204331
20251108-01,2025-11-08,2025,11,8,Sat,25,28,33,34,44,164,3,2,2,baseline.csv,20260425_204331
20251108-02,2025-11-08,2025,11,8,Sat,15,16,27,31,43,132,1,4,2,baseline.csv,20260425_204331
20251109-01,2025-11-09,2025,11,9,Sun,7,18,23,44,45,137,2,3,2,baseline.csv,20260425_204331
20251109-02,2025-11-09,2025,11,9,Sun,3,10,12,14,28,67,4,1,1,baseline.csv,20260425_204331
20251110-01,2025-11-10,2025,11,10,Mon,12,16,18,35,37,118,3,2,1,baseline.csv,20260425_204331
20251110-02,2025-11-10,2025,11,10,Mon,9,11,38,40,42,140,3,2,1,baseline.csv,20260425_204331
20251111-01,2025-11-11,2025,11,11,Tue,1,8,17,20,42,88,3,2,1,baseline.csv,20260425_204331
20251111-02,2025-11-11,2025,11,11,Tue,6,12,13,15,25,71,2,3,2,baseline.csv,20260425_204331
20251112-01,2025-11-12,2025,11,12,Wed,10,29,35,41,45,160,1,4,1,baseline.csv,20260425_204331
20251112-02,2025-11-12,2025,11,12,Wed,16,23,25,35,39,138,1,4,1,baseline.csv,20260425_204331
20251113-01,2025-11-13,2025,11,13,Thu,16,20,22,24,38,120,5,0,1,baseline.csv,20260425_204331
20251113-03,2025-11-13,2025,11,13,Thu,16,27,34,37,39,153,2,3,1,baseline.csv,20260425_204331
20251114-01,2025-11-14,2025,11,14,Fri,11,26,30,38,45,150,3,2,1,baseline.csv,20260425_204331
20251114-02,2025-11-14,2025,11,14,Fri,12,21,27,35,43,138,1,4,1,baseline.csv,20260425_204331
20251115-01,2025-11-15,2025,11,15,Sat,8,10,12,33,40,103,4,1,1,baseline.csv,20260425_204331
20251115-02,2025-11-15,2025,11,15,Sat,7,9,11,26,35,88,1,4,1,baseline.csv,20260425_204331
20251116-01,2025-11-16,2025,11,16,Sun,2,11,15,21,28,77,2,3,1,baseline.csv,20260425_204331
20251116-02,2025-11-16,2025,11,16,Sun,2,8,19,26,28,83,4,1,1,baseline.csv,20260425_204331
20251117-01,2025-11-17,2025,11,17,Mon,7,8,31,34,40,120,3,2,2,baseline.csv,20260425_204331
20251117-03,2025-11-17,2025,11,17,Mon,5,6,24,33,39,107,2,3,2,baseline.csv,20260425_204331
20251118-01,2025-11-18,2025,11,18,Tue,1,2,10,14,30,57,4,1,2,baseline.csv,20260425_204331
20251118-02,2025-11-18,2025,11,18,Tue,2,7,41,42,44,136,3,2,2,baseline.csv,20260425_204331
20251119-01,2025-11-19,2025,11,19,Wed,2,6,12,36,41,97,4,1,1,baseline.csv,20260425_204331
20251119-02,2025-11-19,2025,11,19,Wed,8,23,32,40,41,144,3,2,2,baseline.csv,20260425_204331
20251120-01,2025-11-20,2025,11,20,Thu,6,26,31,44,45,152,3,2,2,baseline.csv,20260425_204331
20251120-02,2025-11-20,2025,11,20,Thu,27,28,32,36,37,160,3,2,2,baseline.csv,20260425_204331
20251121-01,2025-11-21,2025,11,21,Fri,9,16,21,22,45,113,2,3,2,baseline.csv,20260425_204331
20251121-02,2025-11-21,2025,11,21,Fri,2,9,16,37,39,103,2,3,1,baseline.csv,20260425_204331
20251122-01,2025-11-22,2025,11,22,Sat,7,9,14,33,36,99,2,3,1,baseline.csv,20260425_204331
20251122-02,2025-11-22,2025,11,22,Sat,21,24,25,30,36,136,3,2,2,baseline.csv,20260425_204331
20251123-01,2025-11-23,2025,11,23,Sun,15,23,27,30,39,134,1,4,1,baseline.csv,20260425_204331
20251123-02,2025-11-23,2025,11,23,Sun,1,7,29,33,41,111,0,5,1,baseline.csv,20260425_204331
20251124-01,2025-11-24,2025,11,24,Mon,8,21,23,25,37,114,1,4,1,baseline.csv,20260425_204331
20251124-02,2025-11-24,2025,11,24,Mon,5,7,24,35,36,107,2,3,2,baseline.csv,20260425_204331
20251125-01,2025-11-25,2025,11,25,Tue,24,27,29,42,43,165,2,3,2,baseline.csv,20260425_204331
20251125-02,2025-11-25,2025,11,25,Tue,5,8,18,24,40,95,4,1,1,baseline.csv,20260425_204331
20251126-01,2025-11-26,2025,11,26,Wed,2,8,10,29,35,84,3,2,1,baseline.csv,20260425_204331
20251126-02,2025-11-26,2025,11,26,Wed,2,4,5,11,25,47,2,3,2,baseline.csv,20260425_204331
20251127-01,2025-11-27,2025,11,27,Thu,10,12,19,36,42,119,4,1,1,baseline.csv,20260425_204331
20251127-02,2025-11-27,2025,11,27,Thu,6,7,9,19,41,82,1,4,2,baseline.csv,20260425_204331
20251128-01,2025-11-28,2025,11,28,Fri,1,4,16,36,41,98,3,2,1,baseline.csv,20260425_204331
20251128-02,2025-11-28,2025,11,28,Fri,7,12,22,37,45,123,2,3,1,baseline.csv,20260425_204331
20251129-01,2025-11-29,2025,11,29,Sat,3,21,22,38,41,125,2,3,2,baseline.csv,20260425_204331
20251129-02,2025-11-29,2025,11,29,Sat,8,16,32,43,44,143,4,1,2,baseline.csv,20260425_204331
20251130-01,2025-11-30,2025,11,30,Sun,5,6,15,29,37,92,1,4,2,baseline.csv,20260425_204331
20251130-02,2025-11-30,2025,11,30,Sun,12,16,22,26,45,121,4,1,1,baseline.csv,20260425_204331
20251201-01,2025-12-01,2025,12,1,Mon,2,5,19,24,32,82,3,2,1,baseline.csv,20260425_204331
20251201-02,2025-12-01,2025,12,1,Mon,7,9,23,27,39,105,0,5,1,baseline.csv,20260425_204331
20251202-01,2025-12-02,2025,12,2,Tue,15,19,31,34,42,141,2,3,1,baseline.csv,20260425_204331
20251202-02,2025-12-02,2025,12,2,Tue,8,16,25,26,33,108,3,2,2,baseline.csv,20260425_204331
20251203-01,2025-12-03,2025,12,3,Wed,4,6,7,26,43,86,3,2,2,baseline.csv,20260425_204331
20251203-02,2025-12-03,2025,12,3,Wed,2,6,20,23,33,84,3,2,1,baseline.csv,20260425_204331
20251204-01,2025-12-04,2025,12,4,Thu,10,19,26,27,33,115,2,3,2,baseline.csv,20260425_204331
20251204-02,2025-12-04,2025,12,4,Thu,2,6,27,34,40,109,4,1,1,baseline.csv,20260425_204331
20251205-01,2025-12-05,2025,12,5,Fri,6,14,25,26,44,115,4,1,2,baseline.csv,20260425_204331
20251205-02,2025-12-05,2025,12,5,Fri,8,25,36,37,45,151,2,3,2,baseline.csv,20260425_204331
20251206-01,2025-12-06,2025,12,6,Sat,2,18,19,22,24,85,4,1,2,baseline.csv,20260425_204331
20251206-02,2025-12-06,2025,12,6,Sat,9,13,16,30,45,113,2,3,1,baseline.csv,20260425_204331
20251207-01,2025-12-07,2025,12,7,Sun,7,20,28,35,41,131,2,3,1,baseline.csv,20260425_204331
20251207-02,2025-12-07,2025,12,7,Sun,17,26,27,44,45,159,2,3,2,baseline.csv,20260425_204331
20251208-01,2025-12-08,2025,12,8,Mon,20,24,32,36,38,150,5,0,1,baseline.csv,20260425_204331
20251208-02,2025-12-08,2025,12,8,Mon,4,12,28,31,40,115,4,1,1,baseline.csv,20260425_204331
20251209-01,2025-12-09,2025,12,9,Tue,1,6,21,25,30,83,2,3,1,baseline.csv,20260425_204331
20251209-02,2025-12-09,2025,12,9,Tue,7,19,34,36,43,139,2,3,1,baseline.csv,20260425_204331
20251210-01,2025-12-10,2025,12,10,Wed,3,15,17,20,30,85,2,3,1,baseline.csv,20260425_204331
20251210-02,2025-12-10,2025,12,10,Wed,2,7,15,19,21,64,1,4,1,baseline.csv,20260425_204331
20251211-01,2025-12-11,2025,12,11,Thu,10,19,25,30,36,120,3,2,1,baseline.csv,20260425_204331
20251211-02,2025-12-11,2025,12,11,Thu,2,5,16,19,22,64,3,2,1,baseline.csv,20260425_204331
20251212-01,2025-12-12,2025,12,12,Fri,12,18,23,24,30,107,4,1,2,baseline.csv,20260425_204331
20251212-02,2025-12-12,2025,12,12,Fri,8,29,40,44,45,166,3,2,2,baseline.csv,20260425_204331
20251213-01,2025-12-13,2025,12,13,Sat,4,13,15,30,43,105,2,3,1,baseline.csv,20260425_204331
20251213-02,2025-12-13,2025,12,13,Sat,4,11,18,20,29,82,3,2,1,baseline.csv,20260425_204331
20251214-01,2025-12-14,2025,12,14,Sun,9,11,14,25,36,95,2,3,1,baseline.csv,20260425_204331
20251214-02,2025-12-14,2025,12,14,Sun,14,24,25,28,45,136,3,2,2,baseline.csv,20260425_204331
20251215-01,2025-12-15,2025,12,15,Mon,9,10,17,31,45,112,1,4,2,baseline.csv,20260425_204331
20251215-02,2025-12-15,2025,12,15,Mon,7,14,18,25,32,96,3,2,1,baseline.csv,20260425_204331
20251216-01,2025-12-16,2025,12,16,Tue,8,17,31,41,45,142,1,4,1,baseline.csv,20260425_204331
20251216-02,2025-12-16,2025,12,16,Tue,10,23,25,26,37,121,2,3,2,baseline.csv,20260425_204331
20251217-01,2025-12-17,2025,12,17,Wed,1,11,15,24,43,94,1,4,1,baseline.csv,20260425_204331
20251217-02,2025-12-17,2025,12,17,Wed,13,31,36,40,44,164,3,2,1,baseline.csv,20260425_204331
20251218-01,2025-12-18,2025,12,18,Thu,4,9,17,28,29,87,2,3,2,baseline.csv,20260425_204331
20251218-02,2025-12-18,2025,12,18,Thu,4,23,32,34,39,132,3,2,1,baseline.csv,20260425_204331
20251219-01,2025-12-19,2025,12,19,Fri,9,10,32,40,43,134,3,2,2,baseline.csv,20260425_204331
20251219-02,2025-12-19,2025,12,19,Fri,20,26,29,37,42,154,3,2,1,baseline.csv,20260425_204331
20251220-01,2025-12-20,2025,12,20,Sat,3,5,23,31,39,101,0,5,1,baseline.csv,20260425_204331
20251220-02,2025-12-20,2025,12,20,Sat,8,11,17,22,29,87,2,3,1,baseline.csv,20260425_204331
20251221-01,2025-12-21,2025,12,21,Sun,14,15,17,36,43,125,2,3,2,baseline.csv,20260425_204331
20251221-02,2025-12-21,2025,12,21,Sun,8,12,25,33,38,116,3,2,1,baseline.csv,20260425_204331
20251222-01,2025-12-22,2025,12,22,Mon,13,17,19,21,30,100,1,4,1,baseline.csv,20260425_204331
20251222-02,2025-12-22,2025,12,22,Mon,6,9,13,22,38,88,3,2,1,baseline.csv,20260425_204331
20251223-01,2025-12-23,2025,12,23,Tue,3,5,12,28,39,87,2,3,1,baseline.csv,20260425_204331
20251223-02,2025-12-23,2025,12,23,Tue,7,19,25,33,43,127,0,5,1,baseline.csv,20260425_204331
20251224-01,2025-12-24,2025,12,24,Wed,4,17,28,43,44,136,3,2,2,baseline.csv,20260425_204331
20251224-02,2025-12-24,2025,12,24,Wed,18,20,23,31,42,134,3,2,1,baseline.csv,20260425_204331
20251225-01,2025-12-25,2025,12,25,Thu,4,10,12,30,31,87,4,1,2,baseline.csv,20260425_204331
20251225-02,2025-12-25,2025,12,25,Thu,1,27,28,34,41,131,2,3,2,baseline.csv,20260425_204331
20251226-01,2025-12-26,2025,12,26,Fri,1,12,18,39,42,112,3,2,1,baseline.csv,20260425_204331
20251226-02,2025-12-26,2025,12,26,Fri,10,25,32,39,45,151,2,3,1,baseline.csv,20260425_204331
20251227-01,2025-12-27,2025,12,27,Sat,4,5,23,34,44,110,3,2,2,baseline.csv,20260425_204331
20251227-02,2025-12-27,2025,12,27,Sat,3,8,23,27,33,94,1,4,1,baseline.csv,20260425_204331
20251228-01,2025-12-28,2025,12,28,Sun,1,14,29,31,41,116,1,4,1,baseline.csv,20260425_204331
20251228-02,2025-12-28,2025,12,28,Sun,8,9,23,27,44,111,2,3,2,baseline.csv,20260425_204331
20251229-01,2025-12-29,2025,12,29,Mon,9,15,21,23,29,97,0,5,1,baseline.csv,20260425_204331
20251229-02,2025-12-29,2025,12,29,Mon,1,3,6,11,30,51,2,3,1,baseline.csv,20260425_204331
20251230-01,2025-12-30,2025,12,30,Tue,7,8,9,41,43,108,1,4,3,baseline.csv,20260425_204331
20251230-02,2025-12-30,2025,12,30,Tue,15,17,23,43,44,142,1,4,2,baseline.csv,20260425_204331
20251231-01,2025-12-31,2025,12,31,Wed,1,10,34,41,42,128,3,2,2,baseline.csv,20260425_204331
20251231-02,2025-12-31,2025,12,31,Wed,5,6,9,26,41,87,2,3,2,baseline.csv,20260425_204331
20260101-01,2026-01-01,2026,1,1,Thu,3,12,29,33,39,116,1,4,1,baseline.csv,20260425_204331
20260101-02,2026-01-01,2026,1,1,Thu,3,13,35,38,42,131,2,3,1,baseline.csv,20260425_204331
20260102-01,2026-01-02,2026,1,2,Fri,16,26,35,40,43,160,3,2,1,baseline.csv,20260425_204331
20260102-02,2026-01-02,2026,1,2,Fri,28,32,37,39,45,181,2,3,1,baseline.csv,20260425_204331
20260103-01,2026-01-03,2026,1,3,Sat,8,9,12,29,35,93,2,3,2,baseline.csv,20260425_204331
20260103-04,2026-01-03,2026,1,3,Saturday,2,6,8,32,38,86,5,0,1,23.html,20260425_204334
20260104-02,2026-01-04,2026,1,4,Sunday,19,28,30,40,42,159,4,1,1,23.html,20260425_204333
20260104-03,2026-01-04,2026,1,4,Sunday,8,15,22,26,27,98,3,2,2,23.html,20260425_204333
20260105-01,2026-01-05,2026,1,5,Monday,4,6,23,30,41,104,3,2,1,23.html,20260425_204333
20260105-10,2026-01-05,2026,1,5,Monday,2,16,20,24,33,95,4,1,1,22.html,20260425_204333
20260106-08,2026-01-06,2026,1,6,Tuesday,2,14,19,22,30,87,4,1,1,22.html,20260425_204333
20260106-09,2026-01-06,2026,1,6,Tuesday,6,12,19,37,44,118,3,2,1,22.html,20260425_204333
20260107-06,2026-01-07,2026,1,7,Wednesday,2,4,6,27,39,78,3,2,1,22.html,20260425_204333
20260107-07,2026-01-07,2026,1,7,Wednesday,12,14,37,42,45,150,3,2,1,22.html,20260425_204333
20260108-04,2026-01-08,2026,1,8,Thursday,12,19,33,43,45,152,1,4,1,22.html,20260425_204333
20260108-05,2026-01-08,2026,1,8,Thursday,4,5,6,10,19,44,3,2,3,22.html,20260425_204333
20260109-02,2026-01-09,2026,1,9,Friday,3,8,9,10,28,58,3,2,3,22.html,20260425_204333
20260109-03,2026-01-09,2026,1,9,Friday,8,18,23,40,42,131,4,1,1,22.html,20260425_204333
20260110-01,2026-01-10,2026,1,10,Saturday,13,16,17,20,37,103,2,3,2,22.html,20260425_204333
20260110-10,2026-01-10,2026,1,10,Saturday,5,9,28,35,41,118,1,4,1,21.html,20260425_204333
20260111-08,2026-01-11,2026,1,11,Sunday,10,34,38,41,43,166,3,2,1,21.html,20260425_204333
20260111-09,2026-01-11,2026,1,11,Sunday,3,9,18,35,43,108,1,4,1,21.html,20260425_204333
20260112-06,2026-01-12,2026,1,12,Monday,4,25,31,34,45,139,2,3,1,21.html,20260425_204333
20260112-07,2026-01-12,2026,1,12,Monday,22,26,33,37,45,163,2,3,1,21.html,20260425_204333
20260113-04,2026-01-13,2026,1,13,Tuesday,17,19,20,41,44,141,2,3,2,21.html,20260425_204333
20260113-05,2026-01-13,2026,1,13,Tuesday,7,11,33,42,45,138,1,4,1,21.html,20260425_204333
20260114-02,2026-01-14,2026,1,14,Wednesday,3,6,25,26,27,87,2,3,3,21.html,20260425_204333
20260114-03,2026-01-14,2026,1,14,Wednesday,2,10,12,30,33,87,4,1,1,21.html,20260425_204333
20260115-01,2026-01-15,2026,1,15,Thursday,15,19,23,28,34,119,2,3,1,21.html,20260425_204333
20260115-10,2026-01-15,2026,1,15,Thursday,1,17,29,37,40,124,1,4,1,20.html,20260425_204333
20260116-08,2026-01-16,2026,1,16,Friday,8,10,23,29,37,107,2,3,1,20.html,20260425_204333
20260116-09,2026-01-16,2026,1,16,Friday,25,28,29,32,43,157,2,3,2,20.html,20260425_204333
20260117-06,2026-01-17,2026,1,17,Saturday,15,18,27,31,32,123,2,3,2,20.html,20260425_204333
20260117-07,2026-01-17,2026,1,17,Saturday,7,13,37,39,43,139,0,5,1,20.html,20260425_204333
20260118-04,2026-01-18,2026,1,18,Sunday,2,6,17,20,22,67,4,1,1,20.html,20260425_204333
20260118-05,2026-01-18,2026,1,18,Sunday,7,8,13,14,40,82,3,2,2,20.html,20260425_204333
20260119-02,2026-01-19,2026,1,19,Monday,2,19,29,30,43,123,2,3,2,20.html,20260425_204333
20260119-03,2026-01-19,2026,1,19,Monday,2,12,26,39,40,119,4,1,2,20.html,20260425_204333
20260120-01,2026-01-20,2026,1,20,Tuesday,6,11,33,42,43,135,2,3,2,20.html,20260425_204333
20260120-10,2026-01-20,2026,1,20,Tuesday,12,26,33,36,43,150,3,2,1,19.html,20260425_204333
20260121-08,2026-01-21,2026,1,21,Wednesday,8,21,28,38,39,134,3,2,2,19.html,20260425_204333
20260121-09,2026-01-21,2026,1,21,Wednesday,10,11,20,27,40,108,3,2,2,19.html,20260425_204333
20260122-06,2026-01-22,2026,1,22,Thursday,2,3,7,13,37,62,1,4,2,19.html,20260425_204333
20260122-07,2026-01-22,2026,1,22,Thursday,2,11,29,31,44,117,2,3,1,19.html,20260425_204333
20260123-04,2026-01-23,2026,1,23,Friday,10,12,14,19,41,96,3,2,1,19.html,20260425_204333
20260123-05,2026-01-23,2026,1,23,Friday,4,19,21,26,43,113,2,3,1,19.html,20260425_204333
20260124-02,2026-01-24,2026,1,24,Saturday,2,18,31,36,43,130,3,2,1,19.html,20260425_204333
20260124-03,2026-01-24,2026,1,24,Saturday,4,6,10,12,15,47,4,1,1,19.html,20260425_204333
20260125-01,2026-01-25,2026,1,25,Sunday,21,22,34,42,44,163,4,1,2,19.html,20260425_204333
20260125-10,2026-01-25,2026,1,25,Sunday,2,9,17,19,22,69,2,3,1,18.html,20260425_204333
20260126-08,2026-01-26,2026,1,26,Monday,3,21,23,34,36,117,2,3,1,18.html,20260425_204333
20260126-09,2026-01-26,2026,1,26,Monday,7,18,22,29,35,111,2,3,1,18.html,20260425_204333
20260127-06,2026-01-27,2026,1,27,Tuesday,4,29,33,34,35,135,2,3,3,18.html,20260425_204333
20260127-07,2026-01-27,2026,1,27,Tuesday,9,26,40,41,44,160,3,2,2,18.html,20260425_204333
20260128-04,2026-01-28,2026,1,28,Wednesday,2,10,17,29,38,96,3,2,1,18.html,20260425_204333
20260128-05,2026-01-28,2026,1,28,Wednesday,7,10,22,37,40,116,3,2,1,18.html,20260425_204333
20260129-02,2026-01-29,2026,1,29,Thursday,1,12,23,27,35,98,1,4,1,18.html,20260425_204333
20260129-03,2026-01-29,2026,1,29,Thursday,10,12,40,44,45,151,4,1,2,18.html,20260425_204333
20260130-01,2026-01-30,2026,1,30,Friday,1,11,24,37,38,111,2,3,2,18.html,20260425_204333
20260130-10,2026-01-30,2026,1,30,Friday,2,23,26,27,31,109,2,3,2,17.html,20260425_204333
20260131-08,2026-01-31,2026,1,31,Saturday,16,25,29,30,44,144,3,2,2,17.html,20260425_204333
20260131-09,2026-01-31,2026,1,31,Saturday,11,17,20,24,36,108,3,2,1,17.html,20260425_204333
20260201-06,2026-02-01,2026,2,1,Sunday,5,7,12,15,40,79,2,3,1,17.html,20260425_204332
20260201-07,2026-02-01,2026,2,1,Sunday,3,9,16,37,44,109,2,3,1,17.html,20260425_204332
20260202-04,2026-02-02,2026,2,2,Monday,11,24,35,41,45,156,1,4,1,17.html,20260425_204332
20260202-05,2026-02-02,2026,2,2,Monday,11,25,29,39,42,146,1,4,1,17.html,20260425_204332
20260203-02,2026-02-03,2026,2,3,Tuesday,13,22,34,36,37,142,3,2,2,17.html,20260425_204332
20260203-03,2026-02-03,2026,2,3,Tuesday,3,8,18,26,45,100,3,2,1,17.html,20260425_204332
20260204-01,2026-02-04,2026,2,4,Wednesday,5,9,16,32,40,102,3,2,1,17.html,20260425_204332
20260204-10,2026-02-04,2026,2,4,Wednesday,10,13,31,34,42,130,3,2,1,16.html,20260425_204332
20260205-08,2026-02-05,2026,2,5,Thursday,10,12,19,20,28,89,4,1,2,16.html,20260425_204332
20260205-09,2026-02-05,2026,2,5,Thursday,10,18,20,29,32,109,4,1,1,16.html,20260425_204332
20260206-06,2026-02-06,2026,2,6,Friday,14,18,25,27,39,123,2,3,1,16.html,20260425_204332
20260206-07,2026-02-06,2026,2,6,Friday,6,11,22,40,42,121,4,1,1,16.html,20260425_204332
20260207-04,2026-02-07,2026,2,7,Saturday,6,18,19,23,43,109,2,3,2,16.html,20260425_204332
20260207-05,2026-02-07,2026,2,7,Saturday,5,12,14,24,29,84,3,2,1,16.html,20260425_204332
20260208-02,2026-02-08,2026,2,8,Sunday,12,16,22,31,38,119,4,1,1,16.html,20260425_204332
20260208-03,2026-02-08,2026,2,8,Sunday,2,12,16,29,41,100,3,2,1,16.html,20260425_204332
20260209-01,2026-02-09,2026,2,9,Monday,6,12,20,35,38,111,4,1,1,16.html,20260425_204332
20260209-10,2026-02-09,2026,2,9,Monday,7,16,21,25,37,106,1,4,1,15.html,20260425_204332
20260210-08,2026-02-10,2026,2,10,Tuesday,1,5,7,14,24,51,2,3,1,15.html,20260425_204332
20260210-09,2026-02-10,2026,2,10,Tuesday,2,18,21,31,41,113,2,3,1,15.html,20260425_204332
20260211-06,2026-02-11,2026,2,11,Wednesday,3,16,27,33,44,123,2,3,1,15.html,20260425_204332
20260211-07,2026-02-11,2026,2,11,Wednesday,5,19,27,34,42,127,2,3,1,15.html,20260425_204332
20260212-04,2026-02-12,2026,2,12,Thursday,2,12,18,24,34,90,5,0,1,15.html,20260425_204332
20260212-05,2026-02-12,2026,2,12,Thursday,7,12,20,33,38,110,3,2,1,15.html,20260425_204332
20260213-02,2026-02-13,2026,2,13,Friday,12,16,21,29,44,122,3,2,1,15.html,20260425_204332
20260213-03,2026-02-13,2026,2,13,Friday,1,17,19,20,21,78,1,4,3,15.html,20260425_204332
20260214-01,2026-02-14,2026,2,14,Saturday,4,10,20,32,35,101,4,1,1,15.html,20260425_204332
20260214-10,2026-02-14,2026,2,14,Saturday,3,10,15,23,40,91,2,3,1,14.html,20260425_204332
20260215-08,2026-02-15,2026,2,15,Sunday,7,14,23,39,43,126,1,4,1,14.html,20260425_204332
20260215-09,2026-02-15,2026,2,15,Sunday,4,5,12,33,42,96,3,2,2,14.html,20260425_204332
20260216-06,2026-02-16,2026,2,16,Monday,2,16,19,25,43,105,2,3,1,14.html,20260425_204332
20260216-07,2026-02-16,2026,2,16,Monday,5,9,18,20,43,95,2,3,1,14.html,20260425_204332
20260217-04,2026-02-17,2026,2,17,Tuesday,1,21,22,27,31,102,1,4,2,14.html,20260425_204332
20260217-05,2026-02-17,2026,2,17,Tuesday,6,16,30,34,44,130,5,0,1,14.html,20260425_204332
20260218-02,2026-02-18,2026,2,18,Wednesday,11,18,21,28,45,123,2,3,1,14.html,20260425_204332
20260218-03,2026-02-18,2026,2,18,Wednesday,13,21,34,37,40,145,2,3,1,14.html,20260425_204332
20260219-01,2026-02-19,2026,2,19,Thursday,2,24,25,27,36,114,3,2,2,14.html,20260425_204332
20260219-10,2026-02-19,2026,2,19,Thursday,15,16,28,29,31,119,2,3,2,13.html,20260425_204332
20260220-08,2026-02-20,2026,2,20,Friday,1,6,28,39,42,116,3,2,1,13.html,20260425_204332
20260220-09,2026-02-20,2026,2,20,Friday,16,23,26,35,42,142,3,2,1,13.html,20260425_204332
20260221-06,2026-02-21,2026,2,21,Saturday,2,15,28,31,43,119,2,3,1,13.html,20260425_204332
20260221-07,2026-02-21,2026,2,21,Saturday,9,10,20,21,23,83,2,3,2,13.html,20260425_204332
20260222-04,2026-02-22,2026,2,22,Sunday,10,24,32,33,36,135,4,1,2,13.html,20260425_204332
20260222-05,2026-02-22,2026,2,22,Sunday,9,10,19,22,23,83,2,3,2,13.html,20260425_204332
20260223-02,2026-02-23,2026,2,23,Monday,13,15,17,19,24,88,1,4,1,13.html,20260425_204332
20260223-03,2026-02-23,2026,2,23,Monday,8,10,20,42,45,125,4,1,1,13.html,20260425_204332
20260224-01,2026-02-24,2026,2,24,Tuesday,8,19,20,31,41,119,2,3,2,13.html,20260425_204332
20260224-10,2026-02-24,2026,2,24,Tuesday,5,11,18,23,44,101,2,3,1,12.html,20260425_204332
20260225-08,2026-02-25,2026,2,25,Wednesday,2,10,11,27,28,78,3,2,2,12.html,20260425_204332
20260225-09,2026-02-25,2026,2,25,Wednesday,7,10,22,32,38,109,4,1,1,12.html,20260425_204332
20260226-06,2026-02-26,2026,2,26,Thursday,16,22,26,30,35,129,4,1,1,12.html,20260425_204332
20260226-07,2026-02-26,2026,2,26,Thursday,4,19,26,27,45,121,2,3,2,12.html,20260425_204332
20260227-04,2026-02-27,2026,2,27,Friday,8,13,20,26,33,100,3,2,1,12.html,20260425_204332
20260227-05,2026-02-27,2026,2,27,Friday,4,13,17,40,41,115,2,3,2,12.html,20260425_204332
20260228-02,2026-02-28,2026,2,28,Saturday,9,13,20,30,38,110,3,2,1,12.html,20260425_204332
20260228-03,2026-02-28,2026,2,28,Saturday,2,16,26,39,44,127,4,1,1,12.html,20260425_204332
20260301-01,2026-03-01,2026,3,1,Sunday,10,21,29,30,45,135,2,3,2,12.html,20260425_204332
20260301-10,2026-03-01,2026,3,1,Sunday,7,16,27,31,37,118,1,4,1,11.html,20260425_204332
20260302-08,2026-03-02,2026,3,2,Monday,1,22,37,39,45,144,1,4,1,11.html,20260425_204332
20260302-09,2026-03-02,2026,3,2,Monday,13,17,18,25,44,117,2,3,2,11.html,20260425_204332
20260303-06,2026-03-03,2026,3,3,Tuesday,19,24,28,36,42,149,4,1,1,11.html,20260425_204332
20260303-07,2026-03-03,2026,3,3,Tuesday,6,13,20,21,45,105,2,3,2,11.html,20260425_204332
20260304-04,2026-03-04,2026,3,4,Wednesday,6,11,13,22,37,89,2,3,1,11.html,20260425_204332
20260304-05,2026-03-04,2026,3,4,Wednesday,2,5,14,17,39,77,2,3,1,11.html,20260425_204332
20260305-02,2026-03-05,2026,3,5,Thursday,10,15,22,35,44,126,3,2,1,11.html,20260425_204332
20260305-03,2026-03-05,2026,3,5,Thursday,10,24,29,42,43,148,3,2,2,11.html,20260425_204332
20260306-01,2026-03-06,2026,3,6,Friday,2,12,19,27,30,90,3,2,1,11.html,20260425_204332
20260306-10,2026-03-06,2026,3,6,Friday,13,18,28,34,40,133,4,1,1,10.html,20260425_204331
20260307-08,2026-03-07,2026,3,7,Saturday,14,15,22,28,42,121,4,1,2,10.html,20260425_204331
20260307-09,2026-03-07,2026,3,7,Saturday,5,8,35,40,44,132,3,2,1,10.html,20260425_204331
20260308-06,2026-03-08,2026,3,8,Sunday,6,22,25,31,45,129,2,3,1,10.html,20260425_204331
20260308-07,2026-03-08,2026,3,8,Sunday,8,12,14,17,21,72,3,2,1,10.html,20260425_204331
20260309-04,2026-03-09,2026,3,9,Monday,8,11,18,22,44,103,4,1,1,10.html,20260425_204331
20260309-05,2026-03-09,2026,3,9,Monday,1,24,31,38,41,135,2,3,1,10.html,20260425_204331
20260310-02,2026-03-10,2026,3,10,Tuesday,16,21,28,37,42,144,3,2,1,10.html,20260425_204331
20260310-03,2026-03-10,2026,3,10,Tuesday,16,18,20,27,38,119,4,1,1,10.html,20260425_204331
20260311-01,2026-03-11,2026,3,11,Wednesday,4,10,31,35,36,116,3,2,2,10.html,20260425_204331
20260311-10,2026-03-11,2026,3,11,Wednesday,2,8,30,32,33,105,4,1,2,9.html,20260425_204339
20260312-08,2026-03-12,2026,3,12,Thursday,3,12,13,32,39,99,2,3,2,9.html,20260425_204339
20260312-09,2026-03-12,2026,3,12,Thursday,16,23,34,36,42,151,4,1,1,9.html,20260425_204339
20260313-06,2026-03-13,2026,3,13,Friday,8,11,15,23,37,94,1,4,1,9.html,20260425_204339
20260313-07,2026-03-13,2026,3,13,Friday,10,13,14,27,42,106,3,2,2,9.html,20260425_204339
20260314-04,2026-03-14,2026,3,14,Saturday,2,27,31,42,44,146,3,2,1,9.html,20260425_204338
20260314-05,2026-03-14,2026,3,14,Saturday,11,15,17,26,44,113,2,3,1,9.html,20260425_204339
20260315-02,2026-03-15,2026,3,15,Sunday,19,32,37,41,44,173,2,3,1,9.html,20260425_204338
20260315-03,2026-03-15,2026,3,15,Sunday,5,9,34,41,43,132,1,4,1,9.html,20260425_204338
20260316-01,2026-03-16,2026,3,16,Monday,6,11,12,17,37,83,2,3,2,9.html,20260425_204338
20260316-10,2026-03-16,2026,3,16,Monday,19,21,23,26,34,123,2,3,1,8.html,20260425_204338
20260317-08,2026-03-17,2026,3,17,Tuesday,10,19,22,23,30,104,3,2,2,8.html,20260425_204338
20260317-09,2026-03-17,2026,3,17,Tuesday,11,15,23,26,36,111,2,3,1,8.html,20260425_204338
20260318-06,2026-03-18,2026,3,18,Wednesday,6,12,17,28,30,93,4,1,1,8.html,20260425_204338
20260318-07,2026-03-18,2026,3,18,Wednesday,8,24,28,38,39,137,4,1,2,8.html,20260425_204338
20260319-04,2026-03-19,2026,3,19,Thursday,11,18,29,37,45,140,1,4,1,8.html,20260425_204338
20260319-05,2026-03-19,2026,3,19,Thursday,3,4,17,37,40,101,2,3,2,8.html,20260425_204338
20260320-02,2026-03-20,2026,3,20,Friday,17,22,25,31,40,135,2,3,1,8.html,20260425_204338
20260320-03,2026-03-20,2026,3,20,Friday,3,11,15,31,40,100,1,4,1,8.html,20260425_204338
20260321-01,2026-03-21,2026,3,21,Saturday,31,34,35,38,39,177,2,3,2,8.html,20260425_204338
20260321-10,2026-03-21,2026,3,21,Saturday,2,3,24,29,33,91,2,3,2,7.html,20260425_204338
20260322-08,2026-03-22,2026,3,22,Sunday,4,33,35,38,44,154,3,2,1,7.html,20260425_204338
20260322-09,2026-03-22,2026,3,22,Sunday,5,6,17,20,31,79,2,3,2,7.html,20260425_204338
20260323-06,2026-03-23,2026,3,23,Monday,2,4,12,37,42,97,4,1,1,7.html,20260425_204338
20260323-07,2026-03-23,2026,3,23,Monday,4,11,26,33,35,109,2,3,1,7.html,20260425_204338
20260324-04,2026-03-24,2026,3,24,Tuesday,2,7,34,41,43,127,2,3,1,7.html,20260425_204338
20260324-05,2026-03-24,2026,3,24,Tuesday,11,17,37,38,45,148,1,4,2,7.html,20260425_204338
20260325-02,2026-03-25,2026,3,25,Wednesday,1,7,15,32,34,89,2,3,1,7.html,20260425_204338
20260325-03,2026-03-25,2026,3,25,Wednesday,7,24,26,35,42,134,3,2,1,7.html,20260425_204338
20260326-01,2026-03-26,2026,3,26,Thursday,5,8,9,14,36,72,3,2,2,7.html,20260425_204338
20260326-10,2026-03-26,2026,3,26,Thursday,9,20,35,41,45,150,1,4,1,6.html,20260425_204338
20260327-08,2026-03-27,2026,3,27,Friday,5,14,28,31,33,111,2,3,1,6.html,20260425_204338
20260327-09,2026-03-27,2026,3,27,Friday,10,12,18,29,45,114,3,2,1,6.html,20260425_204338
20260328-06,2026-03-28,2026,3,28,Saturday,6,14,25,26,36,107,4,1,2,6.html,20260425_204338
20260328-07,2026-03-28,2026,3,28,Saturday,4,10,11,28,42,95,4,1,2,6.html,20260425_204338
20260329-04,2026-03-29,2026,3,29,Sunday,8,32,39,40,44,163,4,1,2,6.html,20260425_204338
20260329-05,2026-03-29,2026,3,29,Sunday,3,19,24,29,43,118,1,4,1,6.html,20260425_204338
20260330-02,2026-03-30,2026,3,30,Monday,2,7,16,41,45,111,2,3,1,6.html,20260425_204338
20260330-03,2026-03-30,2026,3,30,Monday,1,2,3,31,33,70,1,4,3,6.html,20260425_204338
20260331-01,2026-03-31,2026,3,31,Tuesday,2,6,16,21,25,70,3,2,1,6.html,20260425_204338
20260331-10,2026-03-31,2026,3,31,Tuesday,18,20,27,28,32,125,4,1,2,5.html,20260425_204338
20260401-08,2026-04-01,2026,4,1,Wednesday,7,12,14,20,36,89,4,1,1,5.html,20260425_204338
20260401-09,2026-04-01,2026,4,1,Wednesday,6,25,31,35,44,141,2,3,1,5.html,20260425_204338
20260402-06,2026-04-02,2026,4,2,Thursday,15,38,39,40,42,174,3,2,3,5.html,20260425_204338
20260402-07,2026-04-02,2026,4,2,Thursday,3,6,15,18,42,84,3,2,1,5.html,20260425_204338
20260403-04,2026-04-03,2026,4,3,Friday,12,13,15,20,22,82,3,2,2,5.html,20260425_204338
20260403-05,2026-04-03,2026,4,3,Friday,15,20,23,25,45,128,1,4,1,5.html,20260425_204338
20260404-02,2026-04-04,2026,4,4,Saturday,2,3,22,28,42,97,4,1,2,5.html,20260425_204338
20260404-03,2026-04-04,2026,4,4,Saturday,9,12,31,33,36,121,2,3,1,5.html,20260425_204338
20260405-01,2026-04-05,2026,4,5,Sunday,5,11,25,27,44,112,1,4,1,5.html,20260425_204338
20260405-10,2026-04-05,2026,4,5,Sunday,13,22,27,43,44,149,2,3,2,4.html,20260425_204336
20260406-08,2026-04-06,2026,4,6,Monday,11,18,21,30,42,122,3,2,1,4.html,20260425_204336
20260406-09,2026-04-06,2026,4,6,Monday,1,22,23,25,29,100,1,4,2,4.html,20260425_204336
20260407-06,2026-04-07,2026,4,7,Tuesday,9,13,31,33,34,120,1,4,2,4.html,20260425_204336
20260407-07,2026-04-07,2026,4,7,Tuesday,4,25,29,33,34,125,2,3,2,4.html,20260425_204336
20260408-04,2026-04-08,2026,4,8,Wednesday,6,14,20,32,35,107,4,1,1,4.html,20260425_204336
20260408-05,2026-04-08,2026,4,8,Wednesday,3,9,15,34,35,96,1,4,2,4.html,20260425_204336
20260409-02,2026-04-09,2026,4,9,Thursday,6,13,35,39,44,137,2,3,1,4.html,20260425_204336
20260409-03,2026-04-09,2026,4,9,Thursday,5,23,26,28,43,125,2,3,1,4.html,20260425_204336
20260410-01,2026-04-10,2026,4,10,Friday,4,9,22,24,42,101,4,1,1,4.html,20260425_204336
20260410-10,2026-04-10,2026,4,10,Friday,6,33,37,38,41,155,2,3,2,3.html,20260425_204335
20260411-08,2026-04-11,2026,4,11,Saturday,5,12,19,28,43,107,2,3,1,3.html,20260425_204335
20260411-09,2026-04-11,2026,4,11,Saturday,11,18,22,36,37,124,3,2,2,3.html,20260425_204335
20260412-06,2026-04-12,2026,4,12,Sunday,6,10,34,42,44,136,5,0,1,3.html,20260425_204335
20260412-07,2026-04-12,2026,4,12,Sunday,8,24,33,34,39,138,3,2,2,3.html,20260425_204335
20260413-04,2026-04-13,2026,4,13,Monday,3,8,20,25,44,100,3,2,1,3.html,20260425_204335
20260413-05,2026-04-13,2026,4,13,Monday,4,37,38,39,40,158,3,2,4,3.html,20260425_204335
20260414-02,2026-04-14,2026,4,14,Tuesday,7,13,29,38,44,131,2,3,1,3.html,20260425_204334
20260414-03,2026-04-14,2026,4,14,Tuesday,12,15,18,19,22,86,3,2,2,3.html,20260425_204335
20260415-01,2026-04-15,2026,4,15,Wednesday,11,12,18,35,39,115,2,3,2,3.html,20260425_204334
20260415-10,2026-04-15,2026,4,15,Wednesday,6,11,12,39,40,108,3,2,2,2.html,20260425_204333
20260416-08,2026-04-16,2026,4,16,Thursday,7,16,29,31,35,118,1,4,1,2.html,20260425_204333
20260416-09,2026-04-16,2026,4,16,Thursday,4,6,16,25,33,84,3,2,1,2.html,20260425_204333
20260417-06,2026-04-17,2026,4,17,Friday,7,9,28,32,42,118,3,2,1,2.html,20260425_204333
20260417-07,2026-04-17,2026,4,17,Friday,6,30,36,41,42,155,4,1,2,2.html,20260425_204333
20260418-04,2026-04-18,2026,4,18,Saturday,17,20,22,36,41,136,3,2,1,2.html,20260425_204333
20260418-05,2026-04-18,2026,4,18,Saturday,8,17,29,33,35,122,1,4,1,2.html,20260425_204333
20260419-02,2026-04-19,2026,4,19,Sunday,2,6,29,37,41,115,2,3,1,2.html,20260425_204333
20260419-03,2026-04-19,2026,4,19,Sunday,11,14,19,30,32,106,3,2,1,2.html,20260425_204333
20260420-01,2026-04-20,2026,4,20,Monday,2,7,28,29,38,104,3,2,2,2.html,20260425_204333
20260420-10,2026-04-20,2026,4,20,Monday,1,4,8,39,42,94,3,2,1,1.html,20260425_204331
20260421-08,2026-04-21,2026,4,21,Tuesday,2,7,12,23,35,79,2,3,1,1.html,20260425_204331
20260421-09,2026-04-21,2026,4,21,Tuesday,1,6,11,30,32,80,3,2,1,1.html,20260425_204331
20260422-06,2026-04-22,2026,4,22,Wednesday,4,10,13,35,39,101,2,3,1,1.html,20260425_204331
20260422-07,2026-04-22,2026,4,22,Wednesday,15,23,26,32,45,141,2,3,1,1.html,20260425_204331
20260423-04,2026-04-23,2026,4,23,Thursday,10,13,16,18,30,87,4,1,1,1.html,20260425_204331
20260423-05,2026-04-23,2026,4,23,Thursday,6,26,29,37,43,141,2,3,1,1.html,20260425_204331
20260424-02,2026-04-24,2026,4,24,Friday,15,19,29,31,43,137,0,5,1,1.html,20260425_204331
20260424-03,2026-04-24,2026,4,24,Friday,6,11,26,31,42,116,3,2,1,1.html,20260425_204331
20260425-01,2026-04-25,2026,4,25,Saturday,3,15,18,35,44,115,2,3,1,1.html,20260425_204331
